NOMBRE;NUMEROCAMISETA;POSICION;NACIONALIDAD;EDAD;NOMBREEQUIPO;PIERNAHABIL;ALTURA;GOLES;PARTIDOSJUGADOS;ASISTENCIAS;REGATES;PORTERIASACERO;PARADAS;GOLESENCAJADOS;VALORDEMERCADO
Marc-André ter Stegen;1;PORTERO;Alemania;32;FC Barcelona;DERECHA;187;0;38;0;0;18;105;28;35.0
Ronald Araujo;4;DEFENSA;Uruguay;25;FC Barcelona;DERECHA;188;1;30;1;15;0;0;0;70.0
Pedri;8;CENTROCAMPISTA;España;22;FC Barcelona;DERECHA;174;4;29;6;45;0;0;0;80.0
Robert Lewandowski;9;DELANTERO;Polonia;36;FC Barcelona;DERECHA;185;25;36;8;12;0;0;0;45.0
Jules Koundé;23;DEFENSA;Francia;26;FC Barcelona;DERECHA;180;2;34;4;20;0;0;0;60.0
Iñaki Peña;13;PORTERO;España;25;FC Barcelona;DERECHA;184;0;8;0;0;2;25;10;8.0
Héctor Fort;39;DEFENSA;España;18;FC Barcelona;DERECHA;180;0;5;1;5;0;0;0;10.0
Fermín López;32;CENTROCAMPISTA;España;21;FC Barcelona;IZQUIERDA;176;3;19;2;18;0;0;0;25.0
Ferran Torres;7;DELANTERO;España;24;FC Barcelona;DERECHA;184;10;32;5;25;0;0;0;35.0
João Félix;14;DELANTERO;Portugal;25;FC Barcelona;DERECHA;181;8;30;3;40;0;0;0;40.0
Gavi;6;CENTROCAMPISTA;España;20;FC Barcelona;DERECHA;173;2;28;4;35;0;0;0;75.0
Andreas Christensen;15;DEFENSA;Dinamarca;28;FC Barcelona;DERECHA;187;0;25;0;5;0;0;0;40.0
Frenkie de Jong;21;CENTROCAMPISTA;Países Bajos;27;FC Barcelona;DERECHA;181;2;28;3;30;0;0;0;70.0
Raphinha;11;DELANTERO;Brasil;28;FC Barcelona;IZQUIERDA;176;7;31;9;55;0;0;0;50.0
Alejandro Balde;3;DEFENSA;España;21;FC Barcelona;IZQUIERDA;175;1;28;4;40;0;0;0;50.0
Vitor Roque;19;DELANTERO;Brasil;19;FC Barcelona;DERECHA;172;2;10;0;5;0;0;0;30.0
Oriol Romeu;18;CENTROCAMPISTA;España;33;FC Barcelona;DERECHA;183;1;20;0;5;0;0;0;5.0
Sergi Roberto;20;DEFENSA;España;32;FC Barcelona;DERECHA;178;1;15;2;10;0;0;0;4.0
Lamine Yamal;27;DELANTERO;España;17;FC Barcelona;IZQUIERDA;181;5;35;8;75;0;0;0;90.0
Marcos Alonso;17;DEFENSA;España;33;FC Barcelona;IZQUIERDA;188;0;12;1;3;0;0;0;3.0
Thibaut Courtois;1;PORTERO;Bélgica;32;Real Madrid;IZQUIERDA;200;0;25;0;0;10;85;18;40.0
Dani Carvajal;2;DEFENSA;España;32;Real Madrid;DERECHA;173;1;35;5;20;0;0;0;12.0
Jude Bellingham;5;CENTROCAMPISTA;Inglaterra;21;Real Madrid;DERECHA;186;18;39;10;60;0;0;0;180.0
Vinícius Júnior;7;DELANTERO;Brasil;24;Real Madrid;DERECHA;176;22;41;15;110;0;0;0;150.0
Éder Militão;3;DEFENSA;Brasil;26;Real Madrid;DERECHA;186;0;28;2;8;0;0;0;50.0
Andriy Lunin;13;PORTERO;Ucrania;25;Real Madrid;DERECHA;191;0;18;0;0;7;60;15;25.0
David Alaba;4;DEFENSA;Austria;32;Real Madrid;IZQUIERDA;180;1;20;3;10;0;0;0;30.0
Eduardo Camavinga;12;CENTROCAMPISTA;Francia;22;Real Madrid;IZQUIERDA;182;1;35;4;45;0;0;0;100.0
Rodrygo;11;DELANTERO;Brasil;23;Real Madrid;DERECHA;171;15;40;7;85;0;0;0;100.0
Joselu;14;DELANTERO;España;34;Real Madrid;DERECHA;192;10;30;3;2;0;0;0;5.0
Luka Modrić;10;CENTROCAMPISTA;Croacia;39;Real Madrid;DERECHA;172;2;30;8;20;0;0;0;8.0
Antonio Rüdiger;22;DEFENSA;Alemania;31;Real Madrid;DERECHA;190;2;38;0;5;0;0;0;40.0
Fede Valverde;15;CENTROCAMPISTA;Uruguay;26;Real Madrid;DERECHA;182;5;42;7;50;0;0;0;100.0
Kylian Mbappé;9;DELANTERO;Francia;25;Real Madrid;DERECHA;178;30;35;12;100;0;0;0;200.0
Ferland Mendy;23;DEFENSA;Francia;29;Real Madrid;IZQUIERDA;180;0;25;3;30;0;0;0;25.0
Endrick;16;DELANTERO;Brasil;18;Real Madrid;IZQUIERDA;173;1;5;0;5;0;0;0;20.0
Aurélien Tchouaméni;18;CENTROCAMPISTA;Francia;24;Real Madrid;DERECHA;187;3;33;2;15;0;0;0;90.0
Nacho Fernández;6;DEFENSA;España;34;Real Madrid;DERECHA;180;1;20;0;5;0;0;0;4.0
Brahim Díaz;21;DELANTERO;España;25;Real Madrid;DERECHA;171;8;30;4;40;0;0;0;25.0
Arda Güler;24;CENTROCAMPISTA;Turquía;19;Real Madrid;IZQUIERDA;176;3;10;1;15;0;0;0;20.0
Jan Oblak;13;PORTERO;Eslovenia;31;Atlético de Madrid;DERECHA;188;0;35;0;0;15;98;28;35.0
Nahuel Molina;16;DEFENSA;Argentina;26;Atlético de Madrid;DERECHA;175;4;32;6;25;0;0;0;35.0
Koke;6;CENTROCAMPISTA;España;32;Atlético de Madrid;DERECHA;177;2;30;7;15;0;0;0;15.0
Antoine Griezmann;7;DELANTERO;Francia;33;Atlético de Madrid;IZQUIERDA;176;18;40;10;50;0;0;0;40.0
José María Giménez;2;DEFENSA;Uruguay;29;Atlético de Madrid;DERECHA;185;1;25;0;5;0;0;0;30.0
Horatiu Moldovan;1;PORTERO;Rumanía;26;Atlético de Madrid;DERECHA;188;0;3;0;0;1;10;5;5.0
Stefan Savić;15;DEFENSA;Montenegro;33;Atlético de Madrid;DERECHA;187;0;22;0;2;0;0;0;8.0
Pablo Barrios;24;CENTROCAMPISTA;España;21;Atlético de Madrid;DERECHA;181;1;25;3;20;0;0;0;30.0
Álvaro Morata;19;DELANTERO;España;32;Atlético de Madrid;DERECHA;189;15;35;4;10;0;0;0;20.0
Memphis Depay;9;DELANTERO;Países Bajos;30;Atlético de Madrid;DERECHA;176;5;15;2;25;0;0;0;15.0
Rodrigo De Paul;5;CENTROCAMPISTA;Argentina;30;Atlético de Madrid;DERECHA;178;3;34;5;35;0;0;0;30.0
Reinildo Mandava;23;DEFENSA;Mozambique;30;Atlético de Madrid;IZQUIERDA;180;0;20;1;10;0;0;0;15.0
Axel Witsel;20;CENTROCAMPISTA;Bélgica;35;Atlético de Madrid;DERECHA;186;0;30;1;5;0;0;0;5.0
Samuel Lino;12;DELANTERO;Brasil;25;Atlético de Madrid;DERECHA;178;6;30;5;40;0;0;0;25.0
Mario Hermoso;22;DEFENSA;España;29;Atlético de Madrid;IZQUIERDA;184;2;30;1;10;0;0;0;20.0
Ángel Correa;10;DELANTERO;Argentina;29;Atlético de Madrid;DERECHA;171;9;38;5;30;0;0;0;18.0
Saúl Ñíguez;8;CENTROCAMPISTA;España;33;Atlético de Madrid;IZQUIERDA;184;1;25;2;15;0;0;0;10.0
César Azpilicueta;3;DEFENSA;España;35;Atlético de Madrid;DERECHA;178;0;20;2;5;0;0;0;4.0
Marcos Llorente;14;CENTROCAMPISTA;España;29;Atlético de Madrid;DERECHA;184;6;36;8;40;0;0;0;25.0
Thomas Lemar;11;CENTROCAMPISTA;Francia;29;Atlético de Madrid;IZQUIERDA;170;1;15;3;20;0;0;0;10.0
Marko Dmitrović;1;PORTERO;Serbia;32;Sevilla FC;DERECHA;190;0;15;0;0;4;45;20;2.0
Sergio Ramos;4;DEFENSA;España;38;Sevilla FC;DERECHA;184;3;28;0;5;0;0;0;4.0
Jesús Navas;16;CENTROCAMPISTA;España;39;Sevilla FC;DERECHA;172;1;30;7;25;0;0;0;3.0
Youssef En-Nesyri;15;DELANTERO;Marruecos;27;Sevilla FC;DERECHA;188;14;35;2;8;0;0;0;20.0
Loïc Badé;22;DEFENSA;Francia;24;Sevilla FC;DERECHA;191;1;25;0;3;0;0;0;15.0
Alberto Flores;31;PORTERO;España;21;Sevilla FC;DERECHA;188;0;2;0;0;0;0;2;0.5
Tanguy Nianzou;3;DEFENSA;Francia;22;Sevilla FC;DERECHA;187;0;10;0;1;0;0;0;10.0
Oliver Torres;21;CENTROCAMPISTA;España;30;Sevilla FC;IZQUIERDA;178;1;25;4;20;0;0;0;8.0
Rafa Mir;12;DELANTERO;España;27;Sevilla FC;DERECHA;191;4;20;1;5;0;0;0;10.0
Dodi Lukebakio;19;DELANTERO;Bélgica;27;Sevilla FC;DERECHA;187;5;25;3;35;0;0;0;12.0
Joan Jordán;8;CENTROCAMPISTA;España;30;Sevilla FC;DERECHA;184;0;20;2;10;0;0;0;6.0
Marcos Acuña;17;DEFENSA;Argentina;33;Sevilla FC;IZQUIERDA;172;1;22;4;25;0;0;0;8.0
Lucas Ocampos;5;CENTROCAMPISTA;Argentina;30;Sevilla FC;DERECHA;187;6;30;4;30;0;0;0;12.0
Erik Lamela;11;DELANTERO;Argentina;32;Sevilla FC;IZQUIERDA;181;3;18;2;20;0;0;0;5.0
Nemanja Gudelj;6;DEFENSA;Serbia;33;Sevilla FC;DERECHA;187;2;30;1;5;0;0;0;5.0
Alejo Véliz;20;DELANTERO;Argentina;21;Sevilla FC;DERECHA;185;1;5;0;3;0;0;0;7.0
Héctor Herrera;14;CENTROCAMPISTA;México;34;Sevilla FC;DERECHA;175;0;10;1;5;0;0;0;2.0
Federico Gattoni;2;DEFENSA;Argentina;25;Sevilla FC;DERECHA;185;0;8;0;2;0;0;0;5.0
Suso;7;DELANTERO;España;31;Sevilla FC;IZQUIERDA;178;2;25;5;35;0;0;0;8.0
Adrià Pedrosa;24;DEFENSA;España;26;Sevilla FC;IZQUIERDA;178;1;20;3;15;0;0;0;8.0
Álex Remiro;1;PORTERO;España;29;Real Sociedad;DERECHA;192;0;38;0;0;14;100;30;25.0
Robin Le Normand;24;DEFENSA;Francia;28;Real Sociedad;DERECHA;187;2;35;0;5;0;0;0;40.0
Brais Méndez;23;CENTROCAMPISTA;España;27;Real Sociedad;IZQUIERDA;188;8;30;7;35;0;0;0;30.0
Mikel Oyarzabal;10;DELANTERO;España;27;Real Sociedad;IZQUIERDA;181;14;33;5;30;0;0;0;45.0
Hamari Traoré;2;DEFENSA;Mali;32;Real Sociedad;DERECHA;175;1;30;4;20;0;0;0;8.0
Unai Marrero;13;PORTERO;España;23;Real Sociedad;DERECHA;187;0;5;0;0;1;15;5;2.0
Kieran Tierney;17;DEFENSA;Escocia;27;Real Sociedad;IZQUIERDA;178;0;15;2;15;0;0;0;18.0
Martín Zubimendi;4;CENTROCAMPISTA;España;25;Real Sociedad;DERECHA;181;4;38;2;20;0;0;0;60.0
André Silva;21;DELANTERO;Portugal;29;Real Sociedad;DERECHA;185;5;20;2;5;0;0;0;15.0
Takefusa Kubo;14;DELANTERO;Japón;23;Real Sociedad;IZQUIERDA;173;7;35;6;65;0;0;0;50.0
Arsen Zakharyan;12;CENTROCAMPISTA;Rusia;21;Real Sociedad;DERECHA;181;1;25;3;25;0;0;0;15.0
Igor Zubeldia;5;DEFENSA;España;27;Real Sociedad;DERECHA;181;1;30;0;5;0;0;0;20.0
Mikel Merino;8;CENTROCAMPISTA;España;28;Real Sociedad;DERECHA;189;5;35;8;30;0;0;0;50.0
Sadiq Umar;19;DELANTERO;Nigeria;27;Real Sociedad;IZQUIERDA;192;3;10;1;10;0;0;0;15.0
Jon Pacheco;20;DEFENSA;España;23;Real Sociedad;IZQUIERDA;184;0;15;0;3;0;0;0;10.0
Sheraldo Becker;18;DELANTERO;Surinam;29;Real Sociedad;DERECHA;180;2;15;1;20;0;0;0;10.0
Beñat Turrientes;16;CENTROCAMPISTA;España;22;Real Sociedad;DERECHA;178;0;20;1;10;0;0;0;10.0
Aritz Elustondo;3;DEFENSA;España;30;Real Sociedad;DERECHA;182;1;28;1;5;0;0;0;15.0
Carlos Fernández;9;DELANTERO;España;28;Real Sociedad;DERECHA;185;1;10;0;3;0;0;0;5.0
Javi Galán;25;DEFENSA;España;30;Real Sociedad;IZQUIERDA;169;0;20;3;25;0;0;0;8.0
Rui Silva;13;PORTERO;Portugal;30;Real Betis;DERECHA;188;0;25;0;0;8;70;28;10.0
Germán Pezzella;6;DEFENSA;Argentina;33;Real Betis;DERECHA;187;1;30;0;3;0;0;0;5.0
Isco;22;CENTROCAMPISTA;España;32;Real Betis;DERECHA;176;8;35;7;55;0;0;0;8.0
Willian José;12;DELANTERO;Brasil;33;Real Betis;DERECHA;186;10;32;2;10;0;0;0;7.0
Héctor Bellerín;2;DEFENSA;España;29;Real Betis;DERECHA;178;0;25;3;20;0;0;0;10.0
Claudio Bravo;1;PORTERO;Chile;41;Real Betis;DERECHA;184;0;10;0;0;2;25;10;0.5
Marc Bartra;5;DEFENSA;España;33;Real Betis;DERECHA;183;1;15;0;3;0;0;0;3.0
Guido Rodríguez;5;CENTROCAMPISTA;Argentina;30;Real Betis;DERECHA;185;1;30;1;5;0;0;0;20.0
Ayoze Pérez;10;DELANTERO;España;31;Real Betis;DERECHA;178;7;35;5;35;0;0;0;12.0
Assane Diao;38;DELANTERO;España;19;Real Betis;DERECHA;187;4;20;1;20;0;0;0;15.0
Johnny Cardoso;4;CENTROCAMPISTA;EE. UU.;23;Real Betis;DERECHA;186;0;25;1;10;0;0;0;15.0
Chadi Riad;28;DEFENSA;Marruecos;21;Real Betis;IZQUIERDA;186;0;28;0;5;0;0;0;15.0
Nabil Fekir;8;CENTROCAMPISTA;Francia;31;Real Betis;IZQUIERDA;173;3;20;4;40;0;0;0;12.0
Cédric Bakambu;11;DELANTERO;RD Congo;33;Real Betis;DERECHA;183;2;10;0;3;0;0;0;4.0
Youssouf Sabaly;24;DEFENSA;Senegal;31;Real Betis;DERECHA;176;0;18;1;10;0;0;0;5.0
Abner Vinícius;20;DEFENSA;Brasil;24;Real Betis;IZQUIERDA;181;1;25;3;25;0;0;0;12.0
Marc Roca;15;CENTROCAMPISTA;España;27;Real Betis;IZQUIERDA;184;2;30;3;15;0;0;0;10.0
Aitor Ruibal;24;DEFENSA;España;28;Real Betis;DERECHA;176;1;28;4;25;0;0;0;8.0
Ez Abde;7;DELANTERO;Marruecos;23;Real Betis;DERECHA;177;5;28;4;45;0;0;0;15.0
Rodri Sánchez;17;CENTROCAMPISTA;España;24;Real Betis;IZQUIERDA;168;1;20;3;25;0;0;0;8.0
Filip Jörgensen;13;PORTERO;Suecia;22;Villarreal CF;DERECHA;190;0;30;0;0;8;85;40;15.0
Raúl Albiol;3;DEFENSA;España;39;Villarreal CF;DERECHA;190;1;25;0;2;0;0;0;2.0
Dani Parejo;10;CENTROCAMPISTA;España;35;Villarreal CF;DERECHA;180;3;35;9;15;0;0;0;5.0
Gerard Moreno;7;DELANTERO;España;32;Villarreal CF;IZQUIERDA;180;15;30;5;20;0;0;0;15.0
Juan Foyth;8;DEFENSA;Argentina;26;Villarreal CF;DERECHA;187;1;20;2;10;0;0;0;15.0
Pepe Reina;1;PORTERO;España;42;Villarreal CF;DERECHA;188;0;8;0;0;1;15;10;0.5
Aïssa Mandi;23;DEFENSA;Argelia;33;Villarreal CF;DERECHA;180;0;15;0;3;0;0;0;3.0
Álex Baena;16;CENTROCAMPISTA;España;23;Villarreal CF;DERECHA;174;5;35;10;50;0;0;0;30.0
Alexander Sørloth;11;DELANTERO;Noruega;29;Villarreal CF;IZQUIERDA;194;12;30;4;5;0;0;0;20.0
Gonçalo Guedes;17;DELANTERO;Portugal;28;Villarreal CF;DERECHA;179;4;18;2;30;0;0;0;10.0
Étienne Capoue;22;CENTROCAMPISTA;Francia;36;Villarreal CF;DERECHA;189;1;25;1;5;0;0;0;2.0
Jorge Cuenca;5;DEFENSA;España;25;Villarreal CF;IZQUIERDA;189;0;20;0;3;0;0;0;10.0
Francis Coquelin;19;CENTROCAMPISTA;Francia;33;Villarreal CF;DERECHA;178;0;15;0;3;0;0;0;3.0
José Luis Morales;15;DELANTERO;España;37;Villarreal CF;IZQUIERDA;181;5;28;3;25;0;0;0;2.0
Alfonso Pedraza;24;DEFENSA;España;28;Villarreal CF;IZQUIERDA;184;1;25;3;20;0;0;0;8.0
Bertrand Traoré;26;DELANTERO;Burkina Faso;29;Villarreal CF;IZQUIERDA;181;1;10;0;10;0;0;0;5.0
Manu Trigueros;14;CENTROCAMPISTA;España;32;Villarreal CF;DERECHA;178;0;15;2;10;0;0;0;3.0
Kiko Femenía;2;DEFENSA;España;33;Villarreal CF;DERECHA;176;0;20;1;5;0;0;0;3.0
Yéremy Pino;21;DELANTERO;España;22;Villarreal CF;DERECHA;172;3;20;3;35;0;0;0;25.0
Dani Raba;18;DELANTERO;España;29;Villarreal CF;IZQUIERDA;181;1;10;1;5;0;0;0;2.0
Unai Simón;26;PORTERO;España;27;Athletic Club;DERECHA;190;0;38;0;0;17;102;30;30.0
Yeray Álvarez;5;DEFENSA;España;29;Athletic Club;DERECHA;183;1;25;0;3;0;0;0;20.0
Oihan Sancet;8;CENTROCAMPISTA;España;24;Athletic Club;DERECHA;188;6;35;4;30;0;0;0;35.0
Iñaki Williams;11;DELANTERO;Ghana;30;Athletic Club;DERECHA;186;12;38;5;45;0;0;0;25.0
Aitor Paredes;4;DEFENSA;España;24;Athletic Club;IZQUIERDA;186;0;30;0;5;0;0;0;20.0
Julen Agirrezabala;13;PORTERO;España;23;Athletic Club;DERECHA;185;0;10;0;0;3;30;8;10.0
Daniel Vivian;3;DEFENSA;España;25;Athletic Club;DERECHA;184;2;35;0;5;0;0;0;25.0
Mikel Vesga;6;CENTROCAMPISTA;España;31;Athletic Club;IZQUIERDA;190;1;30;2;10;0;0;0;8.0
Gorka Guruzeta;17;DELANTERO;España;28;Athletic Club;DERECHA;188;8;30;3;10;0;0;0;10.0
Nico Williams;7;DELANTERO;España;22;Athletic Club;DERECHA;181;6;35;12;60;0;0;0;60.0
Dani García;14;CENTROCAMPISTA;España;34;Athletic Club;DERECHA;180;0;20;1;3;0;0;0;3.0
Yuri Berchiche;18;DEFENSA;España;34;Athletic Club;IZQUIERDA;181;1;25;2;15;0;0;0;4.0
Ander Herrera;21;CENTROCAMPISTA;España;35;Athletic Club;DERECHA;182;0;15;1;5;0;0;0;2.0
Asier Villalibre;20;DELANTERO;España;27;Athletic Club;DERECHA;186;4;20;1;5;0;0;0;5.0
Óscar de Marcos;18;DEFENSA;España;35;Athletic Club;DERECHA;182;1;30;3;10;0;0;0;3.0
Raúl García;22;DELANTERO;España;38;Athletic Club;DERECHA;184;2;15;0;2;0;0;0;1.0
Unai Gómez;30;CENTROCAMPISTA;España;21;Athletic Club;DERECHA;177;1;15;1;10;0;0;0;8.0
Iñigo Lekue;15;DEFENSA;España;31;Athletic Club;DERECHA;178;0;20;2;10;0;0;0;4.0
Alex Berenguer;10;DELANTERO;España;29;Athletic Club;IZQUIERDA;175;5;30;4;30;0;0;0;12.0
Jon Morcillo;19;DELANTERO;España;26;Athletic Club;IZQUIERDA;181;1;5;0;3;0;0;0;2.0
Giorgi Mamardashvili;25;PORTERO;Georgia;24;Valencia CF;DERECHA;199;0;38;0;0;12;110;45;35.0
José Gayà;14;DEFENSA;España;29;Valencia CF;IZQUIERDA;172;1;30;6;30;0;0;0;20.0
Pepelu;10;CENTROCAMPISTA;España;26;Valencia CF;DERECHA;180;5;35;4;20;0;0;0;18.0
Hugo Duro;9;DELANTERO;España;25;Valencia CF;DERECHA;180;13;36;3;10;0;0;0;16.0
Cristhian Mosquera;3;DEFENSA;España;20;Valencia CF;DERECHA;188;0;30;0;5;0;0;0;15.0
Jaume Doménech;1;PORTERO;España;34;Valencia CF;DERECHA;185;0;5;0;0;1;10;5;1.0
Mouctar Diakhaby;4;DEFENSA;Guinea;28;Valencia CF;DERECHA;190;1;25;0;3;0;0;0;8.0
Javi Guerra;8;CENTROCAMPISTA;España;21;Valencia CF;DERECHA;185;4;30;2;25;0;0;0;20.0
Sergi Canós;7;DELANTERO;España;27;Valencia CF;DERECHA;177;1;20;2;15;0;0;0;5.0
Diego López;16;DELANTERO;España;22;Valencia CF;IZQUIERDA;182;3;25;3;30;0;0;0;12.0
André Almeida;20;CENTROCAMPISTA;Portugal;24;Valencia CF;DERECHA;180;2;25;3;15;0;0;0;18.0
Gabriel Paulista;5;DEFENSA;Brasil;34;Valencia CF;DERECHA;187;1;20;0;3;0;0;0;3.0
Yunus Musah;22;CENTROCAMPISTA;EE. UU.;22;Valencia CF;DERECHA;178;0;15;1;15;0;0;0;15.0
Roman Yaremchuk;17;DELANTERO;Ucrania;29;Valencia CF;DERECHA;190;3;20;1;5;0;0;0;5.0
Thierry Correia;24;DEFENSA;Portugal;25;Valencia CF;DERECHA;177;0;25;3;20;0;0;0;10.0
Alberto Marí;11;DELANTERO;España;23;Valencia CF;DERECHA;186;1;10;0;5;0;0;0;8.0
Dimitri Foulquier;2;DEFENSA;Guadalupe;31;Valencia CF;DERECHA;179;0;20;1;5;0;0;0;2.0
Jesús Vázquez;23;DEFENSA;España;21;Valencia CF;IZQUIERDA;180;0;10;1;5;0;0;0;4.0
Fran Pérez;21;DELANTERO;España;22;Valencia CF;DERECHA;180;1;20;2;15;0;0;0;8.0
Cenk Özkacar;15;DEFENSA;Turquía;24;Valencia CF;IZQUIERDA;188;0;15;0;3;0;0;0;6.0
David Soria;13;PORTERO;España;31;Getafe CF;DERECHA;185;0;38;0;0;10;115;50;4.0
Djené Dakonam;2;DEFENSA;Togo;32;Getafe CF;DERECHA;176;0;30;1;5;0;0;0;5.0
Nemanja Maksimović;20;CENTROCAMPISTA;Serbia;29;Getafe CF;DERECHA;188;4;35;2;10;0;0;0;10.0
Borja Mayoral;19;DELANTERO;España;27;Getafe CF;DERECHA;182;15;35;2;5;0;0;0;18.0
Omar Alderete;6;DEFENSA;Paraguay;28;Getafe CF;IZQUIERDA;182;1;30;0;5;0;0;0;8.0
Daniel Fuzato;1;PORTERO;Brasil;27;Getafe CF;DERECHA;190;0;5;0;0;1;10;5;1.0
Gastón Álvarez;4;DEFENSA;Uruguay;24;Getafe CF;IZQUIERDA;178;2;25;0;5;0;0;0;12.0
Luis Milla;5;CENTROCAMPISTA;España;30;Getafe CF;DERECHA;176;2;30;4;15;0;0;0;8.0
Jaime Mata;7;DELANTERO;España;36;Getafe CF;DERECHA;180;3;20;1;5;0;0;0;1.0
Juanmi Latasa;18;DELANTERO;España;23;Getafe CF;DERECHA;188;3;25;1;5;0;0;0;8.0
Mauro Arambarri;8;CENTROCAMPISTA;Uruguay;29;Getafe CF;DERECHA;175;0;10;1;3;0;0;0;5.0
Domingos Duarte;3;DEFENSA;Portugal;29;Getafe CF;DERECHA;190;1;20;0;3;0;0;0;4.0
Carles Aleñá;11;CENTROCAMPISTA;España;26;Getafe CF;IZQUIERDA;180;1;25;3;20;0;0;0;5.0
Mason Greenwood;12;DELANTERO;Inglaterra;27;Getafe CF;IZQUIERDA;181;10;35;6;60;0;0;0;25.0
Stefan Mitrović;15;DEFENSA;Serbia;34;Getafe CF;IZQUIERDA;189;0;15;0;2;0;0;0;1.0
Enes Ünal;10;DELANTERO;Turquía;27;Getafe CF;DERECHA;185;5;10;0;3;0;0;0;10.0
Ilaix Moriba;17;CENTROCAMPISTA;Guinea;21;Getafe CF;DERECHA;185;0;15;1;10;0;0;0;5.0
José Ángel Carmona;21;DEFENSA;España;22;Getafe CF;DERECHA;180;1;15;1;5;0;0;0;5.0
Óscar Rodríguez;24;CENTROCAMPISTA;España;26;Getafe CF;DERECHA;174;1;20;2;10;0;0;0;4.0
Juan Iglesias;22;DEFENSA;España;26;Getafe CF;DERECHA;178;0;25;2;10;0;0;0;5.0
Joan García;13;PORTERO;España;23;RCD Espanyol;DERECHA;189;0;30;0;0;15;90;25;4.0
Leandro Cabrera;4;DEFENSA;Uruguay;33;RCD Espanyol;IZQUIERDA;187;1;35;0;5;0;0;0;3.0
Keidi Bare;10;CENTROCAMPISTA;Albania;27;RCD Espanyol;DERECHA;178;2;30;1;10;0;0;0;4.0
Martin Braithwaite;22;DELANTERO;Dinamarca;33;RCD Espanyol;DERECHA;177;10;35;3;15;0;0;0;4.0
Fernando Calero;5;DEFENSA;España;29;RCD Espanyol;DERECHA;185;0;25;0;3;0;0;0;2.0
Pacheco;1;PORTERO;España;28;RCD Espanyol;DERECHA;188;0;8;0;0;3;20;8;1.0
Sergi Gómez;24;DEFENSA;España;32;RCD Espanyol;DERECHA;185;1;20;0;3;0;0;0;2.0
Pol Lozano;18;CENTROCAMPISTA;España;25;RCD Espanyol;DERECHA;181;0;25;2;10;0;0;0;3.0
Javi Puado;7;DELANTERO;España;26;RCD Espanyol;DERECHA;180;8;35;5;30;0;0;0;6.0
Salvi Sánchez;17;DELANTERO;España;33;RCD Espanyol;DERECHA;167;2;25;3;20;0;0;0;1.0
Edu Expósito;8;CENTROCAMPISTA;España;28;RCD Espanyol;DERECHA;175;3;30;5;25;0;0;0;4.0
Óscar Gil;2;DEFENSA;España;26;RCD Espanyol;DERECHA;177;0;30;2;10;0;0;0;3.0
José Gragera;21;CENTROCAMPISTA;España;24;RCD Espanyol;DERECHA;190;1;25;1;5;0;0;0;4.0
Nico Melamed;19;DELANTERO;España;23;RCD Espanyol;IZQUIERDA;178;4;30;3;35;0;0;0;5.0
Brian Oliván;14;DEFENSA;España;30;RCD Espanyol;IZQUIERDA;177;1;28;4;20;0;0;0;3.0
Pere Milla;23;DELANTERO;España;32;RCD Espanyol;DERECHA;181;5;25;2;10;0;0;0;2.0
Denis Suárez;6;CENTROCAMPISTA;España;30;RCD Espanyol;DERECHA;176;0;15;2;15;0;0;0;2.0
Rubén Sánchez;3;DEFENSA;España;23;RCD Espanyol;DERECHA;178;0;10;1;5;0;0;0;1.0
Landry Dimata;9;DELANTERO;Bélgica;27;RCD Espanyol;DERECHA;185;1;10;0;3;0;0;0;1.0
Víctor Ruiz;20;DEFENSA;España;35;RCD Espanyol;IZQUIERDA;185;0;5;0;1;0;0;0;0.5
Stole Dimitrievski;13;PORTERO;Macedonia del Norte;31;Rayo Vallecano;DERECHA;186;0;35;0;0;9;100;48;3.0
Florian Lejeune;24;DEFENSA;Francia;33;Rayo Vallecano;DERECHA;190;2;30;0;3;0;0;0;4.0
Óscar Valentín;6;CENTROCAMPISTA;España;30;Rayo Vallecano;DERECHA;176;1;35;2;10;0;0;0;5.0
Raúl de Tomás;11;DELANTERO;España;30;Rayo Vallecano;DERECHA;180;6;30;2;10;0;0;0;8.0
Aridane Hernández;2;DEFENSA;España;35;Rayo Vallecano;DERECHA;186;0;25;0;2;0;0;0;1.0
Dani Cárdenas;1;PORTERO;España;27;Rayo Vallecano;DERECHA;187;0;5;0;0;1;10;5;1.0
Andrei Rațiu;20;DEFENSA;Rumanía;26;Rayo Vallecano;DERECHA;177;1;25;2;15;0;0;0;4.0
Unai López;8;CENTROCAMPISTA;España;29;Rayo Vallecano;DERECHA;174;1;30;3;15;0;0;0;4.0
Isi Palazón;7;DELANTERO;España;30;Rayo Vallecano;IZQUIERDA;173;8;38;5;50;0;0;0;8.0
Sergio Camello;9;DELANTERO;España;23;Rayo Vallecano;DERECHA;177;3;30;2;15;0;0;0;5.0
Pacha Espino;12;DEFENSA;Uruguay;32;Rayo Vallecano;IZQUIERDA;176;0;30;3;10;0;0;0;2.0
Kike Pérez;14;CENTROCAMPISTA;España;27;Rayo Vallecano;DERECHA;180;1;25;1;5;0;0;0;3.0
Álvaro García;18;DELANTERO;España;32;Rayo Vallecano;IZQUIERDA;168;5;35;4;40;0;0;0;4.0
Radamel Falcao;3;DELANTERO;Colombia;38;Rayo Vallecano;DERECHA;177;1;10;0;1;0;0;0;0.8
Abdul Mumin;16;DEFENSA;Ghana;26;Rayo Vallecano;DERECHA;190;0;15;0;3;0;0;0;2.0
Bebé;10;DELANTERO;Cabo Verde;34;Rayo Vallecano;DERECHA;190;2;15;1;15;0;0;0;1.0
Pathé Ciss;21;CENTROCAMPISTA;Senegal;30;Rayo Vallecano;DERECHA;184;1;25;1;5;0;0;0;3.0
Pep Chavarría;19;DEFENSA;España;26;Rayo Vallecano;IZQUIERDA;178;0;15;1;5;0;0;0;2.0
Randy Nteka;23;DELANTERO;Francia;27;Rayo Vallecano;DERECHA;190;2;20;1;5;0;0;0;2.0
Óscar Trejo;5;CENTROCAMPISTA;Argentina;36;Rayo Vallecano;DERECHA;178;1;20;3;15;0;0;0;1.0
Predrag Rajković;1;PORTERO;Serbia;29;RCD Mallorca;DERECHA;192;0;38;0;0;11;115;50;6.0
Martin Valjent;24;DEFENSA;Eslovaquia;29;RCD Mallorca;DERECHA;187;0;35;0;5;0;0;0;3.0
Manu Morlanes;20;CENTROCAMPISTA;España;27;RCD Mallorca;DERECHA;178;1;30;2;10;0;0;0;4.0
Vedat Muriqi;7;DELANTERO;Kosovo;30;RCD Mallorca;IZQUIERDA;194;12;35;4;5;0;0;0;10.0
Pablo Maffeo;15;DEFENSA;España;27;RCD Mallorca;DERECHA;174;1;30;4;20;0;0;0;8.0
Dominik Greif;13;PORTERO;Eslovaquia;27;RCD Mallorca;IZQUIERDA;190;0;5;0;0;1;15;5;1.0
Antonio Raíllo;2;DEFENSA;España;33;RCD Mallorca;IZQUIERDA;186;2;25;0;3;0;0;0;3.0
Dani Rodríguez;14;CENTROCAMPISTA;España;36;RCD Mallorca;DERECHA;178;3;35;5;15;0;0;0;2.0
Abdon Prats;9;DELANTERO;España;32;RCD Mallorca;DERECHA;180;5;25;1;5;0;0;0;2.0
Cyle Larin;17;DELANTERO;Canadá;29;RCD Mallorca;DERECHA;188;3;15;1;5;0;0;0;3.0
Omar Mascarell;8;CENTROCAMPISTA;España;31;RCD Mallorca;DERECHA;180;0;30;1;5;0;0;0;3.0
Giovanni González;18;DEFENSA;Uruguay;30;RCD Mallorca;DERECHA;173;0;25;2;10;0;0;0;3.0
Sergi Darder;10;CENTROCAMPISTA;España;31;RCD Mallorca;DERECHA;176;2;30;4;20;0;0;0;5.0
Amath Ndiaye;21;DELANTERO;Senegal;28;RCD Mallorca;DERECHA;175;1;20;1;10;0;0;0;2.0
Jaume Costa;24;DEFENSA;España;36;RCD Mallorca;IZQUIERDA;171;0;20;2;5;0;0;0;0.8
Nemanja Radonjić;23;DELANTERO;Serbia;28;RCD Mallorca;DERECHA;185;1;10;1;10;0;0;0;2.0
Javier Llabrés;11;CENTROCAMPISTA;España;24;RCD Mallorca;IZQUIERDA;173;1;15;0;5;0;0;0;1.0
Copete;6;DEFENSA;España;25;RCD Mallorca;IZQUIERDA;186;1;20;0;3;0;0;0;2.0
Tino Kadewere;16;DELANTERO;Zimbabue;28;RCD Mallorca;DERECHA;185;0;5;0;2;0;0;0;1.0
Toni Lato;3;DEFENSA;España;27;RCD Mallorca;IZQUIERDA;175;0;25;2;10;0;0;0;3.0
Sergio Herrera;1;PORTERO;España;31;CA Osasuna;DERECHA;191;0;38;0;0;13;108;45;6.0
David García;5;DEFENSA;España;30;CA Osasuna;DERECHA;185;1;35;0;5;0;0;0;8.0
Jon Moncayola;10;CENTROCAMPISTA;España;26;CA Osasuna;DERECHA;180;3;35;4;20;0;0;0;12.0
Ante Budimir;17;DELANTERO;Croacia;33;CA Osasuna;DERECHA;190;16;38;2;5;0;0;0;8.0
Juan Cruz;3;DEFENSA;España;34;CA Osasuna;IZQUIERDA;180;0;25;1;5;0;0;0;2.0
Aitor Fernández;25;PORTERO;España;33;CA Osasuna;DERECHA;185;0;5;0;0;1;15;5;1.0
Unai García;4;DEFENSA;España;32;CA Osasuna;DERECHA;182;1;20;0;3;0;0;0;2.0
Lucas Torró;6;CENTROCAMPISTA;España;30;CA Osasuna;DERECHA;190;0;30;1;5;0;0;0;6.0
Chimy Ávila;9;DELANTERO;Argentina;30;CA Osasuna;DERECHA;171;6;20;1;15;0;0;0;8.0
Rubén García;14;DELANTERO;España;31;CA Osasuna;IZQUIERDA;171;2;25;3;20;0;0;0;3.0
Moi Gómez;23;CENTROCAMPISTA;España;30;CA Osasuna;IZQUIERDA;167;1;30;5;25;0;0;0;5.0
Jesús Areso;2;DEFENSA;España;25;CA Osasuna;DERECHA;181;0;25;2;10;0;0;0;4.0
Pablo Ibáñez;22;CENTROCAMPISTA;España;26;CA Osasuna;DERECHA;185;1;20;2;10;0;0;0;4.0
Kike Barja;7;DELANTERO;España;27;CA Osasuna;DERECHA;179;1;15;1;10;0;0;0;2.0
Johan Mojica;11;DEFENSA;Colombia;32;CA Osasuna;IZQUIERDA;177;0;18;2;15;0;0;0;3.0
Raúl García;18;DELANTERO;España;24;CA Osasuna;DERECHA;188;5;30;1;5;0;0;0;6.0
Darko Brašanac;8;CENTROCAMPISTA;Serbia;32;CA Osasuna;DERECHA;185;1;15;0;3;0;0;0;2.0
Rubén Peña;15;DEFENSA;España;33;CA Osasuna;DERECHA;176;0;20;2;10;0;0;0;2.0
José Arnaiz;20;DELANTERO;España;29;CA Osasuna;DERECHA;174;2;20;1;10;0;0;0;3.0
Aimar Oroz;21;CENTROCAMPISTA;España;23;CA Osasuna;DERECHA;178;3;30;3;20;0;0;0;10.0
Vicente Guaita;13;PORTERO;España;37;Celta de Vigo;DERECHA;190;0;30;0;0;8;95;40;1.0
Unai Núñez;4;DEFENSA;España;27;Celta de Vigo;DERECHA;185;1;35;0;5;0;0;0;6.0
Fran Beltrán;8;CENTROCAMPISTA;España;25;Celta de Vigo;DERECHA;167;2;30;3;15;0;0;0;10.0
Iago Aspas;10;DELANTERO;España;37;Celta de Vigo;IZQUIERDA;176;10;38;9;40;0;0;0;5.0
Óscar Mingueza;3;DEFENSA;España;25;Celta de Vigo;DERECHA;184;2;30;4;20;0;0;0;8.0
Iván Villar;25;PORTERO;España;27;Celta de Vigo;DERECHA;185;0;8;0;0;2;20;10;2.0
Carl Starfelt;15;DEFENSA;Suecia;29;Celta de Vigo;DERECHA;187;0;25;0;3;0;0;0;4.0
Renato Tapia;14;CENTROCAMPISTA;Perú;29;Celta de Vigo;DERECHA;178;0;20;1;5;0;0;0;4.0
Jørgen Strand Larsen;18;DELANTERO;Noruega;24;Celta de Vigo;DERECHA;193;8;35;2;10;0;0;0;15.0
Anastasios Douvikas;17;DELANTERO;Grecia;25;Celta de Vigo;DERECHA;180;4;20;1;5;0;0;0;5.0
Luca de la Torre;23;CENTROCAMPISTA;EE. UU.;26;Celta de Vigo;DERECHA;175;1;25;3;20;0;0;0;4.0
Joseph Aidoo;2;DEFENSA;Ghana;29;Celta de Vigo;DERECHA;180;0;15;0;3;0;0;0;3.0
Williot Swedberg;19;CENTROCAMPISTA;Suecia;20;Celta de Vigo;IZQUIERDA;185;1;15;1;10;0;0;0;4.0
Carles Pérez;7;DELANTERO;España;26;Celta de Vigo;DERECHA;173;2;25;3;25;0;0;0;5.0
Manu Sánchez;21;DEFENSA;España;24;Celta de Vigo;IZQUIERDA;174;0;20;2;15;0;0;0;4.0
Tadeo Allende;22;DELANTERO;Argentina;25;Celta de Vigo;DERECHA;177;1;10;0;5;0;0;0;3.0
Hugo Sotelo;32;CENTROCAMPISTA;España;21;Celta de Vigo;DERECHA;178;0;10;1;5;0;0;0;2.0
Kevin Vázquez;6;DEFENSA;España;31;Celta de Vigo;DERECHA;174;0;15;1;3;0;0;0;1.0
Cervi;11;DELANTERO;Argentina;30;Celta de Vigo;IZQUIERDA;172;1;20;2;15;0;0;0;3.0
Mihailo Ristić;11;DEFENSA;Serbia;29;Celta de Vigo;IZQUIERDA;180;0;10;1;5;0;0;0;2.0
Paulo Gazzaniga;1;PORTERO;Argentina;32;Girona FC;DERECHA;196;0;38;0;0;15;105;40;5.0
Daley Blind;17;DEFENSA;Países Bajos;34;Girona FC;IZQUIERDA;180;1;30;3;10;0;0;0;4.0
Aleix García;21;CENTROCAMPISTA;España;27;Girona FC;DERECHA;173;3;38;8;35;0;0;0;25.0
Artem Dovbyk;9;DELANTERO;Ucrania;27;Girona FC;IZQUIERDA;189;24;36;7;10;0;0;0;35.0
Eric García;24;DEFENSA;España;23;Girona FC;DERECHA;183;1;30;0;5;0;0;0;20.0
Juan Carlos;25;PORTERO;España;36;Girona FC;DERECHA;188;0;3;0;0;0;5;5;0.5
Arnau Martínez;20;DEFENSA;España;21;Girona FC;DERECHA;182;0;30;4;20;0;0;0;20.0
Yangel Herrera;24;CENTROCAMPISTA;Venezuela;26;Girona FC;DERECHA;183;5;25;2;15;0;0;0;18.0
Portu;11;DELANTERO;España;32;Girona FC;DERECHA;177;4;30;5;25;0;0;0;3.0
Viktor Tsygankov;7;DELANTERO;Ucrania;27;Girona FC;IZQUIERDA;178;6;30;8;40;0;0;0;25.0
Iván Martín;23;CENTROCAMPISTA;España;25;Girona FC;DERECHA;180;4;35;5;30;0;0;0;15.0
Juanpe;5;DEFENSA;España;33;Girona FC;DERECHA;187;1;20;0;3;0;0;0;2.0
David López;4;CENTROCAMPISTA;España;35;Girona FC;DERECHA;184;0;20;1;5;0;0;0;2.0
Savinho;16;DELANTERO;Brasil;20;Girona FC;DERECHA;179;9;35;10;80;0;0;0;40.0
Miguel Gutiérrez;3;DEFENSA;España;23;Girona FC;IZQUIERDA;180;2;30;7;40;0;0;0;30.0
Valery Fernández;19;DELANTERO;España;25;Girona FC;IZQUIERDA;175;1;15;1;10;0;0;0;3.0
Ricard Artero;36;CENTROCAMPISTA;España;21;Girona CF;DERECHA;180;0;5;0;2;0;0;0;1.0
Bernardo Espinosa;2;DEFENSA;Colombia;35;Girona CF;DERECHA;192;1;10;0;1;0;0;0;0.8
Cristhian Stuani;7;DELANTERO;Uruguay;38;Girona CF;DERECHA;186;5;20;0;3;0;0;0;1.0
Pablo Torre;18;CENTROCAMPISTA;España;21;Girona CF;DERECHA;173;0;15;2;10;0;0;0;5.0
Edgar Badía;13;PORTERO;España;32;Elche CF;IZQUIERDA;181;0;30;0;0;8;85;40;1.5
Pedro Bigas;5;DEFENSA;España;34;Elche CF;IZQUIERDA;181;1;25;0;3;0;0;0;1.0
Fidel;11;CENTROCAMPISTA;España;35;Elche CF;IZQUIERDA;173;3;30;5;20;0;0;0;1.0
Lucas Boyé;9;DELANTERO;Argentina;28;Elche CF;DERECHA;185;10;30;3;15;0;0;0;5.0
Carlos Clerc;3;DEFENSA;España;32;Elche CF;IZQUIERDA;180;0;25;2;10;0;0;0;1.0
Miguel San Román;1;PORTERO;España;27;Elche CF;DERECHA;187;0;8;0;0;2;15;10;0.5
Gonzalo Verdú;6;DEFENSA;España;36;Elche CF;DERECHA;182;1;20;0;2;0;0;0;0.8
Omar Mascarell;4;CENTROCAMPISTA;España;31;Elche CF;DERECHA;180;0;25;1;5;0;0;0;1.0
Pere Milla;21;DELANTERO;España;32;Elche CF;DERECHA;181;5;30;2;10;0;0;0;2.0
Ezequiel Ponce;16;DELANTERO;Argentina;27;Elche CF;DERECHA;180;3;15;1;5;0;0;0;1.0
Gerard Gumbau;8;CENTROCAMPISTA;España;30;Elche CF;DERECHA;188;2;30;4;15;0;0;0;1.0
Enzo Roco;24;DEFENSA;Chile;32;Elche CF;DERECHA;191;1;15;0;2;0;0;0;0.8
Josan Ferrández;17;CENTROCAMPISTA;España;35;Elche CF;DERECHA;178;1;20;2;10;0;0;0;0.5
Randy Nteka;18;DELANTERO;Francia;27;Elche CF;DERECHA;190;2;15;1;5;0;0;0;1.0
Helibelton Palacios;2;DEFENSA;Colombia;31;Elche CF;DERECHA;180;0;20;1;5;0;0;0;0.8
Tete Morente;14;DELANTERO;España;28;Elche CF;DERECHA;184;3;25;2;15;0;0;0;1.0
Raúl Guti;20;CENTROCAMPISTA;España;28;Elche CF;DERECHA;183;0;15;1;5;0;0;0;1.0
Lisandro Magallán;23;DEFENSA;Argentina;31;Elche CF;DERECHA;185;0;10;0;2;0;0;0;0.8
Álex Collado;7;DELANTERO;España;25;Elche CF;IZQUIERDA;178;1;10;1;10;0;0;0;1.0
Nico Fernández;22;CENTROCAMPISTA;Argentina;24;Elche CF;DERECHA;181;0;5;0;2;0;0;0;0.5
Antonio Sivera;1;PORTERO;España;28;Deportivo Alavés;DERECHA;184;0;38;0;0;12;100;45;3.0
Rubén Duarte;3;DEFENSA;España;28;Deportivo Alavés;IZQUIERDA;180;1;35;3;15;0;0;0;4.0
Ander Guevara;6;CENTROCAMPISTA;España;27;Deportivo Alavés;DERECHA;180;1;30;2;10;0;0;0;4.0
Samu Omorodion;32;DELANTERO;España;20;Deportivo Alavés;DERECHA;193;8;30;1;5;0;0;0;20.0
Abdel Abqar;5;DEFENSA;Marruecos;25;Deportivo Alavés;DERECHA;188;1;25;0;3;0;0;0;3.0
Jesús Owono;13;PORTERO;Guinea Ecuatorial;24;Deportivo Alavés;DERECHA;185;0;5;0;0;1;10;5;1.0
Aleksandar Sedlar;4;DEFENSA;Serbia;33;Deportivo Alavés;IZQUIERDA;188;0;15;0;2;0;0;0;1.0
Jon Guridi;18;CENTROCAMPISTA;España;29;Deportivo Alavés;DERECHA;175;3;30;4;20;0;0;0;4.0
Kike García;15;DELANTERO;España;35;Deportivo Alavés;DERECHA;186;5;30;1;5;0;0;0;1.0
Luis Rioja;11;DELANTERO;España;31;Deportivo Alavés;IZQUIERDA;176;5;35;5;30;0;0;0;4.0
Carlos Benavídez;8;CENTROCAMPISTA;Uruguay;28;Deportivo Alavés;DERECHA;178;1;20;1;5;0;0;0;2.0
Rafa Marín;16;DEFENSA;España;22;Deportivo Alavés;DERECHA;191;0;25;0;3;0;0;0;4.0
Antonio Blanco;23;CENTROCAMPISTA;España;24;Deportivo Alavés;DERECHA;186;0;25;2;10;0;0;0;5.0
Ianis Hagi;7;DELANTERO;Rumanía;26;Deportivo Alavés;IZQUIERDA;177;1;15;2;15;0;0;0;3.0
Andoni Gorosabel;22;DEFENSA;España;32;Deportivo Alavés;DERECHA;172;0;25;2;10;0;0;0;2.0
Giuliano Simeone;17;DELANTERO;Argentina;22;Deportivo Alavés;DERECHA;173;2;15;1;10;0;0;0;3.0
Tomás Mendes;26;CENTROCAMPISTA;España;21;Deportivo Alavés;DERECHA;183;0;10;0;3;0;0;0;1.0
Javi López;21;DEFENSA;España;22;Deportivo Alavés;IZQUIERDA;178;0;15;1;5;0;0;0;2.0
Nahuel Tenaglia;20;DEFENSA;Argentina;28;Deportivo Alavés;DERECHA;180;0;20;1;5;0;0;0;2.0
Xeber Alkain;14;DELANTERO;España;27;Deportivo Alavés;DERECHA;176;1;15;1;5;0;0;0;2.0
Quentin Braat;13;PORTERO;Francia;27;Real Oviedo;DERECHA;188;0;35;0;0;10;100;35;1.5
Dani Calvo;4;DEFENSA;España;30;Real Oviedo;IZQUIERDA;185;1;30;0;5;0;0;0;1.0
Santi Cazorla;8;CENTROCAMPISTA;España;39;Real Oviedo;AMBIDIESTRO;168;1;20;3;15;0;0;0;0.5
Borja Bastón;9;DELANTERO;España;32;Real Oviedo;DERECHA;186;15;38;3;5;0;0;0;1.5
David Costas;5;DEFENSA;España;29;Real Oviedo;DERECHA;186;0;30;0;3;0;0;0;1.0
Leo Román;1;PORTERO;España;24;Real Oviedo;DERECHA;188;0;5;0;0;1;10;5;0.8
Carlos Pomares;3;DEFENSA;España;31;Real Oviedo;IZQUIERDA;178;0;25;2;10;0;0;0;0.5
Jimmy Suárez;6;CENTROCAMPISTA;España;29;Real Oviedo;DERECHA;176;0;25;1;5;0;0;0;0.8
Jaime Seoane;10;DELANTERO;España;27;Real Oviedo;DERECHA;178;5;30;4;20;0;0;0;1.0
Sebas Moyano;17;DELANTERO;España;27;Real Oviedo;DERECHA;175;3;25;2;15;0;0;0;1.0
Luismi Sánchez;21;CENTROCAMPISTA;España;32;Real Oviedo;DERECHA;180;1;20;1;5;0;0;0;0.8
Oier Luengo;2;DEFENSA;España;30;Real Oviedo;DERECHA;182;0;20;0;3;0;0;0;0.5
Viti Rozada;7;CENTROCAMPISTA;España;27;Real Oviedo;DERECHA;173;2;30;5;25;0;0;0;1.0
Paulino de la Fuente;11;DELANTERO;España;27;Real Oviedo;DERECHA;177;4;25;3;15;0;0;0;1.0
Abel Bretones;15;DEFENSA;España;24;Real Oviedo;IZQUIERDA;178;1;20;2;10;0;0;0;1.0
Alemão;19;DELANTERO;Brasil;26;Real Oviedo;DERECHA;180;3;15;1;5;0;0;0;0.8
Álex Cardero;28;CENTROCAMPISTA;España;21;Real Oviedo;DERECHA;175;0;10;1;5;0;0;0;0.5
Mario Hernández;18;DEFENSA;España;25;Real Oviedo;DERECHA;174;0;15;1;5;0;0;0;0.5
Dubasin;22;DELANTERO;Bélgica;24;Real Oviedo;DERECHA;180;2;15;1;10;0;0;0;0.8
Camarasa;14;CENTROCAMPISTA;España;30;Real Oviedo;DERECHA;186;0;10;0;3;0;0;0;0.5
Joan Femenías;1;PORTERO;España;28;Levante UD;DERECHA;187;0;30;0;0;12;90;30;1.0
Postigo;6;DEFENSA;España;36;Levante UD;DERECHA;188;1;25;0;2;0;0;0;0.8
Pablo Martínez;8;CENTROCAMPISTA;España;27;Levante UD;DERECHA;180;3;35;5;20;0;0;0;2.0
Dani Gómez;9;DELANTERO;España;26;Levante UD;DERECHA;178;10;35;4;15;0;0;0;2.5
Álex Muñoz;15;DEFENSA;España;30;Levante UD;IZQUIERDA;185;0;30;1;5;0;0;0;1.5
Andrés Fernández;13;PORTERO;España;37;Levante UD;DERECHA;186;0;10;0;0;2;25;10;0.5
Rober Pier;4;DEFENSA;España;29;Levante UD;DERECHA;184;1;25;0;3;0;0;0;1.0
José Campaña;10;CENTROCAMPISTA;España;31;Levante UD;DERECHA;178;1;20;4;20;0;0;0;1.5
Mohamed Bouldini;17;DELANTERO;Marruecos;29;Levante UD;DERECHA;185;5;25;1;5;0;0;0;1.5
Roger Brugué;7;DELANTERO;España;28;Levante UD;DERECHA;180;3;20;2;10;0;0;0;1.0
Oriol Rey;20;CENTROCAMPISTA;España;26;Levante UD;DERECHA;180;0;30;1;5;0;0;0;1.0
Rubén Vezo;3;DEFENSA;Portugal;30;Levante UD;DERECHA;184;1;20;0;3;0;0;0;1.5
Giorgi Kochorashvili;26;CENTROCAMPISTA;Georgia;25;Levante UD;DERECHA;180;1;20;1;10;0;0;0;1.0
Cantero;11;DELANTERO;España;25;Levante UD;DERECHA;175;4;25;3;20;0;0;0;1.5
Sergio Postigo;6;DEFENSA;España;36;Levante UD;DERECHA;188;1;25;0;2;0;0;0;0.8
Iván Romero;22;DELANTERO;España;23;Levante UD;DERECHA;185;2;15;1;5;0;0;0;1.0
Nikola Vukčević;5;CENTROCAMPISTA;Montenegro;33;Levante UD;DERECHA;189;0;15;0;3;0;0;0;0.5
Álvaro Jiménez;23;DEFENSA;España;29;Levante UD;DERECHA;179;0;15;2;10;0;0;0;0.8
Andrés García;28;DELANTERO;España;22;Levante UD;DERECHA;176;2;20;2;15;0;0;0;1.0
Álex Valle;21;DEFENSA;España;20;Levante UD;IZQUIERDA;180;0;10;1;5;0;0;0;0.8
André Onana;24;PORTERO;Camerún;28;Manchester United;DERECHA;190;0;38;0;0;11;120;55;40.0
Raphaël Varane;19;DEFENSA;Francia;31;Manchester United;DERECHA;191;0;25;1;5;0;0;0;30.0
Bruno Fernandes;8;CENTROCAMPISTA;Portugal;30;Manchester United;DERECHA;179;10;45;15;60;0;0;0;70.0
Marcus Rashford;10;DELANTERO;Inglaterra;27;Manchester United;DERECHA;185;18;40;8;80;0;0;0;65.0
Lisandro Martínez;6;DEFENSA;Argentina;26;Manchester United;IZQUIERDA;175;1;25;0;5;0;0;0;45.0
Altay Bayindir;1;PORTERO;Turquía;26;Manchester United;DERECHA;198;0;5;0;0;1;15;5;10.0
Diogo Dalot;20;DEFENSA;Portugal;25;Manchester United;DERECHA;184;2;38;5;40;0;0;0;35.0
Casemiro;18;CENTROCAMPISTA;Brasil;32;Manchester United;DERECHA;185;3;30;2;10;0;0;0;30.0
Rasmus Højlund;11;DELANTERO;Dinamarca;21;Manchester United;IZQUIERDA;191;12;35;3;15;0;0;0;60.0
Antony;21;DELANTERO;Brasil;24;Manchester United;IZQUIERDA;179;4;30;4;70;0;0;0;25.0
Scott McTominay;39;CENTROCAMPISTA;Escocia;28;Manchester United;DERECHA;193;7;35;1;10;0;0;0;30.0
Harry Maguire;5;DEFENSA;Inglaterra;31;Manchester United;DERECHA;194;1;20;0;3;0;0;0;20.0
Mason Mount;7;CENTROCAMPISTA;Inglaterra;25;Manchester United;DERECHA;178;1;15;2;20;0;0;0;35.0
Alejandro Garnacho;17;DELANTERO;Argentina;20;Manchester United;DERECHA;180;5;35;6;75;0;0;0;45.0
Luke Shaw;23;DEFENSA;Inglaterra;29;Manchester United;IZQUIERDA;185;0;20;3;20;0;0;0;28.0
Jadon Sancho;25;DELANTERO;Inglaterra;24;Manchester United;DERECHA;180;3;10;2;25;0;0;0;20.0
Sofyan Amrabat;4;CENTROCAMPISTA;Marruecos;28;Manchester United;DERECHA;183;0;25;1;5;0;0;0;20.0
Aaron Wan-Bissaka;29;DEFENSA;Inglaterra;26;Manchester United;DERECHA;178;0;25;2;15;0;0;0;20.0
Victor Lindelöf;2;DEFENSA;Suecia;30;Manchester United;DERECHA;187;0;15;0;3;0;0;0;15.0
Christian Eriksen;14;CENTROCAMPISTA;Dinamarca;32;Manchester United;DERECHA;176;1;20;5;15;0;0;0;12.0
Ederson;31;PORTERO;Brasil;31;Manchester City;IZQUIERDA;188;0;35;0;0;15;95;25;40.0
Rúben Dias;3;DEFENSA;Portugal;27;Manchester City;DERECHA;186;1;35;1;5;0;0;0;80.0
Rodri;16;CENTROCAMPISTA;España;28;Manchester City;DERECHA;191;8;45;12;30;0;0;0;120.0
Erling Haaland;9;DELANTERO;Noruega;24;Manchester City;DERECHA;195;38;40;6;5;0;0;0;170.0
Kyle Walker;2;DEFENSA;Inglaterra;34;Manchester City;DERECHA;183;0;35;5;20;0;0;0;15.0
Stefan Ortega;18;PORTERO;Alemania;32;Manchester City;DERECHA;185;0;10;0;0;3;25;8;5.0
Manuel Akanji;25;DEFENSA;Suiza;29;Manchester City;DERECHA;187;1;30;2;10;0;0;0;40.0
Bernardo Silva;20;CENTROCAMPISTA;Portugal;30;Manchester City;IZQUIERDA;173;6;40;8;70;0;0;0;80.0
Julián Álvarez;19;DELANTERO;Argentina;24;Manchester City;DERECHA;173;15;42;10;45;0;0;0;70.0
Jack Grealish;10;DELANTERO;Inglaterra;29;Manchester City;IZQUIERDA;180;5;30;7;55;0;0;0;60.0
Kevin De Bruyne;17;CENTROCAMPISTA;Bélgica;33;Manchester City;DERECHA;181;4;25;18;40;0;0;0;50.0
John Stones;5;DEFENSA;Inglaterra;30;Manchester City;DERECHA;188;2;30;3;10;0;0;0;45.0
Mateo Kovačić;8;CENTROCAMPISTA;Croacia;30;Manchester City;DERECHA;177;1;35;3;30;0;0;0;30.0
Phil Foden;47;DELANTERO;Inglaterra;24;Manchester City;IZQUIERDA;171;16;40;10;75;0;0;0;130.0
Joško Gvardiol;24;DEFENSA;Croacia;22;Manchester City;IZQUIERDA;185;2;30;4;20;0;0;0;75.0
Jérémy Doku;11;DELANTERO;Bélgica;22;Manchester City;DERECHA;173;5;25;8;90;0;0;0;65.0
Matheus Nunes;27;CENTROCAMPISTA;Portugal;26;Manchester City;DERECHA;183;1;25;2;25;0;0;0;35.0
Nathan Aké;6;DEFENSA;Países Bajos;29;Manchester City;IZQUIERDA;180;1;30;1;5;0;0;0;30.0
Oscar Bobb;52;DELANTERO;Noruega;22;Manchester City;DERECHA;174;1;10;1;10;0;0;0;10.0
Rico Lewis;82;DEFENSA;Inglaterra;20;Manchester City;DERECHA;169;1;20;2;15;0;0;0;20.0
Alisson Becker;1;PORTERO;Brasil;32;Liverpool FC;DERECHA;191;0;38;1;0;16;115;35;45.0
Virgil van Dijk;4;DEFENSA;Países Bajos;33;Liverpool FC;DERECHA;193;4;35;1;5;0;0;0;35.0
Dominik Szoboszlai;8;CENTROCAMPISTA;Hungría;24;Liverpool FC;DERECHA;186;7;35;8;40;0;0;0;65.0
Mohamed Salah;11;DELANTERO;Egipto;32;Liverpool FC;IZQUIERDA;175;25;38;13;90;0;0;0;90.0
Trent Alexander-Arnold;66;DEFENSA;Inglaterra;26;Liverpool FC;DERECHA;180;3;35;12;50;0;0;0;70.0
Caoimhín Kelleher;62;PORTERO;Irlanda;26;Liverpool FC;DERECHA;188;0;10;0;0;3;30;10;20.0
Andrew Robertson;26;DEFENSA;Escocia;30;Liverpool FC;IZQUIERDA;178;1;30;10;45;0;0;0;35.0
Alexis Mac Allister;10;CENTROCAMPISTA;Argentina;25;Liverpool FC;DERECHA;176;5;38;7;45;0;0;0;70.0
Darwin Núñez;9;DELANTERO;Uruguay;25;Liverpool FC;DERECHA;187;14;35;9;35;0;0;0;70.0
Luis Díaz;7;DELANTERO;Colombia;27;Liverpool FC;IZQUIERDA;178;8;30;5;60;0;0;0;75.0
Wataru Endō;3;CENTROCAMPISTA;Japón;31;Liverpool FC;DERECHA;178;1;30;1;5;0;0;0;15.0
Ibrahima Konaté;5;DEFENSA;Francia;25;Liverpool FC;DERECHA;194;0;28;0;5;0;0;0;45.0
Curtis Jones;17;CENTROCAMPISTA;Inglaterra;23;Liverpool FC;DERECHA;185;3;30;4;30;0;0;0;40.0
Cody Gakpo;18;DELANTERO;Países Bajos;25;Liverpool FC;DERECHA;193;10;35;5;20;0;0;0;45.0
Joe Gomez;2;DEFENSA;Inglaterra;27;Liverpool FC;DERECHA;188;0;30;1;10;0;0;0;25.0
Diogo Jota;20;DELANTERO;Portugal;28;Liverpool FC;DERECHA;178;12;25;4;25;0;0;0;50.0
Harvey Elliott;19;CENTROCAMPISTA;Inglaterra;21;Liverpool FC;IZQUIERDA;170;3;30;6;35;0;0;0;35.0
Kostas Tsimikas;21;DEFENSA;Grecia;28;Liverpool FC;IZQUIERDA;179;0;15;2;15;0;0;0;18.0
Ryan Gravenberch;38;CENTROCAMPISTA;Países Bajos;22;Liverpool FC;DERECHA;190;1;25;2;20;0;0;0;35.0
Jarell Quansah;78;DEFENSA;Inglaterra;21;Liverpool FC;DERECHA;190;0;15;0;5;0;0;0;15.0
Robert Sánchez;1;PORTERO;España;26;Chelsea FC;DERECHA;197;0;25;0;0;6;80;35;25.0
Reece James;24;DEFENSA;Inglaterra;25;Chelsea FC;DERECHA;179;2;20;5;30;0;0;0;50.0
Enzo Fernández;8;CENTROCAMPISTA;Argentina;23;Chelsea FC;DERECHA;178;3;35;8;40;0;0;0;75.0
Nicolas Jackson;15;DELANTERO;Senegal;23;Chelsea FC;DERECHA;186;14;38;4;30;0;0;0;35.0
Thiago Silva;6;DEFENSA;Brasil;40;Chelsea FC;DERECHA;183;1;28;0;5;0;0;0;3.0
Marcus Bettinelli;13;PORTERO;Inglaterra;32;Chelsea FC;DERECHA;194;0;2;0;0;0;0;2;1.0
Axel Disasi;2;DEFENSA;Francia;26;Chelsea FC;DERECHA;190;2;30;0;5;0;0;0;30.0
Conor Gallagher;23;CENTROCAMPISTA;Inglaterra;24;Chelsea FC;DERECHA;182;5;38;7;45;0;0;0;45.0
Raheem Sterling;7;DELANTERO;Inglaterra;30;Chelsea FC;DERECHA;170;8;35;5;60;0;0;0;30.0
Mykhailo Mudryk;10;DELANTERO;Ucrania;22;Chelsea FC;IZQUIERDA;175;3;28;2;65;0;0;0;35.0
Moisés Caicedo;25;CENTROCAMPISTA;Ecuador;23;Chelsea FC;DERECHA;178;0;35;3;20;0;0;0;70.0
Levi Colwill;26;DEFENSA;Inglaterra;21;Chelsea FC;IZQUIERDA;187;1;30;1;5;0;0;0;42.0
Noni Madueke;11;CENTROCAMPISTA;Inglaterra;22;Chelsea FC;IZQUIERDA;182;4;25;3;40;0;0;0;30.0
Christopher Nkunku;16;DELANTERO;Francia;27;Chelsea FC;DERECHA;177;3;10;2;15;0;0;0;45.0
Ben Chilwell;21;DEFENSA;Inglaterra;27;Chelsea FC;IZQUIERDA;178;0;15;3;20;0;0;0;30.0
Armando Broja;19;DELANTERO;Albania;23;Chelsea FC;DERECHA;191;1;15;0;5;0;0;0;20.0
Cole Palmer;20;CENTROCAMPISTA;Inglaterra;22;Chelsea FC;IZQUIERDA;189;15;38;10;55;0;0;0;80.0
Wesley Fofana;3;DEFENSA;Francia;23;Chelsea FC;DERECHA;190;0;5;0;1;0;0;0;30.0
Malo Gusto;27;DEFENSA;Francia;21;Chelsea FC;DERECHA;178;0;25;4;30;0;0;0;30.0
Carney Chukwuemeka;17;CENTROCAMPISTA;Inglaterra;21;Chelsea FC;DERECHA;185;1;10;1;10;0;0;0;15.0
David Raya;22;PORTERO;España;29;Arsenal FC;DERECHA;183;0;35;0;0;16;105;30;35.0
William Saliba;2;DEFENSA;Francia;23;Arsenal FC;DERECHA;192;2;38;1;5;0;0;0;80.0
Martin Ødegaard;8;CENTROCAMPISTA;Noruega;26;Arsenal FC;IZQUIERDA;178;12;38;10;50;0;0;0;90.0
Gabriel Jesus;9;DELANTERO;Brasil;27;Arsenal FC;DERECHA;175;10;30;6;40;0;0;0;60.0
Ben White;4;DEFENSA;Inglaterra;27;Arsenal FC;DERECHA;186;2;35;4;20;0;0;0;55.0
Aaron Ramsdale;1;PORTERO;Inglaterra;26;Arsenal FC;DERECHA;188;0;5;0;0;1;15;5;25.0
Gabriel Magalhães;6;DEFENSA;Brasil;27;Arsenal FC;IZQUIERDA;190;4;38;0;5;0;0;0;50.0
Declan Rice;41;CENTROCAMPISTA;Inglaterra;25;Arsenal FC;DERECHA;188;7;40;5;30;0;0;0;120.0
Bukayo Saka;7;DELANTERO;Inglaterra;23;Arsenal FC;IZQUIERDA;178;16;40;14;95;0;0;0;140.0
Gabriel Martinelli;11;DELANTERO;Brasil;23;Arsenal FC;IZQUIERDA;178;8;35;5;70;0;0;0;65.0
Kai Havertz;29;CENTROCAMPISTA;Alemania;25;Arsenal FC;IZQUIERDA;193;13;38;7;40;0;0;0;70.0
Oleksandr Zinchenko;35;DEFENSA;Ucrania;28;Arsenal FC;IZQUIERDA;175;1;25;4;30;0;0;0;40.0
Emile Smith Rowe;10;CENTROCAMPISTA;Inglaterra;24;Arsenal FC;DERECHA;180;1;15;1;15;0;0;0;20.0
Leandro Trossard;19;DELANTERO;Bélgica;30;Arsenal FC;DERECHA;172;8;30;4;35;0;0;0;30.0
Takehiro Tomiyasu;18;DEFENSA;Japón;26;Arsenal FC;DERECHA;188;0;25;2;10;0;0;0;25.0
Eddie Nketiah;14;DELANTERO;Inglaterra;25;Arsenal FC;DERECHA;175;5;20;1;10;0;0;0;25.0
Thomas Partey;5;CENTROCAMPISTA;Ghana;31;Arsenal FC;DERECHA;185;0;20;1;10;0;0;0;20.0
Kiwior;15;DEFENSA;Polonia;24;Arsenal FC;IZQUIERDA;189;0;15;0;5;0;0;0;20.0
Reiss Nelson;24;DELANTERO;Inglaterra;25;Arsenal FC;DERECHA;175;1;10;1;10;0;0;0;15.0
Jorginho;20;CENTROCAMPISTA;Italia;33;Arsenal FC;DERECHA;180;0;25;2;5;0;0;0;15.0
Guglielmo Vicario;13;PORTERO;Italia;28;Tottenham Hotspur;DERECHA;194;0;38;0;0;10;110;55;35.0
Cristian Romero;17;DEFENSA;Argentina;26;Tottenham Hotspur;DERECHA;185;3;35;0;5;0;0;0;60.0
James Maddison;10;CENTROCAMPISTA;Inglaterra;28;Tottenham Hotspur;DERECHA;175;8;30;13;55;0;0;0;70.0
Son Heung-min;7;DELANTERO;Corea del Sur;32;Tottenham Hotspur;AMBIDIESTRO;183;20;38;10;60;0;0;0;75.0
Micky van de Ven;37;DEFENSA;Países Bajos;23;Tottenham Hotspur;IZQUIERDA;193;1;30;1;15;0;0;0;50.0
Fraser Forster;20;PORTERO;Inglaterra;36;Tottenham Hotspur;DERECHA;201;0;5;0;0;1;10;5;1.0
Pedro Porro;23;DEFENSA;España;25;Tottenham Hotspur;DERECHA;173;4;35;7;40;0;0;0;40.0
Yves Bissouma;8;CENTROCAMPISTA;Mali;28;Tottenham Hotspur;DERECHA;182;0;30;2;25;0;0;0;30.0
Richarlison;9;DELANTERO;Brasil;27;Tottenham Hotspur;DERECHA;184;11;30;4;20;0;0;0;45.0
Dejan Kulusevski;21;DELANTERO;Suecia;24;Tottenham Hotspur;IZQUIERDA;186;7;38;8;50;0;0;0;50.0
Pape Matar Sarr;29;CENTROCAMPISTA;Senegal;22;Tottenham Hotspur;DERECHA;184;3;35;3;25;0;0;0;45.0
Emerson Royal;12;DEFENSA;Brasil;25;Tottenham Hotspur;DERECHA;183;1;25;2;15;0;0;0;18.0
Rodrigo Bentancur;30;CENTROCAMPISTA;Uruguay;27;Tottenham Hotspur;DERECHA;187;0;20;3;20;0;0;0;35.0
Timo Werner;16;DELANTERO;Alemania;28;Tottenham Hotspur;DERECHA;180;2;15;3;25;0;0;0;15.0
Ben Davies;33;DEFENSA;Gales;31;Tottenham Hotspur;IZQUIERDA;181;0;20;1;5;0;0;0;15.0
Brennan Johnson;22;DELANTERO;Gales;23;Tottenham Hotspur;DERECHA;186;5;30;4;35;0;0;0;40.0
Oliver Skipp;4;CENTROCAMPISTA;Inglaterra;24;Tottenham Hotspur;DERECHA;175;0;25;1;5;0;0;0;20.0
Eric Dier;15;DEFENSA;Inglaterra;30;Tottenham Hotspur;DERECHA;188;0;10;0;2;0;0;0;10.0
Giovanni Lo Celso;18;CENTROCAMPISTA;Argentina;28;Tottenham Hotspur;IZQUIERDA;177;1;15;2;15;0;0;0;15.0
Pierre-Emile Højbjerg;5;CENTROCAMPISTA;Dinamarca;29;Tottenham Hotspur;DERECHA;185;0;35;1;10;0;0;0;25.0
Nick Pope;1;PORTERO;Inglaterra;32;Newcastle United;DERECHA;191;0;25;0;0;10;80;30;25.0
Kieran Trippier;2;DEFENSA;Inglaterra;34;Newcastle United;DERECHA;178;1;35;10;30;0;0;0;10.0
Bruno Guimarães;39;CENTROCAMPISTA;Brasil;27;Newcastle United;DERECHA;182;7;38;8;45;0;0;0;85.0
Alexander Isak;14;DELANTERO;Suecia;25;Newcastle United;DERECHA;192;20;30;2;20;0;0;0;75.0
Sven Botman;4;DEFENSA;Países Bajos;24;Newcastle United;IZQUIERDA;193;2;30;0;5;0;0;0;45.0
Martin Dúbravka;18;PORTERO;Eslovaquia;35;Newcastle United;DERECHA;190;0;15;0;0;3;40;25;1.5
Fabian Schär;5;DEFENSA;Suiza;33;Newcastle United;DERECHA;188;3;35;1;10;0;0;0;12.0
Joelinton;7;CENTROCAMPISTA;Brasil;28;Newcastle United;IZQUIERDA;186;3;25;4;30;0;0;0;42.0
Callum Wilson;9;DELANTERO;Inglaterra;32;Newcastle United;DERECHA;183;10;25;1;10;0;0;0;15.0
Anthony Gordon;10;DELANTERO;Inglaterra;23;Newcastle United;DERECHA;183;11;38;10;60;0;0;0;50.0
Sean Longstaff;36;CENTROCAMPISTA;Inglaterra;27;Newcastle United;DERECHA;180;1;35;3;10;0;0;0;25.0
Dan Burn;33;DEFENSA;Inglaterra;32;Newcastle United;IZQUIERDA;198;0;30;1;5;0;0;0;8.0
Sandro Tonali;8;CENTROCAMPISTA;Italia;24;Newcastle United;DERECHA;181;0;5;0;2;0;0;0;40.0
Harvey Barnes;15;DELANTERO;Inglaterra;27;Newcastle United;DERECHA;173;4;20;3;30;0;0;0;30.0
Jamaal Lascelles;6;DEFENSA;Inglaterra;31;Newcastle United;DERECHA;188;1;15;0;3;0;0;0;8.0
Jacob Murphy;23;DELANTERO;Inglaterra;29;Newcastle United;DERECHA;180;2;25;4;30;0;0;0;12.0
Miguel Almirón;24;CENTROCAMPISTA;Paraguay;30;Newcastle United;IZQUIERDA;174;3;35;1;35;0;0;0;20.0
Matt Targett;13;DEFENSA;Inglaterra;29;Newcastle United;IZQUIERDA;183;0;10;1;5;0;0;0;10.0
Joe Willock;28;CENTROCAMPISTA;Inglaterra;25;Newcastle United;DERECHA;186;2;20;2;15;0;0;0;28.0
Lewis Miley;67;CENTROCAMPISTA;Inglaterra;18;Newcastle United;DERECHA;185;1;25;2;15;0;0;0;25.0
Emiliano Martínez;1;PORTERO;Argentina;32;Aston Villa;IZQUIERDA;195;0;38;0;0;15;105;40;28.0
Ezri Konsa;4;DEFENSA;Inglaterra;27;Aston Villa;DERECHA;183;1;38;1;5;0;0;0;35.0
Douglas Luiz;6;CENTROCAMPISTA;Brasil;26;Aston Villa;DERECHA;175;9;40;8;30;0;0;0;70.0
Ollie Watkins;11;DELANTERO;Inglaterra;28;Aston Villa;DERECHA;181;25;38;13;20;0;0;0;65.0
Pau Torres;14;DEFENSA;España;27;Aston Villa;IZQUIERDA;191;2;30;3;10;0;0;0;45.0
Robin Olsen;25;PORTERO;Suecia;34;Aston Villa;DERECHA;198;0;5;0;0;1;10;5;1.0
Matty Cash;2;DEFENSA;Polonia;27;Aston Villa;DERECHA;180;2;35;3;25;0;0;0;28.0
John McGinn;7;CENTROCAMPISTA;Escocia;30;Aston Villa;IZQUIERDA;178;5;40;7;35;0;0;0;30.0
Leon Bailey;31;DELANTERO;Jamaica;27;Aston Villa;IZQUIERDA;181;10;35;9;65;0;0;0;45.0
Moussa Diaby;19;DELANTERO;Francia;25;Aston Villa;IZQUIERDA;170;6;35;8;75;0;0;0;55.0
Youri Tielemans;8;CENTROCAMPISTA;Bélgica;27;Aston Villa;DERECHA;176;2;30;3;20;0;0;0;25.0
Diego Carlos;5;DEFENSA;Brasil;31;Aston Villa;DERECHA;186;0;25;0;5;0;0;0;15.0
Jacob Ramsey;41;CENTROCAMPISTA;Inglaterra;23;Aston Villa;DERECHA;180;1;20;1;15;0;0;0;35.0
Nicolo Zaniolo;22;DELANTERO;Italia;25;Aston Villa;IZQUIERDA;190;2;25;0;20;0;0;0;20.0
Lucas Digne;27;DEFENSA;Francia;31;Aston Villa;IZQUIERDA;178;1;30;4;25;0;0;0;12.0
Jhon Durán;24;DELANTERO;Colombia;21;Aston Villa;DERECHA;188;5;25;1;10;0;0;0;20.0
Boubacar Kamara;44;CENTROCAMPISTA;Francia;25;Aston Villa;DERECHA;183;0;20;1;5;0;0;0;25.0
Tyrone Mings;5;DEFENSA;Inglaterra;31;Aston Villa;IZQUIERDA;195;0;10;0;2;0;0;0;20.0
Philippe Coutinho;23;CENTROCAMPISTA;Brasil;32;Aston Villa;DERECHA;172;0;5;0;5;0;0;0;5.0
Álex Moreno;15;DEFENSA;España;31;Aston Villa;IZQUIERDA;179;1;20;3;20;0;0;0;15.0
Bart Verbruggen;23;PORTERO;Países Bajos;22;Brighton & Hove Albion;DERECHA;194;0;30;0;0;7;90;45;15.0
Lewis Dunk;5;DEFENSA;Inglaterra;33;Brighton & Hove Albion;IZQUIERDA;192;3;35;2;5;0;0;0;15.0
Pascal Gross;13;CENTROCAMPISTA;Alemania;33;Brighton & Hove Albion;DERECHA;181;6;38;10;30;0;0;0;8.0
Evan Ferguson;28;DELANTERO;Irlanda;20;Brighton & Hove Albion;DERECHA;188;12;30;4;10;0;0;0;60.0
Pervis Estupiñán;30;DEFENSA;Ecuador;26;Brighton & Hove Albion;IZQUIERDA;175;1;30;5;35;0;0;0;35.0
Jason Steele;23;PORTERO;Inglaterra;34;Brighton & Hove Albion;DERECHA;186;0;10;0;0;2;25;10;1.0
Joël Veltman;34;DEFENSA;Países Bajos;33;Brighton & Hove Albion;DERECHA;183;0;30;1;5;0;0;0;4.0
Billy Gilmour;11;CENTROCAMPISTA;Escocia;23;Brighton & Hove Albion;DERECHA;170;0;25;1;10;0;0;0;18.0
Simon Adingra;24;DELANTERO;Costa de Marfil;22;Brighton & Hove Albion;DERECHA;175;5;30;4;50;0;0;0;30.0
Danny Welbeck;18;DELANTERO;Inglaterra;34;Brighton & Hove Albion;DERECHA;185;3;20;2;10;0;0;0;3.0
Mahmoud Dahoud;8;CENTROCAMPISTA;Alemania;28;Brighton & Hove Albion;DERECHA;177;1;20;2;15;0;0;0;10.0
Adam Webster;4;DEFENSA;Inglaterra;29;Brighton & Hove Albion;DERECHA;191;1;25;0;3;0;0;0;18.0
Solly March;7;CENTROCAMPISTA;Inglaterra;30;Brighton & Hove Albion;IZQUIERDA;180;2;15;3;20;0;0;0;15.0
Ansu Fati;10;DELANTERO;España;22;Brighton & Hove Albion;DERECHA;176;3;18;1;30;0;0;0;25.0
Tariq Lamptey;2;DEFENSA;Ghana;24;Brighton & Hove Albion;DERECHA;164;0;20;2;30;0;0;0;12.0
Facundo Buonanotte;20;DELANTERO;Argentina;19;Brighton & Hove Albion;DERECHA;174;2;25;2;25;0;0;0;18.0
James Milner;26;CENTROCAMPISTA;Inglaterra;38;Brighton & Hove Albion;DERECHA;175;0;15;1;5;0;0;0;1.0
Igor Julio;29;DEFENSA;Brasil;26;Brighton & Hove Albion;IZQUIERDA;185;0;25;0;5;0;0;0;15.0
Karou Mitoma;22;DELANTERO;Japón;27;Brighton & Hove Albion;DERECHA;178;3;20;4;40;0;0;0;30.0
Carlos Baleba;41;CENTROCAMPISTA;Camerún;20;Brighton & Hove Albion;DERECHA;185;0;20;1;10;0;0;0;15.0
Łukasz Fabiański;1;PORTERO;Polonia;39;West Ham United;DERECHA;190;0;10;0;0;2;20;15;0.8
Kurt Zouma;4;DEFENSA;Francia;30;West Ham United;DERECHA;190;1;30;0;3;0;0;0;12.0
Lucas Paquetá;10;CENTROCAMPISTA;Brasil;27;West Ham United;DERECHA;180;8;38;8;60;0;0;0;60.0
Jarrod Bowen;20;DELANTERO;Inglaterra;28;West Ham United;DERECHA;175;16;38;7;50;0;0;0;60.0
Vladimír Coufal;5;DEFENSA;República Checa;32;West Ham United;DERECHA;179;0;35;5;20;0;0;0;6.0
Alphonse Areola;23;PORTERO;Francia;31;West Ham United;DERECHA;190;0;30;0;0;8;90;40;15.0
Nayef Aguerd;27;DEFENSA;Marruecos;28;West Ham United;IZQUIERDA;188;2;25;0;5;0;0;0;30.0
Edson Álvarez;19;CENTROCAMPISTA;México;27;West Ham United;DERECHA;187;1;35;1;10;0;0;0;35.0
Michail Antonio;9;DELANTERO;Jamaica;34;West Ham United;DERECHA;180;6;25;4;20;0;0;0;5.0
Mohammed Kudus;14;DELANTERO;Ghana;24;West Ham United;IZQUIERDA;177;10;35;6;70;0;0;0;50.0
Tomáš Souček;28;CENTROCAMPISTA;República Checa;29;West Ham United;DERECHA;192;8;38;2;5;0;0;0;35.0
Aaron Cresswell;3;DEFENSA;Inglaterra;34;West Ham United;IZQUIERDA;170;0;15;2;5;0;0;0;1.5
James Ward-Prowse;7;CENTROCAMPISTA;Inglaterra;30;West Ham United;DERECHA;178;5;38;12;25;0;0;0;30.0
Danny Ings;18;DELANTERO;Inglaterra;32;West Ham United;DERECHA;178;3;15;1;5;0;0;0;5.0
Konstantinos Mavropanos;15;DEFENSA;Grecia;27;West Ham United;DERECHA;194;1;20;0;3;0;0;0;15.0
Maxwel Cornet;17;DELANTERO;Costa de Marfil;28;West Ham United;IZQUIERDA;179;1;15;1;15;0;0;0;10.0
Pablo Fornals;8;CENTROCAMPISTA;España;28;West Ham United;DERECHA;178;1;20;3;20;0;0;0;15.0
Thilo Kehrer;24;DEFENSA;Alemania;28;West Ham United;DERECHA;186;0;25;1;5;0;0;0;15.0
Ben Johnson;2;DEFENSA;Inglaterra;24;West Ham United;DERECHA;187;0;15;1;5;0;0;0;10.0
Divin Mubama;33;DELANTERO;Inglaterra;20;West Ham United;DERECHA;185;1;10;0;3;0;0;0;5.0
Anthony Patterson;20;PORTERO;Inglaterra;24;Sunderland AFC;DERECHA;192;0;46;0;0;18;130;45;6.0
Luke O'Nien;13;DEFENSA;Inglaterra;30;Sunderland AFC;DERECHA;180;2;40;1;5;0;0;0;1.5
Dan Neil;24;CENTROCAMPISTA;Inglaterra;23;Sunderland AFC;DERECHA;180;4;45;7;30;0;0;0;8.0
Jack Clarke;7;DELANTERO;Inglaterra;24;Sunderland AFC;IZQUIERDA;185;15;46;8;80;0;0;0;20.0
Daniel Ballard;5;DEFENSA;Irlanda del Norte;25;Sunderland AFC;DERECHA;186;1;35;0;3;0;0;0;2.5
Nathan Bishop;1;PORTERO;Inglaterra;25;Sunderland AFC;DERECHA;188;0;5;0;0;1;15;5;0.5
Trai Hume;28;DEFENSA;Irlanda del Norte;22;Sunderland AFC;DERECHA;179;0;40;3;15;0;0;0;3.0
Pierre Ekwah;39;CENTROCAMPISTA;Francia;22;Sunderland AFC;DERECHA;190;1;30;1;10;0;0;0;3.0
Nazariy Rusyn;9;DELANTERO;Ucrania;26;Sunderland AFC;DERECHA;178;3;20;1;5;0;0;0;2.0
Jobe Bellingham;14;CENTROCAMPISTA;Inglaterra;19;Sunderland AFC;DERECHA;191;7;40;1;20;0;0;0;12.0
Abdoullah Ba;23;CENTROCAMPISTA;Francia;21;Sunderland AFC;DERECHA;184;2;35;3;25;0;0;0;4.0
Aji Alese;17;DEFENSA;Inglaterra;23;Sunderland AFC;IZQUIERDA;185;0;20;0;3;0;0;0;1.0
Patrick Roberts;8;DELANTERO;Inglaterra;27;Sunderland AFC;DERECHA;167;4;30;4;35;0;0;0;3.0
Eliezer Mayenda;16;DELANTERO;España;19;Sunderland AFC;DERECHA;185;1;10;0;3;0;0;0;1.5
Dennis Cirkin;3;DEFENSA;Inglaterra;22;Sunderland AFC;IZQUIERDA;180;1;25;2;15;0;0;0;2.5
Luis Hemir;18;DELANTERO;Portugal;23;Sunderland AFC;DERECHA;190;2;15;0;5;0;0;0;1.0
Jay Matete;42;CENTROCAMPISTA;Inglaterra;23;Sunderland AFC;DERECHA;185;0;10;0;3;0;0;0;1.0
Niall Huggins;11;DEFENSA;Gales;23;Sunderland AFC;IZQUIERDA;178;0;15;1;5;0;0;0;1.5
Bradley Dack;10;DELANTERO;Inglaterra;31;Sunderland AFC;DERECHA;174;1;10;1;5;0;0;0;0.8
Chris Rigg;40;CENTROCAMPISTA;Inglaterra;17;Sunderland AFC;DERECHA;175;0;5;0;2;0;0;0;1.0
Jordan Pickford;1;PORTERO;Inglaterra;30;Everton FC;DERECHA;185;0;38;0;0;12;115;50;25.0
Jarrad Branthwaite;6;DEFENSA;Inglaterra;22;Everton FC;IZQUIERDA;195;3;38;1;5;0;0;0;35.0
Abdoulaye Doucouré;16;CENTROCAMPISTA;Mali;31;Everton FC;DERECHA;184;6;35;2;15;0;0;0;15.0
Dominic Calvert-Lewin;9;DELANTERO;Inglaterra;27;Everton FC;DERECHA;187;8;32;2;10;0;0;0;25.0
Vitaliy Mykolenko;19;DEFENSA;Ucrania;25;Everton FC;IZQUIERDA;180;2;35;2;20;0;0;0;20.0
João Virgínia;12;PORTERO;Portugal;25;Everton FC;DERECHA;190;0;5;0;0;1;10;5;1.0
James Tarkowski;5;DEFENSA;Inglaterra;32;Everton FC;DERECHA;185;1;38;0;3;0;0;0;12.0
Idrissa Gueye;27;CENTROCAMPISTA;Senegal;35;Everton FC;DERECHA;174;0;30;1;5;0;0;0;5.0
Dwight McNeil;7;DELANTERO;Inglaterra;25;Everton FC;IZQUIERDA;183;3;35;6;40;0;0;0;20.0
Beto;14;DELANTERO;Portugal;26;Everton FC;DERECHA;194;3;25;1;5;0;0;0;15.0
Amadou Onana;8;CENTROCAMPISTA;Bélgica;23;Everton FC;DERECHA;195;0;35;2;15;0;0;0;50.0
Ashley Young;18;DEFENSA;Inglaterra;39;Everton FC;DERECHA;175;0;15;2;10;0;0;0;0.5
André Gomes;21;CENTROCAMPISTA;Portugal;31;Everton FC;DERECHA;183;0;10;1;5;0;0;0;5.0
Arnaut Danjuma;10;DELANTERO;Países Bajos;27;Everton FC;DERECHA;178;1;15;1;15;0;0;0;12.0
Séamus Coleman;23;DEFENSA;Irlanda;36;Everton FC;DERECHA;178;0;15;1;5;0;0;0;1.5
Jack Harrison;11;DELANTERO;Inglaterra;28;Everton FC;IZQUIERDA;175;3;30;4;35;0;0;0;20.0
Dele Alli;20;CENTROCAMPISTA;Inglaterra;28;Everton FC;DERECHA;185;0;5;0;2;0;0;0;5.0
Ben Godfrey;2;DEFENSA;Inglaterra;26;Everton FC;DERECHA;182;0;15;0;5;0;0;0;12.0
Youssef Chermiti;28;DELANTERO;Portugal;20;Everton FC;DERECHA;192;1;10;0;3;0;0;0;5.0
Nathan Patterson;3;DEFENSA;Escocia;23;Everton FC;DERECHA;181;0;20;2;10;0;0;0;10.0
José Sá;1;PORTERO;Portugal;31;Wolverhampton Wanderers;DERECHA;192;0;38;0;0;10;110;55;20.0
Max Kilman;23;DEFENSA;Inglaterra;27;Wolverhampton Wanderers;IZQUIERDA;194;0;38;0;5;0;0;0;35.0
João Gomes;8;CENTROCAMPISTA;Brasil;23;Wolverhampton Wanderers;DERECHA;175;2;35;1;15;0;0;0;28.0
Hwang Hee-chan;11;DELANTERO;Corea del Sur;28;Wolverhampton Wanderers;DERECHA;177;12;30;4;30;0;0;0;25.0
Craig Dawson;15;DEFENSA;Inglaterra;34;Wolverhampton Wanderers;DERECHA;188;1;30;0;3;0;0;0;3.0
Dan Bentley;25;PORTERO;Inglaterra;31;Wolverhampton Wanderers;DERECHA;190;0;5;0;0;1;15;5;1.0
Nélson Semedo;2;DEFENSA;Portugal;31;Wolverhampton Wanderers;DERECHA;177;0;35;4;30;0;0;0;18.0
Mario Lemina;5;CENTROCAMPISTA;Gabón;31;Wolverhampton Wanderers;DERECHA;174;1;30;1;10;0;0;0;15.0
Matheus Cunha;12;DELANTERO;Brasil;25;Wolverhampton Wanderers;DERECHA;184;11;30;7;50;0;0;0;40.0
Pablo Sarabia;21;DELANTERO;España;32;Wolverhampton Wanderers;IZQUIERDA;168;4;25;3;25;0;0;0;10.0
Rayan Aït-Nouri;3;DEFENSA;Argelia;23;Wolverhampton Wanderers;IZQUIERDA;178;2;30;3;40;0;0;0;30.0
Boubacar Traoré;6;CENTROCAMPISTA;Mali;23;Wolverhampton Wanderers;DERECHA;178;0;20;1;5;0;0;0;8.0
Tommy Doyle;20;CENTROCAMPISTA;Inglaterra;23;Wolverhampton Wanderers;DERECHA;175;1;25;3;15;0;0;0;10.0
Sasa Kalajdzic;9;DELANTERO;Austria;27;Wolverhampton Wanderers;DERECHA;200;1;5;0;1;0;0;0;10.0
Santiago Bueno;4;DEFENSA;Uruguay;26;Wolverhampton Wanderers;DERECHA;185;0;25;0;3;0;0;0;10.0
Fábio Silva;21;DELANTERO;Portugal;22;Wolverhampton Wanderers;DERECHA;185;2;15;1;5;0;0;0;15.0
Jean-Ricner Bellegarde;27;CENTROCAMPISTA;Francia;26;Wolverhampton Wanderers;DERECHA;170;0;20;2;20;0;0;0;10.0
Hugo Bueno;17;DEFENSA;España;22;Wolverhampton Wanderers;IZQUIERDA;180;0;15;1;10;0;0;0;8.0
Pedro Neto;7;DELANTERO;Portugal;24;Wolverhampton Wanderers;IZQUIERDA;177;2;20;8;60;0;0;0;42.0
Matt Doherty;2;DEFENSA;Irlanda;32;Wolverhampton Wanderers;DERECHA;182;0;15;1;5;0;0;0;4.0
Bernd Leno;17;PORTERO;Alemania;32;Fulham FC;DERECHA;190;0;38;0;0;10;115;55;12.0
Tim Ream;13;DEFENSA;EE. UU.;37;Fulham FC;IZQUIERDA;185;0;30;0;3;0;0;0;1.0
João Palhinha;26;CENTROCAMPISTA;Portugal;29;Fulham FC;DERECHA;190;4;35;1;10;0;0;0;50.0
Raúl Jiménez;7;DELANTERO;México;33;Fulham FC;DERECHA;190;5;25;2;5;0;0;0;5.0
Antonee Robinson;3;DEFENSA;EE. UU.;27;Fulham FC;IZQUIERDA;178;1;38;6;40;0;0;0;20.0
Marek Rodák;1;PORTERO;Eslovaquia;27;Fulham FC;DERECHA;192;0;5;0;0;1;15;5;1.0
Tosin Adarabioyo;4;DEFENSA;Inglaterra;27;Fulham FC;DERECHA;196;1;25;0;3;0;0;0;15.0
Tom Cairney;10;CENTROCAMPISTA;Escocia;33;Fulham FC;DERECHA;183;1;25;3;15;0;0;0;4.0
Bobby Decordova-Reid;14;DELANTERO;Jamaica;31;Fulham FC;DERECHA;175;5;35;3;30;0;0;0;8.0
Harry Wilson;8;DELANTERO;Gales;27;Fulham FC;IZQUIERDA;173;3;25;4;30;0;0;0;15.0
Andreas Pereira;18;CENTROCAMPISTA;Brasil;28;Fulham FC;DERECHA;178;3;38;7;45;0;0;0;20.0
Calvin Bassey;3;DEFENSA;Nigeria;25;Fulham FC;IZQUIERDA;185;0;30;0;5;0;0;0;20.0
Harrison Reed;6;CENTROCAMPISTA;Inglaterra;29;Fulham FC;DERECHA;173;0;35;1;5;0;0;0;12.0
Carlos Vinícius;11;DELANTERO;Brasil;29;Fulham FC;DERECHA;190;2;15;0;3;0;0;0;5.0
Issa Diop;4;DEFENSA;Francia;27;Fulham FC;DERECHA;194;1;20;0;3;0;0;0;10.0
Rodrigo Muniz;19;DELANTERO;Brasil;23;Fulham FC;DERECHA;181;5;20;1;10;0;0;0;8.0
Saša Lukić;28;CENTROCAMPISTA;Serbia;28;Fulham FC;DERECHA;183;0;25;1;5;0;0;0;10.0
Kenny Tete;2;DEFENSA;Países Bajos;29;Fulham FC;DERECHA;180;0;20;2;15;0;0;0;12.0
Willian;20;DELANTERO;Brasil;36;Fulham FC;DERECHA;175;4;30;3;35;0;0;0;3.0
Luciano Vietto;9;DELANTERO;Argentina;30;Fulham FC;DERECHA;173;1;10;0;5;0;0;0;3.0
Mark Flekken;1;PORTERO;Países Bajos;31;Brentford FC;DERECHA;192;0;38;0;0;10;110;50;15.0
Ethan Pinnock;5;DEFENSA;Jamaica;31;Brentford FC;IZQUIERDA;190;2;35;1;5;0;0;0;12.0
Christian Nørgaard;6;CENTROCAMPISTA;Dinamarca;30;Brentford FC;DERECHA;185;2;38;3;10;0;0;0;20.0
Bryan Mbeumo;19;DELANTERO;Camerún;25;Brentford FC;DERECHA;171;10;35;7;55;0;0;0;40.0
Rico Henry;3;DEFENSA;Inglaterra;27;Brentford FC;IZQUIERDA;173;0;20;2;25;0;0;0;20.0
Thomas Strakosha;21;PORTERO;Albania;29;Brentford FC;DERECHA;189;0;5;0;0;1;15;5;5.0
Kristoffer Ajer;20;DEFENSA;Noruega;26;Brentford FC;DERECHA;196;1;30;0;3;0;0;0;15.0
Mathias Jensen;8;CENTROCAMPISTA;Dinamarca;28;Brentford FC;DERECHA;180;3;35;6;30;0;0;0;20.0
Neal Maupay;17;DELANTERO;Francia;28;Brentford FC;DERECHA;171;6;30;2;15;0;0;0;12.0
Yoane Wissa;11;DELANTERO;RD Congo;28;Brentford FC;DERECHA;180;8;35;4;40;0;0;0;18.0
Vitaly Janelt;27;CENTROCAMPISTA;Alemania;26;Brentford FC;IZQUIERDA;185;1;30;2;10;0;0;0;15.0
Ben Mee;16;DEFENSA;Inglaterra;35;Brentford FC;IZQUIERDA;180;1;25;0;3;0;0;0;2.0
Frank Onyeka;15;CENTROCAMPISTA;Nigeria;26;Brentford FC;DERECHA;183;0;25;1;10;0;0;0;10.0
Ivan Toney;10;DELANTERO;Inglaterra;28;Brentford FC;DERECHA;187;4;15;2;5;0;0;0;30.0
Mads Roerslev;2;DEFENSA;Dinamarca;25;Brentford FC;DERECHA;186;0;25;3;15;0;0;0;12.0
Kevin Schade;22;DELANTERO;Alemania;22;Brentford FC;DERECHA;185;1;20;1;15;0;0;0;18.0
Saman Ghoddos;18;CENTROCAMPISTA;Irán;31;Brentford FC;DERECHA;178;0;15;1;5;0;0;0;1.0
Aaron Hickey;2;DEFENSA;Escocia;22;Brentford FC;AMBIDIESTRO;178;0;20;1;10;0;0;0;18.0
Mikkel Damsgaard;24;DELANTERO;Dinamarca;24;Brentford FC;DERECHA;178;0;15;1;10;0;0;0;8.0
Josh Dasilva;10;CENTROCAMPISTA;Inglaterra;26;Brentford FC;DERECHA;182;1;10;0;5;0;0;0;5.0
Sam Johnstone;1;PORTERO;Inglaterra;31;Crystal Palace;DERECHA;193;0;30;0;0;10;90;40;15.0
Joachim Andersen;6;DEFENSA;Dinamarca;28;Crystal Palace;DERECHA;192;2;38;2;5;0;0;0;30.0
Eberechi Eze;10;CENTROCAMPISTA;Inglaterra;26;Crystal Palace;DERECHA;178;11;35;6;65;0;0;0;55.0
Michael Olise;7;DELANTERO;Francia;23;Crystal Palace;IZQUIERDA;186;10;25;5;50;0;0;0;50.0
Marc Guéhi;2;DEFENSA;Inglaterra;24;Crystal Palace;IZQUIERDA;182;0;35;0;5;0;0;0;38.0
Dean Henderson;30;PORTERO;Inglaterra;27;Crystal Palace;DERECHA;188;0;10;0;0;2;25;10;15.0
Tyrick Mitchell;3;DEFENSA;Inglaterra;25;Crystal Palace;IZQUIERDA;175;1;38;4;25;0;0;0;25.0
Will Hughes;19;CENTROCAMPISTA;Inglaterra;29;Crystal Palace;DERECHA;173;0;20;1;5;0;0;0;6.0
Odsonne Édouard;22;DELANTERO;Francia;26;Crystal Palace;DERECHA;187;7;30;2;15;0;0;0;20.0
Jean-Philippe Mateta;14;DELANTERO;Francia;27;Crystal Palace;DERECHA;192;15;35;3;10;0;0;0;20.0
Jefferson Lerma;8;CENTROCAMPISTA;Colombia;30;Crystal Palace;DERECHA;179;1;30;1;5;0;0;0;20.0
Chris Richards;26;DEFENSA;EE. UU.;24;Crystal Palace;DERECHA;188;0;20;0;3;0;0;0;12.0
Cheick Doucouré;28;CENTROCAMPISTA;Mali;24;Crystal Palace;DERECHA;180;0;25;1;5;0;0;0;20.0
Jordan Ayew;9;DELANTERO;Ghana;33;Crystal Palace;DERECHA;182;4;38;6;30;0;0;0;5.0
Joel Ward;2;DEFENSA;Inglaterra;35;Crystal Palace;DERECHA;180;0;25;1;3;0;0;0;2.0
Jesurun Rak-Sakyi;49;DELANTERO;Inglaterra;22;Crystal Palace;DERECHA;175;1;10;1;10;0;0;0;5.0
Jeffrey Schlupp;15;CENTROCAMPISTA;Ghana;32;Crystal Palace;IZQUIERDA;178;1;20;1;10;0;0;0;4.0
Nathaniel Clyne;17;DEFENSA;Inglaterra;33;Crystal Palace;DERECHA;175;0;15;0;3;0;0;0;1.5
Naouirou Ahamada;29;CENTROCAMPISTA;Francia;22;Crystal Palace;DERECHA;184;0;15;0;5;0;0;0;5.0
Jairo Riedewald;44;CENTROCAMPISTA;Países Bajos;28;Crystal Palace;IZQUIERDA;182;0;10;0;3;0;0;0;3.0
Neto;1;PORTERO;Brasil;35;AFC Bournemouth;DERECHA;190;0;30;0;0;7;90;45;4.0
Lloyd Kelly;5;DEFENSA;Inglaterra;26;AFC Bournemouth;IZQUIERDA;190;0;35;1;5;0;0;0;25.0
Lewis Cook;4;CENTROCAMPISTA;Inglaterra;27;AFC Bournemouth;DERECHA;175;2;38;5;30;0;0;0;15.0
Dominic Solanke;9;DELANTERO;Inglaterra;27;AFC Bournemouth;DERECHA;187;19;38;3;15;0;0;0;35.0
Milos Kerkez;37;DEFENSA;Hungría;21;AFC Bournemouth;IZQUIERDA;180;0;30;3;20;0;0;0;20.0
Darren Randolph;12;PORTERO;Irlanda;37;AFC Bournemouth;DERECHA;188;0;5;0;0;1;10;5;0.5
Marcos Senesi;6;DEFENSA;Argentina;27;AFC Bournemouth;IZQUIERDA;184;2;30;0;5;0;0;0;20.0
Philip Billing;29;CENTROCAMPISTA;Dinamarca;28;AFC Bournemouth;IZQUIERDA;190;3;35;4;25;0;0;0;15.0
Justin Kluivert;19;DELANTERO;Países Bajos;25;AFC Bournemouth;DERECHA;171;2;25;2;30;0;0;0;15.0
Antoine Semenyo;24;DELANTERO;Ghana;24;AFC Bournemouth;DERECHA;179;4;30;3;35;0;0;0;15.0
Ryan Christie;10;CENTROCAMPISTA;Escocia;29;AFC Bournemouth;DERECHA;178;1;38;5;35;0;0;0;12.0
Adam Smith;15;DEFENSA;Inglaterra;33;AFC Bournemouth;DERECHA;175;0;25;1;5;0;0;0;2.0
Marcus Tavernier;16;CENTROCAMPISTA;Inglaterra;25;AFC Bournemouth;IZQUIERDA;180;3;30;5;30;0;0;0;15.0
Hamed Traorè;14;DELANTERO;Costa de Marfil;24;AFC Bournemouth;DERECHA;176;0;15;1;15;0;0;0;15.0
Illia Zabarnyi;27;DEFENSA;Ucrania;22;AFC Bournemouth;DERECHA;189;0;30;0;3;0;0;0;25.0
Enes Ünal;26;DELANTERO;Turquía;27;AFC Bournemouth;DERECHA;185;1;10;0;3;0;0;0;12.0
Alex Scott;22;CENTROCAMPISTA;Inglaterra;21;AFC Bournemouth;DERECHA;175;1;25;2;20;0;0;0;15.0
Max Aarons;3;DEFENSA;Inglaterra;24;AFC Bournemouth;DERECHA;178;0;30;2;20;0;0;0;18.0
Dango Ouattara;11;DELANTERO;Burkina Faso;22;AFC Bournemouth;DERECHA;180;1;20;1;15;0;0;0;18.0
Tyler Adams;28;CENTROCAMPISTA;EE. UU.;25;AFC Bournemouth;DERECHA;172;0;10;0;3;0;0;0;15.0
Matt Turner;1;PORTERO;EE. UU.;30;Nottingham Forest;DERECHA;193;0;15;0;0;3;40;25;4.0
Moussa Niakhaté;19;DEFENSA;Senegal;28;Nottingham Forest;IZQUIERDA;190;1;25;0;3;0;0;0;12.0
Danilo;28;CENTROCAMPISTA;Brasil;23;Nottingham Forest;DERECHA;177;2;30;2;15;0;0;0;20.0
Taiwo Awoniyi;9;DELANTERO;Nigeria;27;Nottingham Forest;DERECHA;183;11;30;3;10;0;0;0;25.0
Willy Boly;3;DEFENSA;Costa de Marfil;33;Nottingham Forest;DERECHA;190;1;20;0;3;0;0;0;4.0
Odysseas Vlachodimos;23;PORTERO;Grecia;30;Nottingham Forest;DERECHA;190;0;20;0;0;5;55;30;8.0
Murillo;4;DEFENSA;Brasil;24;Nottingham Forest;IZQUIERDA;184;0;30;0;5;0;0;0;25.0
Morgan Gibbs-White;10;CENTROCAMPISTA;Inglaterra;24;Nottingham Forest;DERECHA;180;5;38;8;50;0;0;0;35.0
Chris Wood;14;DELANTERO;Nueva Zelanda;33;Nottingham Forest;DERECHA;191;8;30;1;5;0;0;0;5.0
Anthony Elanga;21;DELANTERO;Suecia;22;Nottingham Forest;DERECHA;178;5;35;5;40;0;0;0;20.0
Ibrahim Sangaré;6;CENTROCAMPISTA;Costa de Marfil;27;Nottingham Forest;DERECHA;191;0;30;2;10;0;0;0;30.0
Neco Williams;7;DEFENSA;Gales;23;Nottingham Forest;DERECHA;178;1;25;3;20;0;0;0;15.0
Ryan Yates;22;CENTROCAMPISTA;Inglaterra;27;Nottingham Forest;DERECHA;178;1;30;1;5;0;0;0;10.0
Callum Hudson-Odoi;20;DELANTERO;Inglaterra;24;Nottingham Forest;DERECHA;180;3;25;2;30;0;0;0;18.0
Serge Aurier;24;DEFENSA;Costa de Marfil;31;Nottingham Forest;DERECHA;176;0;20;2;10;0;0;0;8.0
Divock Origi;27;DELANTERO;Bélgica;29;Nottingham Forest;DERECHA;185;0;15;1;5;0;0;0;8.0
Remo Freuler;23;CENTROCAMPISTA;Suiza;32;Nottingham Forest;DERECHA;181;0;20;1;5;0;0;0;10.0
Scott McKenna;26;DEFENSA;Escocia;28;Nottingham Forest;IZQUIERDA;190;0;15;0;3;0;0;0;6.0
Nicolás Domínguez;16;CENTROCAMPISTA;Argentina;26;Nottingham Forest;DERECHA;179;1;20;1;5;0;0;0;10.0
Cheikhou Kouyaté;8;CENTROCAMPISTA;Senegal;35;Nottingham Forest;DERECHA;189;0;10;0;3;0;0;0;2.0
James Trafford;1;PORTERO;Inglaterra;22;Burnley FC;DERECHA;190;0;46;0;0;11;135;60;10.0
Jordan Beyer;5;DEFENSA;Alemania;24;Burnley FC;DERECHA;187;0;30;0;3;0;0;0;8.0
Josh Cullen;24;CENTROCAMPISTA;Irlanda;28;Burnley FC;DERECHA;175;1;38;4;20;0;0;0;8.0
Zeki Amdouni;10;DELANTERO;Suiza;24;Burnley FC;DERECHA;185;5;35;2;15;0;0;0;18.0
Dara O'Shea;2;DEFENSA;Irlanda;25;Burnley FC;DERECHA;188;0;30;1;5;0;0;0;7.0
Arijanet Muric;49;PORTERO;Kosovo;26;Burnley FC;DERECHA;198;0;10;0;0;2;30;10;2.0
Hjalmar Ekdal;18;DEFENSA;Suecia;25;Burnley FC;DERECHA;187;0;15;0;3;0;0;0;5.0
Sander Berge;4;CENTROCAMPISTA;Noruega;26;Burnley FC;DERECHA;195;2;35;2;15;0;0;0;15.0
Lyle Foster;17;DELANTERO;Sudáfrica;24;Burnley FC;DERECHA;185;4;25;1;10;0;0;0;10.0
Anass Zaroury;19;DELANTERO;Marruecos;24;Burnley FC;DERECHA;177;1;20;1;15;0;0;0;10.0
Manuel Benson;7;CENTROCAMPISTA;Bélgica;27;Burnley FC;DERECHA;175;1;15;1;10;0;0;0;4.0
Charlie Taylor;3;DEFENSA;Inglaterra;31;Burnley FC;IZQUIERDA;180;0;30;3;10;0;0;0;3.0
Josh Brownhill;8;CENTROCAMPISTA;Inglaterra;28;Burnley FC;DERECHA;178;3;38;5;30;0;0;0;10.0
Wout Weghorst;9;DELANTERO;Países Bajos;32;Burnley FC;DERECHA;197;2;10;1;3;0;0;0;6.0
Vitinho;22;DEFENSA;Brasil;25;Burnley FC;DERECHA;178;1;25;2;15;0;0;0;7.0
Wilson Odobert;37;DELANTERO;Francia;20;Burnley FC;IZQUIERDA;182;2;25;1;20;0;0;0;12.0
Johann Berg Guðmundsson;24;CENTROCAMPISTA;Islandia;34;Burnley FC;IZQUIERDA;187;0;15;1;5;0;0;0;1.0
Connor Roberts;14;DEFENSA;Gales;29;Burnley FC;DERECHA;178;1;20;2;10;0;0;0;5.0
Mike Trésor;30;DELANTERO;Bélgica;25;Burnley FC;IZQUIERDA;178;1;10;1;10;0;0;0;8.0
Aaron Ramsey;21;CENTROCAMPISTA;Inglaterra;21;Burnley FC;DERECHA;180;1;15;1;10;0;0;0;8.0
Illan Meslier;1;PORTERO;Francia;24;Leeds United FC;DERECHA;196;0;46;0;0;17;140;50;15.0
Pascal Struijk;21;DEFENSA;Países Bajos;25;Leeds United FC;IZQUIERDA;185;2;40;1;5;0;0;0;15.0
Ethan Ampadu;4;CENTROCAMPISTA;Gales;24;Leeds United FC;DERECHA;178;1;46;2;20;0;0;0;18.0
Patrick Bamford;9;DELANTERO;Inglaterra;31;Leeds United FC;DERECHA;185;12;40;4;10;0;0;0;10.0
Junior Firpo;3;DEFENSA;República Dominicana;28;Leeds United FC;IZQUIERDA;184;1;35;4;30;0;0;0;8.0
Kristoffer Klaesson;22;PORTERO;Noruega;24;Leeds United FC;DERECHA;190;0;5;0;0;1;10;5;1.0
Liam Cooper;6;DEFENSA;Escocia;33;Leeds United FC;IZQUIERDA;188;0;20;0;2;0;0;0;2.0
Glen Kamara;8;CENTROCAMPISTA;Finlandia;29;Leeds United FC;DERECHA;181;1;30;2;10;0;0;0;5.0
Georginio Rutter;24;DELANTERO;Francia;22;Leeds United FC;DERECHA;180;6;40;10;50;0;0;0;20.0
Daniel James;20;DELANTERO;Gales;27;Leeds United FC;DERECHA;170;13;45;7;70;0;0;0;18.0
Tyler Adams;12;CENTROCAMPISTA;EE. UU.;25;Leeds United FC;DERECHA;172;0;10;0;3;0;0;0;15.0
Luke Ayling;2;DEFENSA;Inglaterra;33;Leeds United FC;DERECHA;183;0;25;3;10;0;0;0;2.0
Archie Gray;22;CENTROCAMPISTA;Inglaterra;18;Leeds United FC;DERECHA;184;1;45;2;25;0;0;0;20.0
Crysencio Summerville;10;DELANTERO;Países Bajos;23;Leeds United FC;DERECHA;175;18;43;9;95;0;0;0;35.0
Rasmus Kristensen;25;DEFENSA;Dinamarca;27;Leeds United FC;DERECHA;186;0;15;1;5;0;0;0;10.0
Wilfried Gnonto;29;DELANTERO;Italia;21;Leeds United FC;DERECHA;170;2;20;1;20;0;0;0;15.0
Sam Greenwood;42;CENTROCAMPISTA;Inglaterra;22;Leeds United FC;IZQUIERDA;185;1;15;1;10;0;0;0;4.0
Max Wöber;39;DEFENSA;Austria;26;Leeds United FC;IZQUIERDA;189;0;10;0;3;0;0;0;10.0
Jack Harrison;11;DELANTERO;Inglaterra;28;Leeds United FC;IZQUIERDA;175;3;15;2;15;0;0;0;20.0
Djed Spence;14;DEFENSA;Inglaterra;24;Leeds United FC;DERECHA;184;0;10;1;5;0;0;0;8.0
Manuel Neuer;1;PORTERO;Alemania;38;Bayern Munich;DERECHA;193;0;30;1;0;12;90;35;5.0
Matthijs de Ligt;4;DEFENSA;Países Bajos;25;Bayern Munich;DERECHA;189;2;25;0;5;0;0;0;65.0
Joshua Kimmich;6;CENTROCAMPISTA;Alemania;29;Bayern Munich;DERECHA;177;5;35;10;30;0;0;0;50.0
Harry Kane;9;DELANTERO;Inglaterra;31;Bayern Munich;DERECHA;188;36;32;11;10;0;0;0;100.0
Dayot Upamecano;2;DEFENSA;Francia;26;Bayern Munich;DERECHA;186;1;30;1;5;0;0;0;45.0
Sven Ulreich;26;PORTERO;Alemania;36;Bayern Munich;DERECHA;187;0;5;0;0;1;15;5;1.0
Min-jae Kim;3;DEFENSA;Corea del Sur;28;Bayern Munich;DERECHA;190;1;28;0;3;0;0;0;55.0
Leon Goretzka;8;CENTROCAMPISTA;Alemania;29;Bayern Munich;DERECHA;189;6;30;4;20;0;0;0;30.0
Leroy Sané;10;DELANTERO;Alemania;28;Bayern Munich;IZQUIERDA;183;10;35;12;70;0;0;0;60.0
Jamal Musiala;42;DELANTERO;Alemania;21;Bayern Munich;DERECHA;184;13;38;7;90;0;0;0;110.0
Konrad Laimer;27;CENTROCAMPISTA;Austria;27;Bayern Munich;DERECHA;180;0;30;1;10;0;0;0;20.0
Alphonso Davies;19;DEFENSA;Canadá;24;Bayern Munich;IZQUIERDA;183;2;35;5;80;0;0;0;50.0
Raphaël Guerreiro;22;CENTROCAMPISTA;Portugal;31;Bayern Munich;IZQUIERDA;170;3;25;4;25;0;0;0;15.0
Serge Gnabry;7;DELANTERO;Alemania;29;Bayern Munich;DERECHA;176;5;20;3;30;0;0;0;25.0
Noussair Mazraoui;40;DEFENSA;Marruecos;27;Bayern Munich;DERECHA;183;0;20;3;20;0;0;0;20.0
Mathys Tel;39;DELANTERO;Francia;19;Bayern Munich;DERECHA;183;5;25;1;20;0;0;0;50.0
Aleksandar Pavlović;45;CENTROCAMPISTA;Alemania;20;Bayern Munich;DERECHA;185;2;20;2;10;0;0;0;25.0
Bouna Sarr;20;DEFENSA;Senegal;32;Bayern Munich;DERECHA;177;0;5;0;3;0;0;0;1.0
Kingsley Coman;11;DELANTERO;Francia;28;Bayern Munich;DERECHA;171;4;20;4;40;0;0;0;50.0
Thomas Müller;25;DELANTERO;Alemania;35;Bayern Munich;DERECHA;186;5;30;8;15;0;0;0;12.0
Gregor Kobel;1;PORTERO;Suiza;27;Borussia Dortmund;DERECHA;194;0;35;0;0;12;105;40;35.0
Mats Hummels;15;DEFENSA;Alemania;36;Borussia Dortmund;DERECHA;191;3;30;1;5;0;0;0;8.0
Emre Can;23;CENTROCAMPISTA;Alemania;30;Borussia Dortmund;DERECHA;186;2;35;1;15;0;0;0;15.0
Niclas Füllkrug;14;DELANTERO;Alemania;31;Borussia Dortmund;DERECHA;189;15;32;9;8;0;0;0;15.0
Nico Schlotterbeck;4;DEFENSA;Alemania;25;Borussia Dortmund;IZQUIERDA;191;0;35;4;10;0;0;0;40.0
Alexander Meyer;33;PORTERO;Alemania;33;Borussia Dortmund;DERECHA;195;0;5;0;0;1;15;5;1.0
Niklas Süle;25;DEFENSA;Alemania;29;Borussia Dortmund;DERECHA;195;1;25;0;3;0;0;0;20.0
Marcel Sabitzer;20;CENTROCAMPISTA;Austria;30;Borussia Dortmund;DERECHA;178;3;30;5;20;0;0;0;18.0
Donyell Malen;21;DELANTERO;Países Bajos;25;Borussia Dortmund;DERECHA;179;13;35;2;45;0;0;0;35.0
Sébastien Haller;9;DELANTERO;Costa de Marfil;30;Borussia Dortmund;DERECHA;190;2;15;1;5;0;0;0;15.0
Julian Brandt;19;CENTROCAMPISTA;Alemania;28;Borussia Dortmund;DERECHA;185;9;38;14;55;0;0;0;40.0
Julian Ryerson;26;DEFENSA;Noruega;27;Borussia Dortmund;DERECHA;177;1;30;3;15;0;0;0;15.0
Felix Nmecha;8;CENTROCAMPISTA;Alemania;24;Borussia Dortmund;DERECHA;185;1;20;1;10;0;0;0;15.0
Jamie Bynoe-Gittens;43;DELANTERO;Inglaterra;20;Borussia Dortmund;DERECHA;181;2;25;4;40;0;0;0;25.0
Ramy Bensebaini;5;DEFENSA;Argelia;29;Borussia Dortmund;IZQUIERDA;186;0;25;2;15;0;0;0;15.0
Youssoufa Moukoko;18;DELANTERO;Alemania;20;Borussia Dortmund;DERECHA;179;3;20;1;10;0;0;0;20.0
Salih Özcan;6;CENTROCAMPISTA;Turquía;26;Borussia Dortmund;DERECHA;180;0;25;1;5;0;0;0;10.0
Marius Wolf;17;DEFENSA;Alemania;29;Borussia Dortmund;DERECHA;187;1;30;3;15;0;0;0;8.0
Marco Reus;11;CENTROCAMPISTA;Alemania;35;Borussia Dortmund;DERECHA;180;6;25;5;20;0;0;0;7.0
Karim Adeyemi;27;DELANTERO;Alemania;22;Borussia Dortmund;DERECHA;177;3;20;3;30;0;0;0;28.0
Péter Gulácsi;1;PORTERO;Hungría;34;RB Leipzig;DERECHA;190;0;30;0;0;10;90;40;5.0
Willi Orbán;4;DEFENSA;Hungría;32;RB Leipzig;DERECHA;186;2;25;0;3;0;0;0;10.0
Xavi Simons;20;CENTROCAMPISTA;Países Bajos;21;RB Leipzig;DERECHA;168;8;35;11;85;0;0;0;80.0
Loïs Openda;17;DELANTERO;Bélgica;24;RB Leipzig;DERECHA;177;24;36;4;40;0;0;0;60.0
Mohamed Simakan;2;DEFENSA;Francia;24;RB Leipzig;DERECHA;187;1;30;2;10;0;0;0;35.0
Janis Blaswich;21;PORTERO;Alemania;33;RB Leipzig;DERECHA;193;0;8;0;0;2;20;10;2.0
David Raum;22;DEFENSA;Alemania;26;RB Leipzig;IZQUIERDA;180;1;30;7;30;0;0;0;25.0
Amadou Haidara;8;CENTROCAMPISTA;Mali;26;RB Leipzig;DERECHA;174;1;30;2;15;0;0;0;18.0
Timo Werner;11;DELANTERO;Alemania;28;RB Leipzig;DERECHA;180;2;15;1;10;0;0;0;15.0
Yussuf Poulsen;9;DELANTERO;Dinamarca;30;RB Leipzig;DERECHA;193;5;30;2;5;0;0;0;8.0
Emil Forsberg;10;CENTROCAMPISTA;Suecia;33;RB Leipzig;DERECHA;179;4;25;5;25;0;0;0;10.0
Castello Lukeba;23;DEFENSA;Francia;22;RB Leipzig;IZQUIERDA;183;1;35;0;5;0;0;0;40.0
Kevin Kampl;44;CENTROCAMPISTA;Eslovenia;34;RB Leipzig;DERECHA;178;0;20;1;5;0;0;0;5.0
Benjamin Šeško;30;DELANTERO;Eslovenia;21;RB Leipzig;DERECHA;195;7;25;1;10;0;0;0;40.0
Lukas Klostermann;16;DEFENSA;Alemania;28;RB Leipzig;DERECHA;189;1;25;1;5;0;0;0;15.0
Dani Olmo;7;CENTROCAMPISTA;España;26;RB Leipzig;DERECHA;179;4;20;5;40;0;0;0;50.0
Christoph Baumgartner;14;CENTROCAMPISTA;Austria;25;RB Leipzig;DERECHA;179;2;25;3;20;0;0;0;20.0
Benjamin Henrichs;39;DEFENSA;Alemania;27;RB Leipzig;DERECHA;183;1;30;4;25;0;0;0;20.0
Eljif Elmas;6;CENTROCAMPISTA;Macedonia del Norte;25;RB Leipzig;DERECHA;182;1;15;1;10;0;0;0;20.0
Nicolas Seiwald;24;CENTROCAMPISTA;Austria;23;RB Leipzig;DERECHA;178;0;20;1;5;0;0;0;18.0
Lukáš Hrádecký;1;PORTERO;Finlandia;35;Bayer Leverkusen;DERECHA;192;0;34;0;0;14;100;30;3.0
Jonathan Tah;4;DEFENSA;Alemania;28;Bayer Leverkusen;DERECHA;195;6;33;0;5;0;0;0;30.0
Granit Xhaka;34;CENTROCAMPISTA;Suiza;32;Bayer Leverkusen;IZQUIERDA;186;3;38;7;20;0;0;0;20.0
Victor Boniface;22;DELANTERO;Nigeria;24;Bayer Leverkusen;DERECHA;190;18;35;10;40;0;0;0;40.0
Edmond Tapsoba;12;DEFENSA;Burkina Faso;25;Bayer Leverkusen;DERECHA;192;0;33;1;5;0;0;0;45.0
Matěj Kovář;17;PORTERO;República Checa;24;Bayer Leverkusen;DERECHA;196;0;4;0;0;1;10;5;5.0
Odilon Kossounou;6;DEFENSA;Costa de Marfil;23;Bayer Leverkusen;DERECHA;191;1;25;1;5;0;0;0;25.0
Florian Wirtz;10;CENTROCAMPISTA;Alemania;21;Bayer Leverkusen;DERECHA;177;11;38;16;95;0;0;0;130.0
Patrik Schick;14;DELANTERO;República Checa;28;Bayer Leverkusen;IZQUIERDA;187;7;20;2;5;0;0;0;22.0
Amine Adli;21;DELANTERO;Francia;24;Bayer Leverkusen;DERECHA;178;5;30;7;50;0;0;0;25.0
Exequiel Palacios;25;CENTROCAMPISTA;Argentina;26;Bayer Leverkusen;DERECHA;177;4;35;3;20;0;0;0;40.0
Piero Hincapié;3;DEFENSA;Ecuador;22;Bayer Leverkusen;IZQUIERDA;184;1;30;1;10;0;0;0;35.0
Robert Andrich;8;CENTROCAMPISTA;Alemania;30;Bayer Leverkusen;DERECHA;189;2;30;4;15;0;0;0;15.0
Jonas Hofmann;7;DELANTERO;Alemania;32;Bayer Leverkusen;DERECHA;178;5;35;10;40;0;0;0;15.0
Josip Stanišić;24;DEFENSA;Croacia;24;Bayer Leverkusen;DERECHA;186;0;25;2;10;0;0;0;18.0
Nathan Tella;19;DELANTERO;Nigeria;25;Bayer Leverkusen;DERECHA;181;4;25;2;25;0;0;0;15.0
Gustavo Puerta;32;CENTROCAMPISTA;Colombia;21;Bayer Leverkusen;DERECHA;180;0;10;0;5;0;0;0;5.0
Mitchel Bakker;5;DEFENSA;Países Bajos;24;Bayer Leverkusen;IZQUIERDA;185;0;15;1;10;0;0;0;10.0
Adam Hložek;23;DELANTERO;República Checa;22;Bayer Leverkusen;DERECHA;188;2;20;3;10;0;0;0;15.0
Jeremie Frimpong;30;DEFENSA;Países Bajos;24;Bayer Leverkusen;DERECHA;171;9;35;11;70;0;0;0;50.0
Jonas Omlin;1;PORTERO;Suiza;30;Borussia Mönchengladbach;DERECHA;190;0;25;0;0;8;75;35;6.0
Ko Itakura;3;DEFENSA;Japón;27;Borussia Mönchengladbach;DERECHA;184;0;30;0;5;0;0;0;15.0
Julian Weigl;8;CENTROCAMPISTA;Alemania;29;Borussia Mönchengladbach;DERECHA;187;1;30;2;10;0;0;0;10.0
Alassane Pléa;14;DELANTERO;Francia;31;Borussia Mönchengladbach;DERECHA;183;7;35;8;40;0;0;0;8.0
Nico Elvedi;30;DEFENSA;Suiza;28;Borussia Mönchengladbach;DERECHA;189;0;35;0;5;0;0;0;12.0
Moritz Nicolas;33;PORTERO;Alemania;27;Borussia Mönchengladbach;DERECHA;190;0;10;0;0;2;30;10;1.0
Marvin Friedrich;5;DEFENSA;Alemania;29;Borussia Mönchengladbach;DERECHA;190;1;20;0;3;0;0;0;4.0
Manu Koné;17;CENTROCAMPISTA;Francia;23;Borussia Mönchengladbach;DERECHA;185;1;25;2;30;0;0;0;25.0
Tomáš Čvančara;31;DELANTERO;República Checa;24;Borussia Mönchengladbach;DERECHA;185;5;20;1;5;0;0;0;10.0
Jordan Siebatcheu;13;DELANTERO;EE. UU.;28;Borussia Mönchengladbach;DERECHA;190;3;15;1;5;0;0;0;5.0
Christoph Kramer;6;CENTROCAMPISTA;Alemania;33;Borussia Mönchengladbach;DERECHA;191;0;25;1;5;0;0;0;3.0
Joe Scally;29;DEFENSA;EE. UU.;21;Borussia Mönchengladbach;DERECHA;178;1;30;3;15;0;0;0;15.0
Florian Neuhaus;10;CENTROCAMPISTA;Alemania;27;Borussia Mönchengladbach;DERECHA;183;3;25;4;20;0;0;0;15.0
Robin Hack;25;DELANTERO;Alemania;26;Borussia Mönchengladbach;DERECHA;175;4;20;2;15;0;0;0;5.0
Luca Netz;20;DEFENSA;Alemania;21;Borussia Mönchengladbach;IZQUIERDA;180;0;25;3;20;0;0;0;10.0
Franck Honorat;9;DELANTERO;Francia;28;Borussia Mönchengladbach;DERECHA;178;3;25;4;30;0;0;0;8.0
Rocco Reitz;27;CENTROCAMPISTA;Alemania;22;Borussia Mönchengladbach;DERECHA;182;1;20;1;5;0;0;0;4.0
Stefan Lainer;18;DEFENSA;Austria;32;Borussia Mönchengladbach;DERECHA;175;0;15;1;5;0;0;0;2.0
Patrick Herrmann;7;DELANTERO;Alemania;33;Borussia Mönchengladbach;DERECHA;179;1;10;0;3;0;0;0;1.0
Tony Jantschke;24;DEFENSA;Alemania;34;Borussia Mönchengladbach;DERECHA;177;0;5;0;1;0;0;0;0.5
Kevin Trapp;1;PORTERO;Alemania;34;Eintracht Frankfurt;DERECHA;189;0;38;0;0;10;110;50;8.0
Robin Koch;4;DEFENSA;Alemania;28;Eintracht Frankfurt;DERECHA;190;3;35;1;5;0;0;0;25.0
Ellyes Skhiri;15;CENTROCAMPISTA;Túnez;29;Eintracht Frankfurt;DERECHA;185;2;30;1;10;0;0;0;12.0
Omar Marmoush;7;DELANTERO;Egipto;25;Eintracht Frankfurt;DERECHA;183;12;35;6;50;0;0;0;30.0
Willian Pacho;3;DEFENSA;Ecuador;23;Eintracht Frankfurt;IZQUIERDA;187;0;38;0;5;0;0;0;35.0
Jens Grahl;33;PORTERO;Alemania;36;Eintracht Frankfurt;DERECHA;191;0;5;0;0;1;10;5;0.5
Makoto Hasebe;20;DEFENSA;Japón;40;Eintracht Frankfurt;DERECHA;180;0;10;0;1;0;0;0;0.5
Mario Götze;27;CENTROCAMPISTA;Alemania;32;Eintracht Frankfurt;DERECHA;176;4;30;6;35;0;0;0;6.0
Hugo Ekitike;11;DELANTERO;Francia;22;Eintracht Frankfurt;DERECHA;190;3;15;1;10;0;0;0;20.0
Jessic Ngankam;29;DELANTERO;Alemania;24;Eintracht Frankfurt;DERECHA;182;1;10;0;3;0;0;0;5.0
Djibril Sow;8;CENTROCAMPISTA;Suiza;27;Eintracht Frankfurt;DERECHA;180;2;25;2;15;0;0;0;12.0
Evan Ndicka;2;DEFENSA;Francia;25;Eintracht Frankfurt;IZQUIERDA;192;1;30;1;5;0;0;0;30.0
Sebastian Rode;17;CENTROCAMPISTA;Alemania;34;Eintracht Frankfurt;DERECHA;179;0;15;1;3;0;0;0;1.5
Ansgar Knauff;36;DELANTERO;Alemania;22;Eintracht Frankfurt;DERECHA;180;3;30;4;30;0;0;0;15.0
Tuta;35;DEFENSA;Brasil;25;Eintracht Frankfurt;DERECHA;184;1;35;0;5;0;0;0;18.0
Lucas Alario;9;DELANTERO;Argentina;32;Eintracht Frankfurt;DERECHA;184;1;10;0;2;0;0;0;2.0
Fares Chaibi;26;CENTROCAMPISTA;Argelia;22;Eintracht Frankfurt;IZQUIERDA;180;2;30;5;35;0;0;0;20.0
Aurélio Buta;24;DEFENSA;Portugal;27;Eintracht Frankfurt;DERECHA;180;1;25;3;20;0;0;0;8.0
Junior Dina Ebimbe;25;CENTROCAMPISTA;Francia;24;Eintracht Frankfurt;DERECHA;183;3;25;2;25;0;0;0;15.0
Niels Nkounkou;21;DEFENSA;Francia;24;Eintracht Frankfurt;IZQUIERDA;178;0;15;2;15;0;0;0;5.0
Koen Casteels;1;PORTERO;Bélgica;32;VfL Wolfsburg;DERECHA;197;0;30;0;0;8;90;40;8.0
Maxence Lacroix;4;DEFENSA;Francia;24;VfL Wolfsburg;DERECHA;190;0;30;1;5;0;0;0;20.0
Lovro Majer;10;CENTROCAMPISTA;Croacia;26;VfL Wolfsburg;IZQUIERDA;178;5;30;7;40;0;0;0;25.0
Jonas Wind;23;DELANTERO;Dinamarca;25;VfL Wolfsburg;DERECHA;190;11;35;6;15;0;0;0;20.0
Sebastiaan Bornauw;3;DEFENSA;Bélgica;25;VfL Wolfsburg;DERECHA;191;1;25;0;3;0;0;0;10.0
Pavao Pervan;12;PORTERO;Austria;36;VfL Wolfsburg;DERECHA;187;0;5;0;0;1;10;5;0.5
Moritz Jenz;2;DEFENSA;Alemania;25;VfL Wolfsburg;IZQUIERDA;190;0;20;0;3;0;0;0;5.0
Maximilian Arnold;27;CENTROCAMPISTA;Alemania;30;VfL Wolfsburg;IZQUIERDA;184;1;35;3;10;0;0;0;12.0
Tiago Tomás;11;DELANTERO;Portugal;22;VfL Wolfsburg;DERECHA;173;3;25;2;20;0;0;0;10.0
Lukas Nmecha;23;DELANTERO;Alemania;26;VfL Wolfsburg;DERECHA;185;1;10;0;3;0;0;0;10.0
Mattias Svanberg;32;CENTROCAMPISTA;Suecia;25;VfL Wolfsburg;DERECHA;185;3;30;2;15;0;0;0;15.0
Cédric Zesiger;5;DEFENSA;Suiza;26;VfL Wolfsburg;IZQUIERDA;194;1;25;0;3;0;0;0;10.0
Yannick Gerhardt;31;CENTROCAMPISTA;Alemania;30;VfL Wolfsburg;IZQUIERDA;184;1;25;2;10;0;0;0;8.0
Václav Černý;17;DELANTERO;República Checa;27;VfL Wolfsburg;DERECHA;175;3;25;3;30;0;0;0;10.0
Ridle Baku;20;DEFENSA;Alemania;26;VfL Wolfsburg;DERECHA;180;1;30;4;25;0;0;0;15.0
Patrick Wimmer;39;DELANTERO;Austria;23;VfL Wolfsburg;IZQUIERDA;180;2;20;3;25;0;0;0;15.0
Felix Nmecha;28;CENTROCAMPISTA;Alemania;24;VfL Wolfsburg;DERECHA;185;1;10;1;5;0;0;0;10.0
Joakim Mæhle;21;DEFENSA;Dinamarca;27;VfL Wolfsburg;DERECHA;185;1;30;3;20;0;0;0;15.0
Kamil Grabara;24;PORTERO;Polonia;25;VfL Wolfsburg;DERECHA;190;0;5;0;0;1;10;5;5.0
Amin Sarr;9;DELANTERO;Suecia;23;VfL Wolfsburg;DERECHA;185;1;10;0;3;0;0;0;8.0
Frederik Rønnow;1;PORTERO;Dinamarca;32;Union Berlin;DERECHA;190;0;30;0;0;10;90;40;4.0
Robin Knoche;31;DEFENSA;Alemania;32;Union Berlin;DERECHA;190;2;35;0;5;0;0;0;5.0
Rani Khedira;8;CENTROCAMPISTA;Alemania;30;Union Berlin;DERECHA;188;0;30;1;5;0;0;0;10.0
Kevin Volland;10;DELANTERO;Alemania;32;Union Berlin;IZQUIERDA;179;5;30;4;15;0;0;0;5.0
Diogo Leite;4;DEFENSA;Portugal;25;Union Berlin;IZQUIERDA;188;0;30;1;5;0;0;0;15.0
Jakob Busk;37;PORTERO;Dinamarca;31;Union Berlin;DERECHA;188;0;5;0;0;1;10;5;0.5
Danilho Doekhi;3;DEFENSA;Países Bajos;26;Union Berlin;DERECHA;190;2;25;0;3;0;0;0;10.0
Lucas Tousart;29;CENTROCAMPISTA;Francia;27;Union Berlin;DERECHA;185;1;25;1;10;0;0;0;10.0
Sheraldo Becker;27;DELANTERO;Surinam;29;Union Berlin;DERECHA;180;3;20;2;20;0;0;0;8.0
David Fofana;28;DELANTERO;Costa de Marfil;22;Union Berlin;DERECHA;181;2;15;0;5;0;0;0;10.0
Aissa Laïdouni;6;CENTROCAMPISTA;Túnez;28;Union Berlin;DERECHA;180;1;25;2;10;0;0;0;4.0
Leonardo Bonucci;23;DEFENSA;Italia;37;Union Berlin;DERECHA;190;0;10;0;1;0;0;0;2.0
Janik Haberer;19;CENTROCAMPISTA;Alemania;30;Union Berlin;DERECHA;186;2;25;3;15;0;0;0;5.0
Benedict Hollerbach;11;DELANTERO;Alemania;23;Union Berlin;DERECHA;179;4;20;1;10;0;0;0;8.0
Josip Juranović;18;DEFENSA;Croacia;29;Union Berlin;DERECHA;175;0;25;4;20;0;0;0;8.0
Mikkel Kaufmann;14;DELANTERO;Dinamarca;23;Union Berlin;DERECHA;190;1;15;0;3;0;0;0;3.0
András Schäfer;13;CENTROCAMPISTA;Hungría;25;Union Berlin;DERECHA;180;1;20;1;10;0;0;0;5.0
Christopher Trimmel;28;DEFENSA;Austria;37;Union Berlin;DERECHA;181;0;15;2;5;0;0;0;1.0
Jamie Leweling;17;DELANTERO;Alemania;23;Union Berlin;DERECHA;181;1;10;0;5;0;0;0;4.0
Aljoscha Kemlein;33;CENTROCAMPISTA;Alemania;22;Union Berlin;DERECHA;186;0;5;0;1;0;0;0;1.0
Noah Atubolu;1;PORTERO;Alemania;22;SC Freiburg;DERECHA;190;0;30;0;0;8;90;45;6.0
Matthias Ginter;28;DEFENSA;Alemania;30;SC Freiburg;DERECHA;191;1;35;1;5;0;0;0;12.0
Maximilian Eggestein;8;CENTROCAMPISTA;Alemania;28;SC Freiburg;DERECHA;184;2;38;4;20;0;0;0;10.0
Vincenzo Grifo;32;DELANTERO;Italia;31;SC Freiburg;IZQUIERDA;180;8;35;9;40;0;0;0;10.0
Lukas Kübler;17;DEFENSA;Alemania;32;SC Freiburg;DERECHA;187;1;30;2;5;0;0;0;3.0
Florian Müller;21;PORTERO;Alemania;27;SC Freiburg;DERECHA;190;0;8;0;0;2;20;10;2.0
Philipp Lienhart;3;DEFENSA;Austria;28;SC Freiburg;DERECHA;189;0;25;0;3;0;0;0;10.0
Nicolas Höfler;27;CENTROCAMPISTA;Alemania;34;SC Freiburg;DERECHA;185;1;30;1;5;0;0;0;2.0
Michael Gregoritsch;38;DELANTERO;Austria;30;SC Freiburg;IZQUIERDA;193;7;30;4;10;0;0;0;8.0
Lucas Höler;9;DELANTERO;Alemania;30;SC Freiburg;DERECHA;188;7;35;2;5;0;0;0;6.0
Ritsu Dōan;42;CENTROCAMPISTA;Japón;26;SC Freiburg;IZQUIERDA;172;4;35;5;40;0;0;0;18.0
Manuel Gulde;5;DEFENSA;Alemania;33;SC Freiburg;DERECHA;187;0;15;0;2;0;0;0;1.0
Roland Sallai;22;CENTROCAMPISTA;Hungría;27;SC Freiburg;DERECHA;182;3;25;4;25;0;0;0;12.0
Noah Weißhaupt;37;DELANTERO;Alemania;23;SC Freiburg;IZQUIERDA;180;1;20;2;20;0;0;0;5.0
Haidara;24;DEFENSA;Mali;26;SC Freiburg;DERECHA;188;0;10;0;2;0;0;0;5.0
Junior Adamu;29;DELANTERO;Austria;23;SC Freiburg;DERECHA;183;1;15;0;5;0;0;0;8.0
Yannik Keitel;23;CENTROCAMPISTA;Alemania;24;SC Freiburg;DERECHA;184;0;15;1;5;0;0;0;5.0
Kiliann Sildillia;25;DEFENSA;Francia;22;SC Freiburg;DERECHA;186;0;30;3;15;0;0;0;10.0
Maximilian Philipp;11;DELANTERO;Alemania;30;SC Freiburg;DERECHA;178;1;10;0;3;0;0;0;2.0
Daniel-Kofi Kyereh;26;CENTROCAMPISTA;Ghana;28;SC Freiburg;DERECHA;178;0;5;0;1;0;0;0;1.0
Alexander Nübel;33;PORTERO;Alemania;28;VfB Stuttgart;DERECHA;193;0;38;0;0;12;110;45;12.0
Waldemar Anton;2;DEFENSA;Alemania;28;VfB Stuttgart;DERECHA;189;1;38;2;5;0;0;0;20.0
Atakan Karazor;16;CENTROCAMPISTA;Turquía;28;VfB Stuttgart;DERECHA;188;0;35;1;10;0;0;0;15.0
Serhou Guirassy;9;DELANTERO;Guinea;28;VfB Stuttgart;DERECHA;187;28;28;3;15;0;0;0;40.0
Dan-Axel Zagadou;2;DEFENSA;Francia;25;VfB Stuttgart;IZQUIERDA;196;0;20;0;3;0;0;0;10.0
Fabian Bredlow;1;PORTERO;Alemania;29;VfB Stuttgart;DERECHA;190;0;5;0;0;1;15;5;2.0
Hiroki Itō;21;DEFENSA;Japón;25;VfB Stuttgart;IZQUIERDA;186;0;30;2;10;0;0;0;25.0
Chris Führich;8;CENTROCAMPISTA;Alemania;26;VfB Stuttgart;DERECHA;178;8;38;7;50;0;0;0;28.0
Deniz Undav;26;DELANTERO;Alemania;28;VfB Stuttgart;DERECHA;179;18;30;8;25;0;0;0;25.0
Silas Katompa Mvumpa;11;DELANTERO;RD Congo;26;VfB Stuttgart;DERECHA;189;5;30;4;45;0;0;0;12.0
Angelo Stiller;6;CENTROCAMPISTA;Alemania;23;VfB Stuttgart;IZQUIERDA;183;1;35;4;20;0;0;0;20.0
Pascal Stenzel;15;DEFENSA;Alemania;28;VfB Stuttgart;DERECHA;183;0;25;3;10;0;0;0;4.0
Enzo Millot;8;CENTROCAMPISTA;Francia;22;VfB Stuttgart;DERECHA;175;5;30;5;35;0;0;0;20.0
Jamie Leweling;18;DELANTERO;Alemania;23;VfB Stuttgart;DERECHA;181;4;30;2;25;0;0;0;10.0
Josha Vagnoman;4;DEFENSA;Alemania;24;VfB Stuttgart;DERECHA;186;1;25;3;20;0;0;0;15.0
Woo-yeong Jeong;10;DELANTERO;Corea del Sur;25;VfB Stuttgart;DERECHA;179;0;20;1;10;0;0;0;5.0
Lilian Egloff;28;CENTROCAMPISTA;Alemania;22;VfB Stuttgart;DERECHA;178;0;10;0;3;0;0;0;1.0
Anthony Rouault;24;DEFENSA;Francia;23;VfB Stuttgart;DERECHA;187;0;25;0;3;0;0;0;8.0
Genki Haraguchi;17;CENTROCAMPISTA;Japón;33;VfB Stuttgart;DERECHA;177;0;10;0;3;0;0;0;0.8
Roberto Massimo;7;DELANTERO;Alemania;24;VfB Stuttgart;DERECHA;178;0;5;0;2;0;0;0;1.0
Oliver Baumann;1;PORTERO;Alemania;34;TSG Hoffenheim;DERECHA;187;0;38;0;0;10;110;55;4.0
Ozan Kabak;4;DEFENSA;Turquía;24;TSG Hoffenheim;DERECHA;186;3;35;0;5;0;0;0;15.0
Grischa Prömel;8;CENTROCAMPISTA;Alemania;29;TSG Hoffenheim;DERECHA;187;4;30;3;15;0;0;0;10.0
Andre Kramarić;27;DELANTERO;Croacia;33;TSG Hoffenheim;DERECHA;177;12;35;5;30;0;0;0;8.0
Kevin Akpoguma;25;DEFENSA;Nigeria;29;TSG Hoffenheim;DERECHA;190;0;25;1;5;0;0;0;5.0
Luca Philipp;12;PORTERO;Alemania;24;TSG Hoffenheim;DERECHA;188;0;5;0;0;1;10;5;0.5
John Brooks;15;DEFENSA;EE. UU.;31;TSG Hoffenheim;IZQUIERDA;193;1;20;0;2;0;0;0;3.0
Anton Stach;16;CENTROCAMPISTA;Alemania;26;TSG Hoffenheim;DERECHA;194;2;35;4;20;0;0;0;15.0
Wout Weghorst;10;DELANTERO;Países Bajos;32;TSG Hoffenheim;DERECHA;197;7;30;3;10;0;0;0;8.0
Ihlas Bebou;9;DELANTERO;Togo;30;TSG Hoffenheim;DERECHA;185;5;25;2;20;0;0;0;6.0
Dennis Geiger;11;CENTROCAMPISTA;Alemania;26;TSG Hoffenheim;DERECHA;180;0;15;1;5;0;0;0;5.0
Pavel Kadeřábek;3;DEFENSA;República Checa;32;TSG Hoffenheim;DERECHA;182;0;30;4;20;0;0;0;5.0
Robert Skov;29;CENTROCAMPISTA;Dinamarca;28;TSG Hoffenheim;IZQUIERDA;185;2;25;3;20;0;0;0;8.0
Marius Bülter;21;DELANTERO;Alemania;31;TSG Hoffenheim;IZQUIERDA;188;3;30;2;15;0;0;0;4.0
Attila Szalai;41;DEFENSA;Hungría;26;TSG Hoffenheim;IZQUIERDA;192;0;15;0;3;0;0;0;8.0
Maximilian Beier;14;DELANTERO;Alemania;22;TSG Hoffenheim;DERECHA;185;10;35;5;40;0;0;0;30.0
Florian Grillitsch;32;CENTROCAMPISTA;Austria;29;TSG Hoffenheim;DERECHA;187;0;20;1;5;0;0;0;8.0
Stanley Nsoki;23;DEFENSA;Francia;25;TSG Hoffenheim;IZQUIERDA;186;0;15;0;3;0;0;0;6.0
Bambasé Conté;38;CENTROCAMPISTA;Alemania;21;TSG Hoffenheim;DERECHA;183;0;10;0;5;0;0;0;3.0
Marco John;34;DEFENSA;Alemania;22;TSG Hoffenheim;IZQUIERDA;178;0;5;0;2;0;0;0;1.0
Robin Zentner;27;PORTERO;Alemania;30;FSV Mainz 05;DERECHA;194;0;35;0;0;9;105;50;5.0
Stefan Bell;4;DEFENSA;Alemania;33;FSV Mainz 05;DERECHA;192;1;30;0;5;0;0;0;3.0
Dominik Kohr;34;CENTROCAMPISTA;Alemania;30;FSV Mainz 05;DERECHA;186;0;30;1;5;0;0;0;4.0
Karim Onisiwo;9;DELANTERO;Austria;32;FSV Mainz 05;DERECHA;188;5;30;3;20;0;0;0;4.0
Edimilson Fernandes;3;DEFENSA;Suiza;28;FSV Mainz 05;DERECHA;190;0;25;1;5;0;0;0;5.0
Daniel Batz;33;PORTERO;Alemania;33;FSV Mainz 05;DERECHA;186;0;5;0;0;1;15;5;0.5
Andreas Hanche-Olsen;25;DEFENSA;Noruega;27;FSV Mainz 05;DERECHA;185;0;25;0;3;0;0;0;8.0
Leandro Barreiro;8;CENTROCAMPISTA;Luxemburgo;24;FSV Mainz 05;DERECHA;178;2;35;3;20;0;0;0;14.0
Ludovic Ajorque;17;DELANTERO;Francia;30;FSV Mainz 05;DERECHA;197;5;25;1;5;0;0;0;6.0
Jonathan Burkardt;29;DELANTERO;Alemania;24;FSV Mainz 05;DERECHA;181;3;20;2;15;0;0;0;8.0
Anton Stach;6;CENTROCAMPISTA;Alemania;26;FSV Mainz 05;DERECHA;194;2;30;3;15;0;0;0;12.0
Silvan Widmer;30;DEFENSA;Suiza;31;FSV Mainz 05;DERECHA;189;1;30;4;20;0;0;0;4.0
Lee Jae-sung;7;CENTROCAMPISTA;Corea del Sur;32;FSV Mainz 05;DERECHA;180;3;30;5;25;0;0;0;4.0
Brajan Gruda;43;DELANTERO;Alemania;20;FSV Mainz 05;DERECHA;180;1;15;1;10;0;0;0;10.0
Danny da Costa;18;DEFENSA;Alemania;31;FSV Mainz 05;DERECHA;186;0;20;2;10;0;0;0;2.0
Marcus Ingvartsen;11;DELANTERO;Dinamarca;28;FSV Mainz 05;DERECHA;180;2;15;1;5;0;0;0;4.0
Tom Krauß;28;CENTROCAMPISTA;Alemania;23;FSV Mainz 05;DERECHA;180;0;20;1;5;0;0;0;5.0
Moussa Niakhaté;19;DEFENSA;Senegal;28;FSV Mainz 05;IZQUIERDA;190;1;10;0;2;0;0;0;10.0
Nelson Weiper;41;DELANTERO;Alemania;19;FSV Mainz 05;DERECHA;190;0;5;0;1;0;0;0;2.0
Aymane Barkok;14;CENTROCAMPISTA;Marruecos;26;FSV Mainz 05;DERECHA;188;0;10;0;3;0;0;0;1.5
Finn Dahmen;1;PORTERO;Alemania;26;FC Augsburg;DERECHA;188;0;35;0;0;8;100;55;5.0
Jeffrey Gouweleeuw;6;DEFENSA;Países Bajos;33;FC Augsburg;DERECHA;185;0;30;0;5;0;0;0;3.0
Elvis Rexhbeçaj;8;CENTROCAMPISTA;Kosovo;27;FC Augsburg;DERECHA;176;2;35;3;15;0;0;0;6.0
Ermedin Demirović;9;DELANTERO;Bosnia;26;FC Augsburg;DERECHA;185;15;38;9;25;0;0;0;20.0
Felix Uduokhai;19;DEFENSA;Alemania;27;FC Augsburg;IZQUIERDA;187;0;30;0;5;0;0;0;6.0
Tomáš Koubek;40;PORTERO;República Checa;32;FC Augsburg;DERECHA;196;0;5;0;0;1;15;5;1.0
Maximilian Bauer;23;DEFENSA;Alemania;24;FC Augsburg;DERECHA;186;1;25;0;3;0;0;0;4.0
Arne Maier;10;CENTROCAMPISTA;Alemania;25;FC Augsburg;DERECHA;183;1;20;2;15;0;0;0;5.0
Sven Michel;11;DELANTERO;Alemania;34;FC Augsburg;DERECHA;180;2;15;1;5;0;0;0;1.0
Phillip Tietz;20;DELANTERO;Alemania;27;FC Augsburg;DERECHA;190;7;35;3;10;0;0;0;5.0
Fredrik Jensen;24;CENTROCAMPISTA;Finlandia;27;FC Augsburg;DERECHA;182;1;25;2;15;0;0;0;3.0
Robert Gumny;2;DEFENSA;Polonia;26;FC Augsburg;DERECHA;180;0;25;3;15;0;0;0;4.0
Niklas Dorsch;17;CENTROCAMPISTA;Alemania;26;FC Augsburg;DERECHA;178;0;20;1;5;0;0;0;4.0
Dion Beljo;21;DELANTERO;Croacia;22;FC Augsburg;DERECHA;195;2;15;1;5;0;0;0;5.0
Mads Pedersen;3;DEFENSA;Dinamarca;28;FC Augsburg;IZQUIERDA;178;0;30;4;20;0;0;0;4.0
Ruben Vargas;16;DELANTERO;Suiza;26;FC Augsburg;IZQUIERDA;174;3;30;4;30;0;0;0;6.0
Tim Breithaupt;30;CENTROCAMPISTA;Alemania;22;FC Augsburg;DERECHA;189;0;15;0;3;0;0;0;2.0
Kevin Mbabu;29;DEFENSA;Suiza;29;FC Augsburg;DERECHA;184;0;10;1;5;0;0;0;4.0
Arne Engels;14;CENTROCAMPISTA;Bélgica;21;FC Augsburg;DERECHA;185;0;25;3;15;0;0;0;6.0
Masaya Okugawa;15;DELANTERO;Japón;28;FC Augsburg;DERECHA;175;1;10;0;5;0;0;0;2.0
Jiří Pavlenka;1;PORTERO;República Checa;32;Werder Bremen;DERECHA;196;0;30;0;0;8;90;45;3.0
Milos Veljkovic;13;DEFENSA;Serbia;29;Werder Bremen;DERECHA;188;0;30;1;5;0;0;0;6.0
Leonardo Bittencourt;10;CENTROCAMPISTA;Alemania;31;Werder Bremen;DERECHA;170;3;30;4;30;0;0;0;4.0
Marvin Ducksch;7;DELANTERO;Alemania;30;Werder Bremen;DERECHA;188;12;35;9;20;0;0;0;15.0
Marco Friedl;32;DEFENSA;Austria;26;Werder Bremen;IZQUIERDA;187;1;30;0;5;0;0;0;8.0
Michael Zetterer;30;PORTERO;Alemania;29;Werder Bremen;DERECHA;187;0;8;0;0;2;20;10;2.0
Amos Pieper;5;DEFENSA;Alemania;26;Werder Bremen;DERECHA;191;0;25;0;3;0;0;0;5.0
Jens Stage;6;CENTROCAMPISTA;Dinamarca;27;Werder Bremen;DERECHA;180;3;35;3;15;0;0;0;8.0
Nick Woltemade;19;DELANTERO;Alemania;22;Werder Bremen;DERECHA;192;2;20;1;5;0;0;0;3.0
Justin Njinmah;17;DELANTERO;Alemania;24;Werder Bremen;DERECHA;179;4;25;2;20;0;0;0;4.0
Romano Schmid;20;CENTROCAMPISTA;Austria;24;Werder Bremen;DERECHA;170;1;30;5;30;0;0;0;8.0
Niklas Stark;4;DEFENSA;Alemania;29;Werder Bremen;DERECHA;190;1;35;0;5;0;0;0;5.0
Mitchell Weiser;8;CENTROCAMPISTA;Alemania;30;Werder Bremen;DERECHA;177;2;30;6;35;0;0;0;5.0
Dawid Kownacki;9;DELANTERO;Polonia;27;Werder Bremen;DERECHA;185;1;15;0;3;0;0;0;2.0
Anthony Jung;27;DEFENSA;Alemania;33;Werder Bremen;IZQUIERDA;180;0;25;2;10;0;0;0;1.5
Rafael Borré;18;DELANTERO;Colombia;29;Werder Bremen;DERECHA;175;3;20;1;10;0;0;0;4.0
Senne Lynen;14;CENTROCAMPISTA;Bélgica;25;Werder Bremen;DERECHA;183;0;25;1;5;0;0;0;4.0
Felix Agu;23;DEFENSA;Alemania;25;Werder Bremen;DERECHA;178;0;15;1;5;0;0;0;2.0
Christian Groß;35;CENTROCAMPISTA;Alemania;35;Werder Bremen;DERECHA;185;0;10;0;2;0;0;0;0.5
Olivier Deman;22;DEFENSA;Bélgica;24;Werder Bremen;IZQUIERDA;177;0;10;1;5;0;0;0;1.5
Marvin Schwäbe;20;PORTERO;Alemania;29;FC Koln;DERECHA;186;0;35;0;0;9;105;50;5.0
Jeff Chabot;24;DEFENSA;Alemania;26;FC Koln;IZQUIERDA;195;1;30;0;3;0;0;0;5.0
Florian Kainz;11;CENTROCAMPISTA;Austria;32;FC Koln;DERECHA;176;5;35;7;35;0;0;0;4.0
Davie Selke;27;DELANTERO;Alemania;29;FC Koln;DERECHA;192;6;30;3;10;0;0;0;3.0
Timo Hübers;4;DEFENSA;Alemania;28;FC Koln;DERECHA;188;0;30;0;5;0;0;0;4.0
Philipp Pentke;20;PORTERO;Alemania;39;FC Koln;DERECHA;186;0;5;0;0;1;15;5;0.5
Luca Kilian;5;DEFENSA;Alemania;25;FC Koln;DERECHA;192;0;20;0;3;0;0;0;2.0
Dejan Ljubičić;7;CENTROCAMPISTA;Austria;27;FC Koln;DERECHA;178;2;30;3;20;0;0;0;5.0
Sargis Adamyan;23;DELANTERO;Armenia;31;FC Koln;DERECHA;180;1;15;1;5;0;0;0;1.0
Steffen Tigges;21;DELANTERO;Alemania;26;FC Koln;DERECHA;193;3;25;1;5;0;0;0;2.0
Eric Martel;6;CENTROCAMPISTA;Alemania;22;FC Koln;DERECHA;187;0;30;1;5;0;0;0;4.0
Benno Schmitz;2;DEFENSA;Alemania;30;FC Koln;DERECHA;185;0;25;3;10;0;0;0;2.0
Denis Huseinbašić;8;CENTROCAMPISTA;Alemania;23;FC Koln;DERECHA;178;1;20;2;15;0;0;0;3.0
Mark Uth;13;DELANTERO;Alemania;33;FC Koln;IZQUIERDA;185;1;10;1;3;0;0;0;1.0
Julian Chabot;24;DEFENSA;Alemania;26;FC Koln;IZQUIERDA;195;1;30;0;3;0;0;0;5.0
Rasmus Carstensen;37;DEFENSA;Dinamarca;24;FC Koln;DERECHA;183;0;20;2;10;0;0;0;3.0
Linton Maina;25;DELANTERO;Alemania;25;FC Koln;DERECHA;173;1;25;3;25;0;0;0;3.0
Mathias Olesen;18;CENTROCAMPISTA;Luxemburgo;23;FC Koln;DERECHA;180;0;15;1;5;0;0;0;1.0
Max Finkgräfe;35;DEFENSA;Alemania;20;FC Koln;IZQUIERDA;184;0;10;1;5;0;0;0;1.0
Leart Paqarada;17;DEFENSA;Kosovo;30;FC Koln;IZQUIERDA;177;0;15;2;10;0;0;0;1.5
Nikola Vasilj;1;PORTERO;Bosnia;29;FC St. Pauli;DERECHA;190;0;34;0;0;16;110;30;1.5
Eric Smith;4;DEFENSA;Suecia;27;FC St. Pauli;DERECHA;191;1;30;2;5;0;0;0;2.5
Jackson Irvine;8;CENTROCAMPISTA;Australia;31;FC St. Pauli;IZQUIERDA;189;5;34;4;15;0;0;0;1.5
Elias Saad;17;DELANTERO;Túnez;25;FC St. Pauli;DERECHA;184;7;30;5;35;0;0;0;1.5
Hauke Wahl;3;DEFENSA;Alemania;30;FC St. Pauli;DERECHA;191;0;32;0;3;0;0;0;1.0
Sascha Burchert;22;PORTERO;Alemania;35;FC St. Pauli;DERECHA;185;0;5;0;0;1;15;5;0.3
Karol Mets;33;DEFENSA;Estonia;31;FC St. Pauli;IZQUIERDA;192;1;25;0;3;0;0;0;1.0
Marcel Hartel;10;CENTROCAMPISTA;Alemania;28;FC St. Pauli;DERECHA;177;12;34;9;40;0;0;0;2.0
Johannes Eggestein;9;DELANTERO;Alemania;26;FC St. Pauli;DERECHA;183;7;30;3;10;0;0;0;1.5
Connor Metcalfe;11;CENTROCAMPISTA;Australia;25;FC St. Pauli;DERECHA;180;2;30;4;20;0;0;0;1.0
David Otto;15;DELANTERO;Alemania;25;FC St. Pauli;DERECHA;190;2;20;1;5;0;0;0;0.8
Manolis Saliakas;2;DEFENSA;Grecia;28;FC St. Pauli;DERECHA;177;0;30;4;20;0;0;0;1.0
Afeez Aremu;19;CENTROCAMPISTA;Nigeria;25;FC St. Pauli;DERECHA;185;0;20;1;5;0;0;0;1.0
Andreas Albers;26;DELANTERO;Dinamarca;34;FC St. Pauli;DERECHA;187;3;15;0;3;0;0;0;0.5
Lukas Bornschein;16;DEFENSA;Alemania;21;FC St. Pauli;DERECHA;180;0;5;0;1;0;0;0;0.3
Maurides;28;DELANTERO;Brasil;30;FC St. Pauli;DERECHA;187;1;10;0;3;0;0;0;0.5
Philipp Treu;21;DEFENSA;Alemania;23;FC St. Pauli;DERECHA;178;0;20;2;10;0;0;0;0.8
Scott Banks;7;CENTROCAMPISTA;Escocia;23;FC St. Pauli;DERECHA;175;0;10;1;5;0;0;0;0.5
Ertal Kuzu;27;DELANTERO;Alemania;20;FC St. Pauli;DERECHA;180;0;5;0;2;0;0;0;0.3
Adam Dźwigała;13;DEFENSA;Polonia;29;FC St. Pauli;DERECHA;187;0;15;0;2;0;0;0;0.5
Kevin Müller;1;PORTERO;Alemania;33;1. FC Heidenheim;DERECHA;190;0;38;0;0;10;110;55;2.0
Patrick Mainka;6;DEFENSA;Alemania;30;1. FC Heidenheim;DERECHA;188;2;38;0;5;0;0;0;4.0
Jan Schöppner;37;CENTROCAMPISTA;Alemania;25;1. FC Heidenheim;DERECHA;187;2;35;3;10;0;0;0;2.0
Tim Kleindienst;10;DELANTERO;Alemania;29;1. FC Heidenheim;DERECHA;194;12;38;4;10;0;0;0;5.0
Benedikt Gimber;30;DEFENSA;Alemania;33;1. FC Heidenheim;IZQUIERDA;189;1;35;0;3;0;0;0;2.0
Vitus Eicher;22;PORTERO;Alemania;34;1. FC Heidenheim;DERECHA;188;0;5;0;0;1;15;5;0.3
Jonas Föhrenbach;19;DEFENSA;Alemania;28;1. FC Heidenheim;IZQUIERDA;180;0;30;3;15;0;0;0;2.0
Marvin Rittmüller;23;DEFENSA;Alemania;28;1. FC Heidenheim;DERECHA;180;1;25;2;10;0;0;0;1.0
Eren Dinkçi;18;DELANTERO;Turquía;22;1. FC Heidenheim;DERECHA;188;8;30;3;35;0;0;0;6.0
Marvin Pieringer;11;DELANTERO;Alemania;25;1. FC Heidenheim;DERECHA;190;3;20;1;5;0;0;0;2.0
Adrian Beck;8;CENTROCAMPISTA;Alemania;27;1. FC Heidenheim;DERECHA;183;1;25;2;10;0;0;0;1.0
Norman Theuerkauf;27;DEFENSA;Alemania;37;1. FC Heidenheim;IZQUIERDA;185;0;20;1;3;0;0;0;0.5
Lennard Maloney;3;CENTROCAMPISTA;EE. UU.;25;1. FC Heidenheim;DERECHA;185;0;30;1;5;0;0;0;2.0
Stefan Schimmer;7;DELANTERO;Alemania;30;1. FC Heidenheim;DERECHA;180;2;15;0;3;0;0;0;0.8
Omar Traoré;20;DEFENSA;Alemania;26;1. FC Heidenheim;DERECHA;180;1;30;4;20;0;0;0;1.5
Denis Thomalla;16;DELANTERO;Alemania;32;1. FC Heidenheim;DERECHA;184;1;10;0;2;0;0;0;0.5
Nikola Dovedan;25;CENTROCAMPISTA;Austria;30;1. FC Heidenheim;DERECHA;179;1;15;1;5;0;0;0;0.8
Tim Siersleben;4;DEFENSA;Alemania;24;1. FC Heidenheim;IZQUIERDA;189;0;25;0;3;0;0;0;1.5
Christian Kühlwetter;9;DELANTERO;Alemania;28;1. FC Heidenheim;DERECHA;188;1;10;0;2;0;0;0;0.5
Florian Pick;17;CENTROCAMPISTA;Alemania;29;1. FC Heidenheim;IZQUIERDA;177;2;20;2;10;0;0;0;1.0
Daniel Heuer Fernandes;1;PORTERO;Alemania;32;Hamburgo SV;DERECHA;188;0;34;0;0;14;105;35;2.0
Sebastian Schonlau;4;DEFENSA;Alemania;30;Hamburgo SV;DERECHA;186;1;30;0;5;0;0;0;2.5
Ludovit Reis;14;CENTROCAMPISTA;Países Bajos;24;Hamburgo SV;DERECHA;178;7;33;5;30;0;0;0;8.0
Robert Glatzel;9;DELANTERO;Alemania;30;Hamburgo SV;DERECHA;193;22;34;7;10;0;0;0;3.0
Guilherme Ramos;5;DEFENSA;Portugal;27;Hamburgo SV;DERECHA;190;1;25;0;3;0;0;0;1.5
Matteo Raab;26;PORTERO;Alemania;29;Hamburgo SV;DERECHA;190;0;5;0;0;1;15;5;0.8
Jonas David;3;DEFENSA;Alemania;24;Hamburgo SV;DERECHA;189;0;20;0;3;0;0;0;1.0
Jonas Meffert;23;CENTROCAMPISTA;Alemania;30;Hamburgo SV;DERECHA;183;0;32;1;5;0;0;0;1.5
Bakery Jatta;17;DELANTERO;Gambia;26;Hamburgo SV;DERECHA;183;4;30;6;35;0;0;0;2.0
Ransford-Yeboah Königsdörffer;11;DELANTERO;Alemania;23;Hamburgo SV;DERECHA;185;3;25;2;20;0;0;0;2.0
László Bénes;8;CENTROCAMPISTA;Eslovaquia;27;Hamburgo SV;IZQUIERDA;181;10;34;8;30;0;0;0;3.0
Dennis Hadžikadunić;12;DEFENSA;Bosnia;26;Hamburgo SV;DERECHA;191;0;15;0;2;0;0;0;1.5
Anssi Suhonen;27;CENTROCAMPISTA;Finlandia;23;Hamburgo SV;DERECHA;178;1;15;1;10;0;0;0;1.0
Noah Katterbach;21;DEFENSA;Alemania;23;Hamburgo SV;IZQUIERDA;174;0;25;3;20;0;0;0;2.0
András Németh;20;DELANTERO;Eslovaquia;22;Hamburgo SV;DERECHA;183;1;10;0;3;0;0;0;1.0
Ignace Van der Brempt;28;DEFENSA;Bélgica;22;Hamburgo SV;DERECHA;187;0;20;2;15;0;0;0;2.0
Stephan Ambrosius;34;DEFENSA;Ghana;26;Hamburgo SV;DERECHA;185;0;10;0;2;0;0;0;0.8
Jean-Luc Dompé;7;DELANTERO;Francia;29;Hamburgo SV;DERECHA;173;1;25;4;30;0;0;0;2.0
Elijah Krahn;28;CENTROCAMPISTA;Alemania;21;Hamburgo SV;DERECHA;178;0;5;0;1;0;0;0;0.5
Mario Vuskovic;6;DEFENSA;Croacia;23;Hamburgo SV;DERECHA;185;1;10;0;2;0;0;0;3.0