<<<<<<< HEAD
[12/09/25 17:39:05] [INFORMACIÓN] Se han recuperado 3 comics 
[12/09/25 17:39:05] [INFORMACIÓN] Se han recuperado 58 equipos. 
[12/09/25 17:39:05] [INFORMACIÓN] Se han recuperado 1066 personajes. 
=======
[12/09/25 17:58:14] [INFORMACIÓN] Se han borrado las tablas 
[12/09/25 17:58:14] [INFORMACIÓN] Se ha borrado el fichero de la BBDD 
[12/09/25 17:58:14] [INFORMACIÓN] Se han creado las tablas 
[12/09/25 17:58:14] [INFORMACIÓN] Se han borrado los datos 
[12/09/25 17:58:14] [INFORMACIÓN] Se ha insertado el equipo: Equipo [nombre=FC Barcelona] 
[12/09/25 17:58:14] [INFORMACIÓN] Se ha insertado el equipo: Equipo [nombre=Real Madrid] 
[12/09/25 17:58:14] [INFORMACIÓN] Se ha insertado el equipo: Equipo [nombre=Atlético de Madrid] 
[12/09/25 17:58:14] [INFORMACIÓN] Se ha insertado el equipo: Equipo [nombre=Sevilla FC] 
[12/09/25 17:58:14] [INFORMACIÓN] Se ha insertado el equipo: Equipo [nombre=Real Sociedad] 
[12/09/25 17:58:14] [INFORMACIÓN] Se ha insertado el equipo: Equipo [nombre=Real Betis] 
[12/09/25 17:58:14] [INFORMACIÓN] Se ha insertado el equipo: Equipo [nombre=Villarreal CF] 
[12/09/25 17:58:14] [INFORMACIÓN] Se ha insertado el equipo: Equipo [nombre=Athletic Club] 
[12/09/25 17:58:14] [INFORMACIÓN] Se ha insertado el equipo: Equipo [nombre=Valencia CF] 
[12/09/25 17:58:14] [INFORMACIÓN] Se ha insertado el equipo: Equipo [nombre=Getafe CF] 
[12/09/25 17:58:14] [INFORMACIÓN] Se ha insertado el equipo: Equipo [nombre=RCD Espanyol] 
[12/09/25 17:58:14] [INFORMACIÓN] Se ha insertado el equipo: Equipo [nombre=Rayo Vallecano] 
[12/09/25 17:58:14] [INFORMACIÓN] Se ha insertado el equipo: Equipo [nombre=RCD Mallorca] 
[12/09/25 17:58:14] [INFORMACIÓN] Se ha insertado el equipo: Equipo [nombre=CA Osasuna] 
[12/09/25 17:58:14] [INFORMACIÓN] Se ha insertado el equipo: Equipo [nombre=Celta de Vigo] 
[12/09/25 17:58:14] [INFORMACIÓN] Se ha insertado el equipo: Equipo [nombre=Girona FC] 
[12/09/25 17:58:14] [INFORMACIÓN] Se ha insertado el equipo: Equipo [nombre=Elche CF] 
[12/09/25 17:58:14] [INFORMACIÓN] Se ha insertado el equipo: Equipo [nombre=Deportivo Alavés] 
[12/09/25 17:58:14] [INFORMACIÓN] Se ha insertado el equipo: Equipo [nombre=Real Oviedo] 
[12/09/25 17:58:14] [INFORMACIÓN] Se ha insertado el equipo: Equipo [nombre=Levante UD] 
[12/09/25 17:58:14] [INFORMACIÓN] Se ha insertado el equipo: Equipo [nombre=Manchester United] 
[12/09/25 17:58:14] [INFORMACIÓN] Se ha insertado el equipo: Equipo [nombre=Manchester City] 
[12/09/25 17:58:14] [INFORMACIÓN] Se ha insertado el equipo: Equipo [nombre=Liverpool FC] 
[12/09/25 17:58:14] [INFORMACIÓN] Se ha insertado el equipo: Equipo [nombre=Chelsea FC] 
[12/09/25 17:58:14] [INFORMACIÓN] Se ha insertado el equipo: Equipo [nombre=Arsenal FC] 
[12/09/25 17:58:14] [INFORMACIÓN] Se ha insertado el equipo: Equipo [nombre=Tottenham Hotspur] 
[12/09/25 17:58:14] [INFORMACIÓN] Se ha insertado el equipo: Equipo [nombre=Newcastle United] 
[12/09/25 17:58:14] [INFORMACIÓN] Se ha insertado el equipo: Equipo [nombre=Aston Villa] 
[12/09/25 17:58:14] [INFORMACIÓN] Se ha insertado el equipo: Equipo [nombre=Brighton & Hove Albion] 
[12/09/25 17:58:14] [INFORMACIÓN] Se ha insertado el equipo: Equipo [nombre=West Ham United] 
[12/09/25 17:58:14] [INFORMACIÓN] Se ha insertado el equipo: Equipo [nombre=Sunderland AFC] 
[12/09/25 17:58:14] [INFORMACIÓN] Se ha insertado el equipo: Equipo [nombre=Everton FC] 
[12/09/25 17:58:14] [INFORMACIÓN] Se ha insertado el equipo: Equipo [nombre=Wolverhampton Wanderers] 
[12/09/25 17:58:14] [INFORMACIÓN] Se ha insertado el equipo: Equipo [nombre=Fulham FC] 
[12/09/25 17:58:14] [INFORMACIÓN] Se ha insertado el equipo: Equipo [nombre=Brentford FC] 
[12/09/25 17:58:14] [INFORMACIÓN] Se ha insertado el equipo: Equipo [nombre=Crystal Palace] 
[12/09/25 17:58:14] [INFORMACIÓN] Se ha insertado el equipo: Equipo [nombre=AFC Bournemouth] 
[12/09/25 17:58:14] [INFORMACIÓN] Se ha insertado el equipo: Equipo [nombre=Nottingham Forest] 
[12/09/25 17:58:14] [INFORMACIÓN] Se ha insertado el equipo: Equipo [nombre=Burnley FC] 
[12/09/25 17:58:14] [INFORMACIÓN] Se ha insertado el equipo: Equipo [nombre=Leeds United FC] 
[12/09/25 17:58:14] [INFORMACIÓN] Se ha insertado el equipo: Equipo [nombre=Bayern Munich] 
[12/09/25 17:58:14] [INFORMACIÓN] Se ha insertado el equipo: Equipo [nombre=Borussia Dortmund] 
[12/09/25 17:58:14] [INFORMACIÓN] Se ha insertado el equipo: Equipo [nombre=RB Leipzig] 
[12/09/25 17:58:14] [INFORMACIÓN] Se ha insertado el equipo: Equipo [nombre=Bayer Leverkusen] 
[12/09/25 17:58:14] [INFORMACIÓN] Se ha insertado el equipo: Equipo [nombre=Borussia Mönchengladbach] 
[12/09/25 17:58:14] [INFORMACIÓN] Se ha insertado el equipo: Equipo [nombre=Eintracht Frankfurt] 
[12/09/25 17:58:14] [INFORMACIÓN] Se ha insertado el equipo: Equipo [nombre=VfL Wolfsburg] 
[12/09/25 17:58:14] [INFORMACIÓN] Se ha insertado el equipo: Equipo [nombre=Union Berlin] 
[12/09/25 17:58:14] [INFORMACIÓN] Se ha insertado el equipo: Equipo [nombre=SC Freiburg] 
[12/09/25 17:58:14] [INFORMACIÓN] Se ha insertado el equipo: Equipo [nombre=VfB Stuttgart] 
[12/09/25 17:58:14] [INFORMACIÓN] Se ha insertado el equipo: Equipo [nombre=TSG Hoffenheim] 
[12/09/25 17:58:14] [INFORMACIÓN] Se ha insertado el equipo: Equipo [nombre=FSV Mainz 05] 
[12/09/25 17:58:14] [INFORMACIÓN] Se ha insertado el equipo: Equipo [nombre=FC Augsburg] 
[12/09/25 17:58:14] [INFORMACIÓN] Se ha insertado el equipo: Equipo [nombre=Werder Bremen] 
[12/09/25 17:58:14] [INFORMACIÓN] Se ha insertado el equipo: Equipo [nombre=FC Koln] 
[12/09/25 17:58:14] [INFORMACIÓN] Se ha insertado el equipo: Equipo [nombre=FC St. Pauli] 
[12/09/25 17:58:14] [INFORMACIÓN] Se ha insertado el equipo: Equipo [nombre=1. FC Heidenheim] 
[12/09/25 17:58:14] [INFORMACIÓN] Se ha insertado el equipo: Equipo [nombre=Hamburgo SV] 
[12/09/25 17:58:14] [INFORMACIÓN] 58 equipos insertados en la BBDD 
[12/09/25 17:58:14] [INFORMACIÓN] Se ha insertado la Liga: Liga [nombre=LaLiga] 
[12/09/25 17:58:14] [INFORMACIÓN] Se ha insertado la Liga: Liga [nombre=Premier] 
[12/09/25 17:58:14] [INFORMACIÓN] Se ha insertado la Liga: Liga [nombre=Bundesliga] 
[12/09/25 17:58:14] [INFORMACIÓN] 3 Comics insertados en la BBDD 
[12/09/25 17:58:14] [INFORMACIÓN] Se ha insertado la pregunta: Pregunta [pregunta=¿Qué selección ganó el Mundial 2010??] 
[12/09/25 17:58:14] [INFORMACIÓN] Se ha insertado la pregunta: Pregunta [pregunta=¿Qué país organiza el Mundial??] 
[12/09/25 17:58:14] [INFORMACIÓN] Se ha insertado la pregunta: Pregunta [pregunta=¿Qué jugador es apodado La Pulga??] 
[12/09/25 17:58:14] [INFORMACIÓN] Se ha insertado la pregunta: Pregunta [pregunta=¿Qué jugador es conocido como CR7??] 
[12/09/25 17:58:14] [INFORMACIÓN] Se ha insertado la pregunta: Pregunta [pregunta=¿Cuál es el deporte más popular del mundo??] 
[12/09/25 17:58:14] [INFORMACIÓN] Se ha insertado la pregunta: Pregunta [pregunta=¿Cuántos tiempos tiene un partido de fútbol??] 
[12/09/25 17:58:14] [INFORMACIÓN] Se ha insertado la pregunta: Pregunta [pregunta=¿Cuántos jugadores tiene un equipo??] 
[12/09/25 17:58:14] [INFORMACIÓN] Se ha insertado la pregunta: Pregunta [pregunta=¿Qué selección es conocida como La Canarinha??] 
[12/09/25 17:58:14] [INFORMACIÓN] Se ha insertado la pregunta: Pregunta [pregunta=¿Cuál es el color principal del Barça??] 
[12/09/25 17:58:14] [INFORMACIÓN] Se ha insertado la pregunta: Pregunta [pregunta=¿Cuál es el color principal del Real Madrid??] 
[12/09/25 17:58:14] [INFORMACIÓN] Se ha insertado la pregunta: Pregunta [pregunta=¿Qué país ganó el Mundial 2014??] 
[12/09/25 17:58:14] [INFORMACIÓN] Se ha insertado la pregunta: Pregunta [pregunta=¿Qué selección usa camiseta celeste??] 
[12/09/25 17:58:14] [INFORMACIÓN] Se ha insertado la pregunta: Pregunta [pregunta=¿Quién ganó el Mundial 2002??] 
[12/09/25 17:58:14] [INFORMACIÓN] Se ha insertado la pregunta: Pregunta [pregunta=¿Qué país ganó el Mundial 1998??] 
[12/09/25 17:58:14] [INFORMACIÓN] Se ha insertado la pregunta: Pregunta [pregunta=¿Qué club es conocido como Los Red Devils??] 
[12/09/25 17:58:14] [INFORMACIÓN] Se ha insertado la pregunta: Pregunta [pregunta=¿Qué equipo es conocido como Los Blues??] 
[12/09/25 17:58:14] [INFORMACIÓN] Se ha insertado la pregunta: Pregunta [pregunta=¿En qué país nació Messi??] 
[12/09/25 17:58:14] [INFORMACIÓN] Se ha insertado la pregunta: Pregunta [pregunta=¿En qué país nació Cristiano Ronaldo??] 
[12/09/25 17:58:14] [INFORMACIÓN] Se ha insertado la pregunta: Pregunta [pregunta=¿Cuál es el clásico español más conocido??] 
[12/09/25 17:58:14] [INFORMACIÓN] Se ha insertado la pregunta: Pregunta [pregunta=¿Qué selección es conocida como La Albiceleste??] 
[12/09/25 17:58:14] [INFORMACIÓN] Se ha insertado la pregunta: Pregunta [pregunta=¿Cuántos minutos dura un tiempo??] 
[12/09/25 17:58:14] [INFORMACIÓN] Se ha insertado la pregunta: Pregunta [pregunta=¿Qué selección ganó el Mundial 1958??] 
[12/09/25 17:58:14] [INFORMACIÓN] Se ha insertado la pregunta: Pregunta [pregunta=¿Qué jugador ganó el Balón de Oro 2021??] 
[12/09/25 17:58:14] [INFORMACIÓN] Se ha insertado la pregunta: Pregunta [pregunta=¿Dónde juega de local el Barcelona??] 
[12/09/25 17:58:14] [INFORMACIÓN] Se ha insertado la pregunta: Pregunta [pregunta=¿Dónde juega de local el Real Madrid??] 
[12/09/25 17:58:14] [INFORMACIÓN] Se ha insertado la pregunta: Pregunta [pregunta=¿Cuál es el país sede de la Conmebol??] 
[12/09/25 17:58:14] [INFORMACIÓN] Se ha insertado la pregunta: Pregunta [pregunta=¿Qué selección ganó la Eurocopa 2016??] 
[12/09/25 17:58:14] [INFORMACIÓN] Se ha insertado la pregunta: Pregunta [pregunta=¿Qué país ganó la Copa América 2021??] 
[12/09/25 17:58:14] [INFORMACIÓN] Se ha insertado la pregunta: Pregunta [pregunta=¿Quién anotó el gol de la Mano de Dios??] 
[12/09/25 17:58:15] [INFORMACIÓN] Se ha insertado la pregunta: Pregunta [pregunta=¿Qué jugador es conocido como O Rei??] 
[12/09/25 17:58:15] [INFORMACIÓN] Se ha insertado la pregunta: Pregunta [pregunta=¿Qué color usa la Juventus??] 
[12/09/25 17:58:15] [INFORMACIÓN] Se ha insertado la pregunta: Pregunta [pregunta=¿Qué selección es conocida como La Roja??] 
[12/09/25 17:58:15] [INFORMACIÓN] Se ha insertado la pregunta: Pregunta [pregunta=¿Qué selección ganó la Euro 2008??] 
[12/09/25 17:58:15] [INFORMACIÓN] Se ha insertado la pregunta: Pregunta [pregunta=¿Qué selección ganó la Copa América 2019??] 
[12/09/25 17:58:15] [INFORMACIÓN] Se ha insertado la pregunta: Pregunta [pregunta=¿Cuántos árbitros hay en un partido??] 
[12/09/25 17:58:15] [INFORMACIÓN] Se ha insertado la pregunta: Pregunta [pregunta=¿Qué país ganó el Mundial 1970??] 
[12/09/25 17:58:15] [INFORMACIÓN] Se ha insertado la pregunta: Pregunta [pregunta=¿En qué país nació Neymar??] 
[12/09/25 17:58:15] [INFORMACIÓN] Se ha insertado la pregunta: Pregunta [pregunta=¿Quién es el máximo goleador del Barcelona??] 
[12/09/25 17:58:15] [INFORMACIÓN] Se ha insertado la pregunta: Pregunta [pregunta=¿De qué país es Luis Suárez??] 
[12/09/25 17:58:15] [INFORMACIÓN] Se ha insertado la pregunta: Pregunta [pregunta=¿Qué club usa camiseta amarilla??] 
[12/09/25 17:58:15] [INFORMACIÓN] Se ha insertado la pregunta: Pregunta [pregunta=¿En qué confederación juega Brasil??] 
[12/09/25 17:58:15] [INFORMACIÓN] Se ha insertado la pregunta: Pregunta [pregunta=¿En qué confederación juega España??] 
[12/09/25 17:58:15] [INFORMACIÓN] Se ha insertado la pregunta: Pregunta [pregunta=¿Qué club es conocido como Los Gunners??] 
[12/09/25 17:58:15] [INFORMACIÓN] Se ha insertado la pregunta: Pregunta [pregunta=¿Qué país ganó el Mundial 2006??] 
[12/09/25 17:58:15] [INFORMACIÓN] Se ha insertado la pregunta: Pregunta [pregunta=¿En qué año se jugó el primer Mundial??] 
[12/09/25 17:58:15] [INFORMACIÓN] Se ha insertado la pregunta: Pregunta [pregunta=¿Qué selección ganó el primer Mundial??] 
[12/09/25 17:58:15] [INFORMACIÓN] Se ha insertado la pregunta: Pregunta [pregunta=¿Quién es el arquero titular??] 
[12/09/25 17:58:15] [INFORMACIÓN] Se ha insertado la pregunta: Pregunta [pregunta=¿Qué selección usa camiseta verde??] 
[12/09/25 17:58:15] [INFORMACIÓN] Se ha insertado la pregunta: Pregunta [pregunta=¿Cuál es el balón oficial??] 
[12/09/25 17:58:15] [INFORMACIÓN] Se ha insertado la pregunta: Pregunta [pregunta=¿Qué equipo tiene más Champions??] 
[12/09/25 17:58:15] [INFORMACIÓN] Se ha insertado la pregunta: Pregunta [pregunta=¿Qué club es conocido como Colchoneros??] 
[12/09/25 17:58:15] [INFORMACIÓN] Se ha insertado la pregunta: Pregunta [pregunta=¿Qué jugador es apodado El Niño??] 
[12/09/25 17:58:15] [INFORMACIÓN] Se ha insertado la pregunta: Pregunta [pregunta=¿Qué selección ganó el Mundial 2018??] 
[12/09/25 17:58:15] [INFORMACIÓN] Se ha insertado la pregunta: Pregunta [pregunta=¿Qué país es sede de la FIFA??] 
[12/09/25 17:58:15] [INFORMACIÓN] Se ha insertado la pregunta: Pregunta [pregunta=¿Qué jugador es conocido como El Tigre??] 
[12/09/25 17:58:15] [INFORMACIÓN] Se ha insertado la pregunta: Pregunta [pregunta=¿Qué país ganó la Copa América 2015??] 
[12/09/25 17:58:15] [INFORMACIÓN] Se ha insertado la pregunta: Pregunta [pregunta=¿Qué selección usa la camiseta amarilla con azul??] 
[12/09/25 17:58:15] [INFORMACIÓN] Se ha insertado la pregunta: Pregunta [pregunta=¿Quién es el máximo goleador histórico de Brasil??] 
[12/09/25 17:58:15] [INFORMACIÓN] Se ha insertado la pregunta: Pregunta [pregunta=¿Qué país ganó el Mundial 1962??] 
[12/09/25 17:58:15] [INFORMACIÓN] Se ha insertado la pregunta: Pregunta [pregunta=¿Qué equipo usa camiseta rojiblanca??] 
[12/09/25 17:58:15] [INFORMACIÓN] Se ha insertado la pregunta: Pregunta [pregunta=¿Qué país ganó la Eurocopa 2020??] 
[12/09/25 17:58:15] [INFORMACIÓN] Se ha insertado la pregunta: Pregunta [pregunta=¿Quién ganó el Balón de Oro 2009??] 
[12/09/25 17:58:15] [INFORMACIÓN] Se ha insertado la pregunta: Pregunta [pregunta=¿Qué jugador celebraba con una máscara??] 
[12/09/25 17:58:15] [INFORMACIÓN] Se ha insertado la pregunta: Pregunta [pregunta=¿Qué club es conocido como Los Leones??] 
[12/09/25 17:58:15] [INFORMACIÓN] Se ha insertado la pregunta: Pregunta [pregunta=¿Qué país ganó el Mundial 1982??] 
[12/09/25 17:58:15] [INFORMACIÓN] Se ha insertado la pregunta: Pregunta [pregunta=¿Dónde juega de local el Bayern Munich??] 
[12/09/25 17:58:15] [INFORMACIÓN] Se ha insertado la pregunta: Pregunta [pregunta=¿Qué selección ganó la Eurocopa 1992??] 
[12/09/25 17:58:15] [INFORMACIÓN] Se ha insertado la pregunta: Pregunta [pregunta=¿Qué selección es conocida como La Naranja Mecánica??] 
[12/09/25 17:58:15] [INFORMACIÓN] Se ha insertado la pregunta: Pregunta [pregunta=¿Qué selección usa camiseta roja??] 
[12/09/25 17:58:15] [INFORMACIÓN] Se ha insertado la pregunta: Pregunta [pregunta=¿En qué país nació Haaland??] 
[12/09/25 17:58:15] [INFORMACIÓN] Se ha insertado la pregunta: Pregunta [pregunta=¿Qué equipo dirige Guardiola??] 
[12/09/25 17:58:15] [INFORMACIÓN] Se ha insertado la pregunta: Pregunta [pregunta=¿Qué jugador usa el dorsal 10 en Argentina??] 
[12/09/25 17:58:15] [INFORMACIÓN] Se ha insertado la pregunta: Pregunta [pregunta=¿En qué país nació Modric??] 
[12/09/25 17:58:15] [INFORMACIÓN] Se ha insertado la pregunta: Pregunta [pregunta=¿Cuál es el símbolo del Liverpool??] 
[12/09/25 17:58:15] [INFORMACIÓN] Se ha insertado la pregunta: Pregunta [pregunta=¿Qué selección ganó la Copa América 2007??] 
[12/09/25 17:58:15] [INFORMACIÓN] Se ha insertado la pregunta: Pregunta [pregunta=¿Quién es el máximo goleador del Real Madrid??] 
[12/09/25 17:58:15] [INFORMACIÓN] Se ha insertado la pregunta: Pregunta [pregunta=¿En qué país se inventó el fútbol??] 
[12/09/25 17:58:15] [INFORMACIÓN] Se ha insertado la pregunta: Pregunta [pregunta=¿Qué jugador ganó el The Best 2020??] 
[12/09/25 17:58:15] [INFORMACIÓN] Se ha insertado la pregunta: Pregunta [pregunta=¿Qué jugador usa el dorsal 7 en Portugal??] 
[12/09/25 17:58:15] [INFORMACIÓN] Se ha insertado la pregunta: Pregunta [pregunta=¿Dónde juega de local el Manchester United??] 
[12/09/25 17:58:15] [INFORMACIÓN] Se ha insertado la pregunta: Pregunta [pregunta=¿Qué equipo tiene el apodo La Vecchia Signora??] 
[12/09/25 17:58:15] [INFORMACIÓN] Se ha insertado la pregunta: Pregunta [pregunta=¿Cuál es el clásico italiano más famoso??] 
[12/09/25 17:58:15] [INFORMACIÓN] Se ha insertado la pregunta: Pregunta [pregunta=¿Quién ganó la Champions 2020??] 
[12/09/25 17:58:15] [INFORMACIÓN] Se ha insertado la pregunta: Pregunta [pregunta=¿Qué país ganó la Euro 2012??] 
[12/09/25 17:58:15] [INFORMACIÓN] Se ha insertado la pregunta: Pregunta [pregunta=¿Quién es el jugador más alto del mundo??] 
[12/09/25 17:58:15] [INFORMACIÓN] Se ha insertado la pregunta: Pregunta [pregunta=¿Qué país ganó la Copa América 2011??] 
[12/09/25 17:58:15] [INFORMACIÓN] Se ha insertado la pregunta: Pregunta [pregunta=¿Qué selección usa camiseta azul??] 
[12/09/25 17:58:15] [INFORMACIÓN] Se ha insertado la pregunta: Pregunta [pregunta=¿Quién ganó el Balón de Oro 2013??] 
[12/09/25 17:58:15] [INFORMACIÓN] Se ha insertado la pregunta: Pregunta [pregunta=¿Qué país ganó la Euro 2004??] 
[12/09/25 17:58:15] [INFORMACIÓN] Se ha insertado la pregunta: Pregunta [pregunta=¿Qué club español usa camiseta verde y blanca??] 
[12/09/25 17:58:15] [INFORMACIÓN] Se ha insertado la pregunta: Pregunta [pregunta=¿En qué equipo debutó Messi??] 
[12/09/25 17:58:15] [INFORMACIÓN] Se ha insertado la pregunta: Pregunta [pregunta=¿En qué equipo debutó Cristiano Ronaldo??] 
[12/09/25 17:58:15] [INFORMACIÓN] Se ha insertado la pregunta: Pregunta [pregunta=¿Qué país ganó el Mundial 1994??] 
[12/09/25 17:58:15] [INFORMACIÓN] Se ha insertado la pregunta: Pregunta [pregunta=¿En qué país nació Salah??] 
[12/09/25 17:58:15] [INFORMACIÓN] Se ha insertado la pregunta: Pregunta [pregunta=¿Qué selección ganó la Copa América 1993??] 
[12/09/25 17:58:15] [INFORMACIÓN] Se ha insertado la pregunta: Pregunta [pregunta=¿Qué selección ganó el Mundial 1978??] 
[12/09/25 17:58:15] [INFORMACIÓN] Se ha insertado la pregunta: Pregunta [pregunta=¿Cuál es la posición encargada de defender la portería??] 
[12/09/25 17:58:15] [INFORMACIÓN] Se ha insertado la pregunta: Pregunta [pregunta=¿Cuántas tarjetas amarillas recibe un jugador para ser expulsado??] 
[12/09/25 17:58:15] [INFORMACIÓN] Se ha insertado la pregunta: Pregunta [pregunta=¿Qué club es conocido como El Submarino Amarillo??] 
[12/09/25 17:58:15] [INFORMACIÓN] Se ha insertado la pregunta: Pregunta [pregunta=¿En qué país nació Benzema??] 
[12/09/25 17:58:15] [INFORMACIÓN] Se ha insertado la pregunta: Pregunta [pregunta=¿Qué selección perdió la final del Mundial 2010??] 
[12/09/25 17:58:15] [INFORMACIÓN] Se ha insertado la pregunta: Pregunta [pregunta=¿Quién fue el entrenador de España en el Mundial 2010??] 
[12/09/25 17:58:15] [INFORMACIÓN] Se ha insertado la pregunta: Pregunta [pregunta=¿Qué jugador marcó el gol decisivo en la final del Mundial 2014??] 
[12/09/25 17:58:15] [INFORMACIÓN] Se ha insertado la pregunta: Pregunta [pregunta=¿Qué selección ganó la Eurocopa 2000??] 
[12/09/25 17:58:15] [INFORMACIÓN] Se ha insertado la pregunta: Pregunta [pregunta=¿Qué equipo ganó la Champions League 2012??] 
[12/09/25 17:58:15] [INFORMACIÓN] Se ha insertado la pregunta: Pregunta [pregunta=¿Qué club fue finalista de la Champions 2006??] 
[12/09/25 17:58:15] [INFORMACIÓN] Se ha insertado la pregunta: Pregunta [pregunta=¿Qué selección ganó la Copa América 2019??] 
[12/09/25 17:58:15] [INFORMACIÓN] Se ha insertado la pregunta: Pregunta [pregunta=¿En qué país se jugó el Mundial 1994??] 
[12/09/25 17:58:15] [INFORMACIÓN] Se ha insertado la pregunta: Pregunta [pregunta=¿Cuántos Mundiales ganó Alemania hasta 2022??] 
[12/09/25 17:58:15] [INFORMACIÓN] Se ha insertado la pregunta: Pregunta [pregunta=¿Qué selección es conocida como Los Cafeteros??] 
[12/09/25 17:58:15] [INFORMACIÓN] Se ha insertado la pregunta: Pregunta [pregunta=¿Qué equipo italiano tiene más Champions??] 
[12/09/25 17:58:15] [INFORMACIÓN] Se ha insertado la pregunta: Pregunta [pregunta=¿Qué jugador marcó el gol de oro en la Euro 2000??] 
[12/09/25 17:58:15] [INFORMACIÓN] Se ha insertado la pregunta: Pregunta [pregunta=¿En qué club debutó Ronaldinho??] 
[12/09/25 17:58:15] [INFORMACIÓN] Se ha insertado la pregunta: Pregunta [pregunta=¿Qué selección ganó la Eurocopa 1996??] 
[12/09/25 17:58:15] [INFORMACIÓN] Se ha insertado la pregunta: Pregunta [pregunta=¿Qué país ganó la Copa Confederaciones 2013??] 
[12/09/25 17:58:15] [INFORMACIÓN] Se ha insertado la pregunta: Pregunta [pregunta=¿Qué selección fue campeona del Mundial Sub-20 2005??] 
[12/09/25 17:58:15] [INFORMACIÓN] Se ha insertado la pregunta: Pregunta [pregunta=¿Qué selección ganó la Copa América 2001??] 
[12/09/25 17:58:15] [INFORMACIÓN] Se ha insertado la pregunta: Pregunta [pregunta=¿Qué equipo eliminó al Barcelona en la Champions 2010??] 
[12/09/25 17:58:15] [INFORMACIÓN] Se ha insertado la pregunta: Pregunta [pregunta=¿Quién fue el portero titular de Alemania en 2014??] 
[12/09/25 17:58:15] [INFORMACIÓN] Se ha insertado la pregunta: Pregunta [pregunta=¿En qué club jugó Maradona en España??] 
[12/09/25 17:58:15] [INFORMACIÓN] Se ha insertado la pregunta: Pregunta [pregunta=¿Qué país organizó el Mundial 1990??] 
[12/09/25 17:58:15] [INFORMACIÓN] Se ha insertado la pregunta: Pregunta [pregunta=¿Qué selección ganó el Mundial 1974??] 
[12/09/25 17:58:15] [INFORMACIÓN] Se ha insertado la pregunta: Pregunta [pregunta=¿Qué jugador es el máximo asistente histórico del fútbol??] 
[12/09/25 17:58:15] [INFORMACIÓN] Se ha insertado la pregunta: Pregunta [pregunta=¿Qué equipo ganó la Europa League 2010??] 
[12/09/25 17:58:15] [INFORMACIÓN] Se ha insertado la pregunta: Pregunta [pregunta=¿Quién fue el técnico de Brasil en 2002??] 
[12/09/25 17:58:15] [INFORMACIÓN] Se ha insertado la pregunta: Pregunta [pregunta=¿Qué selección nacional utiliza el estadio Wembley??] 
[12/09/25 17:58:15] [INFORMACIÓN] Se ha insertado la pregunta: Pregunta [pregunta=¿Qué selección ganó la Eurocopa 2016??] 
[12/09/25 17:58:15] [INFORMACIÓN] Se ha insertado la pregunta: Pregunta [pregunta=¿Cuál es el club con más Copas Libertadores??] 
[12/09/25 17:58:15] [INFORMACIÓN] Se ha insertado la pregunta: Pregunta [pregunta=¿Qué jugador anotó más goles en la Champions 2015??] 
[12/09/25 17:58:15] [INFORMACIÓN] Se ha insertado la pregunta: Pregunta [pregunta=¿Qué selección ganó la Copa África 2010??] 
[12/09/25 17:58:15] [INFORMACIÓN] Se ha insertado la pregunta: Pregunta [pregunta=¿Qué club ganó la Champions 1999??] 
[12/09/25 17:58:15] [INFORMACIÓN] Se ha insertado la pregunta: Pregunta [pregunta=¿Qué país fue anfitrión del Mundial 2006??] 
[12/09/25 17:58:15] [INFORMACIÓN] Se ha insertado la pregunta: Pregunta [pregunta=¿Qué año se jugó el Mundial en Corea y Japón??] 
[12/09/25 17:58:15] [INFORMACIÓN] Se ha insertado la pregunta: Pregunta [pregunta=¿Quién fue el goleador del Mundial 2006??] 
[12/09/25 17:58:15] [INFORMACIÓN] Se ha insertado la pregunta: Pregunta [pregunta=¿Qué selección ganó la Euro 1992??] 
[12/09/25 17:58:15] [INFORMACIÓN] Se ha insertado la pregunta: Pregunta [pregunta=¿Qué jugador ganó el Balón de Oro 2004??] 
[12/09/25 17:58:15] [INFORMACIÓN] Se ha insertado la pregunta: Pregunta [pregunta=¿Qué club italiano es conocido como La Loba??] 
[12/09/25 17:58:15] [INFORMACIÓN] Se ha insertado la pregunta: Pregunta [pregunta=¿Qué selección ganó la Copa América 2007??] 
[12/09/25 17:58:15] [INFORMACIÓN] Se ha insertado la pregunta: Pregunta [pregunta=¿Qué club fue campeón de la Champions en 1994??] 
[12/09/25 17:58:15] [INFORMACIÓN] Se ha insertado la pregunta: Pregunta [pregunta=¿Quién anotó el gol decisivo en la final de la Champions 2013??] 
[12/09/25 17:58:15] [INFORMACIÓN] Se ha insertado la pregunta: Pregunta [pregunta=¿Qué país ganó la Eurocopa 1984??] 
[12/09/25 17:58:15] [INFORMACIÓN] Se ha insertado la pregunta: Pregunta [pregunta=¿Qué club ganó la Champions 2008??] 
[12/09/25 17:58:15] [INFORMACIÓN] Se ha insertado la pregunta: Pregunta [pregunta=¿Qué jugador es apodado El Apache??] 
[12/09/25 17:58:15] [INFORMACIÓN] Se ha insertado la pregunta: Pregunta [pregunta=¿Qué país organizó la Copa América 2011??] 
[12/09/25 17:58:15] [INFORMACIÓN] Se ha insertado la pregunta: Pregunta [pregunta=¿Qué selección ganó la Copa Oro 2017??] 
[12/09/25 17:58:15] [INFORMACIÓN] Se ha insertado la pregunta: Pregunta [pregunta=¿Qué club es conocido como Los Dragones??] 
[12/09/25 17:58:15] [INFORMACIÓN] Se ha insertado la pregunta: Pregunta [pregunta=¿Quién fue el entrenador del Manchester United tras Ferguson??] 
[12/09/25 17:58:15] [INFORMACIÓN] Se ha insertado la pregunta: Pregunta [pregunta=¿Qué selección ganó el Mundial Sub-20 2007??] 
[12/09/25 17:58:15] [INFORMACIÓN] Se ha insertado la pregunta: Pregunta [pregunta=¿Qué equipo eliminó a Argentina en el Mundial 2002??] 
[12/09/25 17:58:15] [INFORMACIÓN] Se ha insertado la pregunta: Pregunta [pregunta=¿Qué selección ganó la Eurocopa 1976??] 
[12/09/25 17:58:15] [INFORMACIÓN] Se ha insertado la pregunta: Pregunta [pregunta=¿Qué jugador marcó el gol más rápido en un Mundial??] 
[12/09/25 17:58:15] [INFORMACIÓN] Se ha insertado la pregunta: Pregunta [pregunta=¿Quién anotó el gol que clasificó a Portugal al Mundial 2014??] 
[12/09/25 17:58:15] [INFORMACIÓN] Se ha insertado la pregunta: Pregunta [pregunta=¿Qué selección ganó el Mundial 1982??] 
[12/09/25 17:58:15] [INFORMACIÓN] Se ha insertado la pregunta: Pregunta [pregunta=¿Qué club ganó la Champions 1995??] 
[12/09/25 17:58:15] [INFORMACIÓN] Se ha insertado la pregunta: Pregunta [pregunta=¿Qué país organizó la Eurocopa 2008??] 
[12/09/25 17:58:15] [INFORMACIÓN] Se ha insertado la pregunta: Pregunta [pregunta=¿Quién ganó el Balón de Oro 2003??] 
[12/09/25 17:58:15] [INFORMACIÓN] Se ha insertado la pregunta: Pregunta [pregunta=¿Qué club es conocido como Los Nerazzurri??] 
[12/09/25 17:58:15] [INFORMACIÓN] Se ha insertado la pregunta: Pregunta [pregunta=¿Qué selección ganó la Copa América 2004??] 
[12/09/25 17:58:15] [INFORMACIÓN] Se ha insertado la pregunta: Pregunta [pregunta=¿Quién fue el portero titular de Italia en 2006??] 
[12/09/25 17:58:15] [INFORMACIÓN] Se ha insertado la pregunta: Pregunta [pregunta=¿Qué jugador marcó más goles en la Euro 2016??] 
[12/09/25 17:58:15] [INFORMACIÓN] Se ha insertado la pregunta: Pregunta [pregunta=¿Qué selección ganó la Eurocopa 1972??] 
[12/09/25 17:58:15] [INFORMACIÓN] Se ha insertado la pregunta: Pregunta [pregunta=¿Qué jugador marcó el gol decisivo en la Champions 2005??] 
[12/09/25 17:58:15] [INFORMACIÓN] Se ha insertado la pregunta: Pregunta [pregunta=¿Qué selección ganó la Copa América 1999??] 
[12/09/25 17:58:15] [INFORMACIÓN] Se ha insertado la pregunta: Pregunta [pregunta=¿Quién ganó la Champions League 2014??] 
[12/09/25 17:58:15] [INFORMACIÓN] Se ha insertado la pregunta: Pregunta [pregunta=¿Qué selección ganó la Copa Confederaciones 2009??] 
[12/09/25 17:58:15] [INFORMACIÓN] Se ha insertado la pregunta: Pregunta [pregunta=¿Qué equipo eliminó a España en el Mundial 2014??] 
[12/09/25 17:58:15] [INFORMACIÓN] Se ha insertado la pregunta: Pregunta [pregunta=¿Qué club ganó el Mundial de Clubes 2013??] 
[12/09/25 17:58:15] [INFORMACIÓN] Se ha insertado la pregunta: Pregunta [pregunta=¿Quién fue el técnico campeón de la Euro 2004??] 
[12/09/25 17:58:15] [INFORMACIÓN] Se ha insertado la pregunta: Pregunta [pregunta=¿Qué jugador es el máximo goleador histórico del Bayern Munich??] 
[12/09/25 17:58:15] [INFORMACIÓN] Se ha insertado la pregunta: Pregunta [pregunta=¿Qué país organizó el Mundial 1986??] 
[12/09/25 17:58:15] [INFORMACIÓN] Se ha insertado la pregunta: Pregunta [pregunta=¿Qué selección ganó la Copa África 2012??] 
[12/09/25 17:58:15] [INFORMACIÓN] Se ha insertado la pregunta: Pregunta [pregunta=¿Qué jugador anotó el gol decisivo en la final de 2010??] 
[12/09/25 17:58:15] [INFORMACIÓN] Se ha insertado la pregunta: Pregunta [pregunta=¿Qué club ganó la Champions en 1997??] 
[12/09/25 17:58:15] [INFORMACIÓN] Se ha insertado la pregunta: Pregunta [pregunta=¿Qué jugador es conocido como El Mago??] 
[12/09/25 17:58:15] [INFORMACIÓN] Se ha insertado la pregunta: Pregunta [pregunta=¿Qué selección ganó la Copa América 2015??] 
[12/09/25 17:58:15] [INFORMACIÓN] Se ha insertado la pregunta: Pregunta [pregunta=¿Qué selección ganó la Eurocopa 1968??] 
[12/09/25 17:58:15] [INFORMACIÓN] Se ha insertado la pregunta: Pregunta [pregunta=¿En qué país nació el futbolista Andriy Shevchenko??] 
[12/09/25 17:58:15] [INFORMACIÓN] Se ha insertado la pregunta: Pregunta [pregunta=¿Qué club ganó la Champions 1998??] 
[12/09/25 17:58:15] [INFORMACIÓN] Se ha insertado la pregunta: Pregunta [pregunta=¿Quién anotó el gol del título en la Copa América 2021??] 
[12/09/25 17:58:15] [INFORMACIÓN] Se ha insertado la pregunta: Pregunta [pregunta=¿Quién fue el técnico de Argentina en 2014??] 
[12/09/25 17:58:15] [INFORMACIÓN] Se ha insertado la pregunta: Pregunta [pregunta=¿Qué selección ganó la Copa Oro 2013??] 
[12/09/25 17:58:15] [INFORMACIÓN] Se ha insertado la pregunta: Pregunta [pregunta=¿Quién fue el máximo goleador del Mundial 2018??] 
[12/09/25 17:58:15] [INFORMACIÓN] Se ha insertado la pregunta: Pregunta [pregunta=¿Qué club es conocido como Los Rossoneri??] 
[12/09/25 17:58:15] [INFORMACIÓN] Se ha insertado la pregunta: Pregunta [pregunta=¿Cuál fue la sede de la Eurocopa 2020??] 
[12/09/25 17:58:15] [INFORMACIÓN] Se ha insertado la pregunta: Pregunta [pregunta=¿Qué jugador ganó el Balón de Oro 1999??] 
[12/09/25 17:58:15] [INFORMACIÓN] Se ha insertado la pregunta: Pregunta [pregunta=¿Qué selección ganó el Mundial 1966??] 
[12/09/25 17:58:15] [INFORMACIÓN] Se ha insertado la pregunta: Pregunta [pregunta=¿Qué club ganó la Champions 2009??] 
[12/09/25 17:58:15] [INFORMACIÓN] Se ha insertado la pregunta: Pregunta [pregunta=¿Qué selección ganó la Copa América 1983??] 
[12/09/25 17:58:15] [INFORMACIÓN] Se ha insertado la pregunta: Pregunta [pregunta=¿Quién fue el portero titular de España en 2010??] 
[12/09/25 17:58:15] [INFORMACIÓN] Se ha insertado la pregunta: Pregunta [pregunta=¿Qué país organizó el Mundial 1982??] 
[12/09/25 17:58:15] [INFORMACIÓN] Se ha insertado la pregunta: Pregunta [pregunta=¿Qué jugador ganó el Balón de Oro 2010??] 
[12/09/25 17:58:15] [INFORMACIÓN] Se ha insertado la pregunta: Pregunta [pregunta=¿Qué selección ganó la Eurocopa 1988??] 
[12/09/25 17:58:15] [INFORMACIÓN] Se ha insertado la pregunta: Pregunta [pregunta=¿Quién fue el entrenador campeón del Mundial 1994??] 
[12/09/25 17:58:15] [INFORMACIÓN] Se ha insertado la pregunta: Pregunta [pregunta=¿Qué selección ganó la Copa América 1993??] 
[12/09/25 17:58:15] [INFORMACIÓN] Se ha insertado la pregunta: Pregunta [pregunta=¿En qué club debutó Xavi Hernández??] 
[12/09/25 17:58:15] [INFORMACIÓN] Se ha insertado la pregunta: Pregunta [pregunta=¿Quién es el máximo asistente de la Premier League??] 
[12/09/25 17:58:15] [INFORMACIÓN] Se ha insertado la pregunta: Pregunta [pregunta=¿Qué equipo ganó la Champions 2011??] 
[12/09/25 17:58:15] [INFORMACIÓN] Se ha insertado la pregunta: Pregunta [pregunta=¿Qué selección ganó la Copa Oro 2009??] 
[12/09/25 17:58:15] [INFORMACIÓN] Se ha insertado la pregunta: Pregunta [pregunta=¿Quién anotó el gol decisivo en la final de la Champions 2018??] 
[12/09/25 17:58:15] [INFORMACIÓN] Se ha insertado la pregunta: Pregunta [pregunta=¿Qué selección ganó la Copa Confederaciones 2001??] 
[12/09/25 17:58:15] [INFORMACIÓN] Se ha insertado la pregunta: Pregunta [pregunta=¿Qué selección ganó el Mundial 1930??] 
[12/09/25 17:58:15] [INFORMACIÓN] Se ha insertado la pregunta: Pregunta [pregunta=¿Qué país organizó la primera Copa América??] 
[12/09/25 17:58:15] [INFORMACIÓN] Se ha insertado la pregunta: Pregunta [pregunta=¿Quién anotó el primer gol en la historia de los Mundiales??] 
[12/09/25 17:58:15] [INFORMACIÓN] Se ha insertado la pregunta: Pregunta [pregunta=¿Qué jugador tiene el récord de más goles en un solo Mundial??] 
[12/09/25 17:58:15] [INFORMACIÓN] Se ha insertado la pregunta: Pregunta [pregunta=¿En qué año se jugó el Mundial de Suiza??] 
[12/09/25 17:58:15] [INFORMACIÓN] Se ha insertado la pregunta: Pregunta [pregunta=¿Qué selección ganó la Copa África 1990??] 
[12/09/25 17:58:15] [INFORMACIÓN] Se ha insertado la pregunta: Pregunta [pregunta=¿Qué entrenador ganó más Copas Libertadores??] 
[12/09/25 17:58:15] [INFORMACIÓN] Se ha insertado la pregunta: Pregunta [pregunta=¿Cuál es el club más antiguo del mundo??] 
[12/09/25 17:58:15] [INFORMACIÓN] Se ha insertado la pregunta: Pregunta [pregunta=¿En qué año se fundó la FIFA??] 
[12/09/25 17:58:15] [INFORMACIÓN] Se ha insertado la pregunta: Pregunta [pregunta=¿Qué selección ganó la Copa Confederaciones 1997??] 
[12/09/25 17:58:15] [INFORMACIÓN] Se ha insertado la pregunta: Pregunta [pregunta=¿Qué jugador fue el máximo goleador del Mundial 1954??] 
[12/09/25 17:58:15] [INFORMACIÓN] Se ha insertado la pregunta: Pregunta [pregunta=¿Qué club ganó la primera Champions de la historia??] 
[12/09/25 17:58:15] [INFORMACIÓN] Se ha insertado la pregunta: Pregunta [pregunta=¿Qué selección fue subcampeona del Mundial 1950??] 
[12/09/25 17:58:15] [INFORMACIÓN] Se ha insertado la pregunta: Pregunta [pregunta=¿Qué entrenador dirigió a Italia en el Mundial 1982??] 
[12/09/25 17:58:15] [INFORMACIÓN] Se ha insertado la pregunta: Pregunta [pregunta=¿Quién fue el máximo goleador de la Copa América 1945??] 
[12/09/25 17:58:15] [INFORMACIÓN] Se ha insertado la pregunta: Pregunta [pregunta=¿Cuál es el país con más títulos de Copa de Oro CONCACAF??] 
[12/09/25 17:58:15] [INFORMACIÓN] Se ha insertado la pregunta: Pregunta [pregunta=¿Qué selección ganó la Eurocopa 1976??] 
[12/09/25 17:58:15] [INFORMACIÓN] Se ha insertado la pregunta: Pregunta [pregunta=¿Qué club ganó la Copa Intercontinental 1967??] 
[12/09/25 17:58:15] [INFORMACIÓN] Se ha insertado la pregunta: Pregunta [pregunta=¿Quién fue el máximo goleador de la Copa América 1922??] 
[12/09/25 17:58:15] [INFORMACIÓN] Se ha insertado la pregunta: Pregunta [pregunta=¿Cuál selección fue campeona de la Copa África 1994??] 
[12/09/25 17:58:15] [INFORMACIÓN] Se ha insertado la pregunta: Pregunta [pregunta=¿Qué club argentino ganó la Copa Libertadores 1978??] 
[12/09/25 17:58:15] [INFORMACIÓN] Se ha insertado la pregunta: Pregunta [pregunta=¿Qué selección ganó el Mundial 1934??] 
[12/09/25 17:58:15] [INFORMACIÓN] Se ha insertado la pregunta: Pregunta [pregunta=¿Quién anotó el gol decisivo en la final del Mundial 1966??] 
[12/09/25 17:58:15] [INFORMACIÓN] Se ha insertado la pregunta: Pregunta [pregunta=¿Qué país organizó la Eurocopa 1968??] 
[12/09/25 17:58:15] [INFORMACIÓN] Se ha insertado la pregunta: Pregunta [pregunta=¿Qué selección ganó la Copa América 1987??] 
[12/09/25 17:58:15] [INFORMACIÓN] Se ha insertado la pregunta: Pregunta [pregunta=¿Qué club ganó la Champions 1983??] 
[12/09/25 17:58:15] [INFORMACIÓN] Se ha insertado la pregunta: Pregunta [pregunta=¿Quién fue el máximo goleador del Mundial 1990??] 
[12/09/25 17:58:15] [INFORMACIÓN] Se ha insertado la pregunta: Pregunta [pregunta=¿Qué selección ganó la Eurocopa 1972??] 
[12/09/25 17:58:15] [INFORMACIÓN] Se ha insertado la pregunta: Pregunta [pregunta=¿Qué club ganó la Copa Intercontinental 1992??] 
[12/09/25 17:58:15] [INFORMACIÓN] Se ha insertado la pregunta: Pregunta [pregunta=¿Qué jugador tiene más partidos en Mundiales??] 
[12/09/25 17:58:15] [INFORMACIÓN] Se ha insertado la pregunta: Pregunta [pregunta=¿Qué selección ganó la Copa América 1947??] 
[12/09/25 17:58:15] [INFORMACIÓN] Se ha insertado la pregunta: Pregunta [pregunta=¿Qué país fue sede de la Eurocopa 1980??] 
[12/09/25 17:58:15] [INFORMACIÓN] Se ha insertado la pregunta: Pregunta [pregunta=¿Qué club ganó la Recopa de Europa 1995??] 
[12/09/25 17:58:15] [INFORMACIÓN] Se ha insertado la pregunta: Pregunta [pregunta=¿Quién fue el técnico campeón del Mundial 1958??] 
[12/09/25 17:58:15] [INFORMACIÓN] Se ha insertado la pregunta: Pregunta [pregunta=¿Qué selección fue finalista de la Copa América 1991??] 
[12/09/25 17:58:15] [INFORMACIÓN] Se ha insertado la pregunta: Pregunta [pregunta=¿Quién fue el goleador del Mundial 1974??] 
[12/09/25 17:58:15] [INFORMACIÓN] Se ha insertado la pregunta: Pregunta [pregunta=¿Qué club ganó la Champions en 1989??] 
[12/09/25 17:58:15] [INFORMACIÓN] Se ha insertado la pregunta: Pregunta [pregunta=¿Qué entrenador ganó la Champions 1997??] 
[12/09/25 17:58:15] [INFORMACIÓN] Se ha insertado la pregunta: Pregunta [pregunta=¿Qué jugador anotó el primer gol de la Eurocopa 1960??] 
[12/09/25 17:58:15] [INFORMACIÓN] Se ha insertado la pregunta: Pregunta [pregunta=¿Qué país organizó el Mundial 1974??] 
[12/09/25 17:58:15] [INFORMACIÓN] Se ha insertado la pregunta: Pregunta [pregunta=¿Qué selección ganó la Copa África 1984??] 
[12/09/25 17:58:16] [INFORMACIÓN] Se ha insertado la pregunta: Pregunta [pregunta=¿Quién fue el máximo goleador de la Eurocopa 1988??] 
[12/09/25 17:58:16] [INFORMACIÓN] Se ha insertado la pregunta: Pregunta [pregunta=¿Qué club ganó la Champions 1976??] 
[12/09/25 17:58:16] [INFORMACIÓN] Se ha insertado la pregunta: Pregunta [pregunta=¿En qué país se jugó la Copa América 1946??] 
[12/09/25 17:58:16] [INFORMACIÓN] Se ha insertado la pregunta: Pregunta [pregunta=¿Qué selección ganó el Mundial 1938??] 
[12/09/25 17:58:16] [INFORMACIÓN] Se ha insertado la pregunta: Pregunta [pregunta=¿Cuál selección ganó la Euro 1964??] 
[12/09/25 17:58:16] [INFORMACIÓN] Se ha insertado la pregunta: Pregunta [pregunta=¿Quién fue el portero titular de Brasil en 1982??] 
[12/09/25 17:58:16] [INFORMACIÓN] Se ha insertado la pregunta: Pregunta [pregunta=¿Qué selección ganó la Copa África 1996??] 
[12/09/25 17:58:16] [INFORMACIÓN] Se ha insertado la pregunta: Pregunta [pregunta=¿Qué club ganó la Champions 1973??] 
[12/09/25 17:58:16] [INFORMACIÓN] Se ha insertado la pregunta: Pregunta [pregunta=¿Qué técnico ganó la Copa América 2001??] 
[12/09/25 17:58:16] [INFORMACIÓN] Se ha insertado la pregunta: Pregunta [pregunta=¿Qué selección ganó la Eurocopa 1972??] 
[12/09/25 17:58:16] [INFORMACIÓN] Se ha insertado la pregunta: Pregunta [pregunta=¿Qué país organizó la Copa África 1992??] 
[12/09/25 17:58:16] [INFORMACIÓN] Se ha insertado la pregunta: Pregunta [pregunta=¿Qué selección ganó el Mundial 1954??] 
[12/09/25 17:58:16] [INFORMACIÓN] Se ha insertado la pregunta: Pregunta [pregunta=¿Qué jugador fue el máximo goleador del Mundial 1962??] 
[12/09/25 17:58:16] [INFORMACIÓN] Se ha insertado la pregunta: Pregunta [pregunta=¿Qué club ganó la Copa Intercontinental 1971??] 
[12/09/25 17:58:16] [INFORMACIÓN] Se ha insertado la pregunta: Pregunta [pregunta=¿Qué jugador ganó el Balón de Oro 1980??] 
[12/09/25 17:58:16] [INFORMACIÓN] Se ha insertado la pregunta: Pregunta [pregunta=¿Qué selección ganó la Copa América 1935??] 
[12/09/25 17:58:16] [INFORMACIÓN] Se ha insertado la pregunta: Pregunta [pregunta=¿Qué club ganó la Champions 1972??] 
[12/09/25 17:58:16] [INFORMACIÓN] Se ha insertado la pregunta: Pregunta [pregunta=¿Quién fue el técnico campeón de la Euro 1984??] 
[12/09/25 17:58:16] [INFORMACIÓN] Se ha insertado la pregunta: Pregunta [pregunta=¿Qué selección ganó la Copa África 1978??] 
[12/09/25 17:58:16] [INFORMACIÓN] Se ha insertado la pregunta: Pregunta [pregunta=¿Qué club ganó la Recopa de Europa 1988??] 
[12/09/25 17:58:16] [INFORMACIÓN] Se ha insertado la pregunta: Pregunta [pregunta=¿Qué jugador anotó el gol decisivo en la final de la Intercontinental 1990??] 
[12/09/25 17:58:16] [INFORMACIÓN] Se ha insertado la pregunta: Pregunta [pregunta=¿Qué selección fue finalista del Mundial 1950??] 
[12/09/25 17:58:16] [INFORMACIÓN] Se ha insertado la pregunta: Pregunta [pregunta=¿Qué club ganó la Champions 1984??] 
[12/09/25 17:58:16] [INFORMACIÓN] Se ha insertado la pregunta: Pregunta [pregunta=¿Quién fue el técnico campeón del Mundial 1930??] 
[12/09/25 17:58:16] [INFORMACIÓN] Se ha insertado la pregunta: Pregunta [pregunta=¿Cuál selección ganó la Copa América 1925??] 
[12/09/25 17:58:16] [INFORMACIÓN] Se ha insertado la pregunta: Pregunta [pregunta=¿Qué club ganó la Intercontinental 1963??] 
[12/09/25 17:58:16] [INFORMACIÓN] Se ha insertado la pregunta: Pregunta [pregunta=¿Qué jugador fue máximo goleador de la Eurocopa 1976??] 
[12/09/25 17:58:16] [INFORMACIÓN] Se ha insertado la pregunta: Pregunta [pregunta=¿Qué país organizó el Mundial 1958??] 
[12/09/25 17:58:16] [INFORMACIÓN] Se ha insertado la pregunta: Pregunta [pregunta=¿Qué selección ganó la Copa África 1976??] 
[12/09/25 17:58:16] [INFORMACIÓN] Se ha insertado la pregunta: Pregunta [pregunta=¿Qué club ganó la Copa Libertadores 1989??] 
[12/09/25 17:58:16] [INFORMACIÓN] Se ha insertado la pregunta: Pregunta [pregunta=¿Quién fue el técnico campeón de la Eurocopa 1992??] 
[12/09/25 17:58:16] [INFORMACIÓN] Se ha insertado la pregunta: Pregunta [pregunta=¿Qué jugador ganó el Balón de Oro 1964??] 
[12/09/25 17:58:16] [INFORMACIÓN] Se ha insertado la pregunta: Pregunta [pregunta=¿Qué selección ganó la Copa América 1926??] 
[12/09/25 17:58:16] [INFORMACIÓN] Se ha insertado la pregunta: Pregunta [pregunta=¿Qué club ganó la Champions 1980??] 
[12/09/25 17:58:16] [INFORMACIÓN] Se ha insertado la pregunta: Pregunta [pregunta=¿Quién fue el máximo goleador del Mundial 1986??] 
[12/09/25 17:58:16] [INFORMACIÓN] Se ha insertado la pregunta: Pregunta [pregunta=¿Qué selección ganó la Euro 1976??] 
[12/09/25 17:58:16] [INFORMACIÓN] Se ha insertado la pregunta: Pregunta [pregunta=¿Qué club ganó la Copa Intercontinental 1994??] 
[12/09/25 17:58:16] [INFORMACIÓN] Se ha insertado la pregunta: Pregunta [pregunta=¿Qué país organizó la Eurocopa 1976??] 
[12/09/25 17:58:16] [INFORMACIÓN] Se ha insertado la pregunta: Pregunta [pregunta=¿Qué club ganó la Champions 1986??] 
[12/09/25 17:58:16] [INFORMACIÓN] Se ha insertado la pregunta: Pregunta [pregunta=¿Quién fue el técnico campeón del Mundial 1954??] 
[12/09/25 17:58:16] [INFORMACIÓN] Se ha insertado la pregunta: Pregunta [pregunta=¿Qué selección ganó la Copa África 1970??] 
[12/09/25 17:58:16] [INFORMACIÓN] Se ha insertado la pregunta: Pregunta [pregunta=¿Qué club ganó la Libertadores 1979??] 
[12/09/25 17:58:16] [INFORMACIÓN] Se ha insertado la pregunta: Pregunta [pregunta=¿Qué jugador fue el máximo goleador del Mundial 1930??] 
[12/09/25 17:58:16] [INFORMACIÓN] Se ha insertado la pregunta: Pregunta [pregunta=¿Qué selección ganó la Eurocopa 1958??] 
[12/09/25 17:58:16] [INFORMACIÓN] Se ha insertado la pregunta: Pregunta [pregunta=¿Qué club ganó la Champions 1988??] 
[12/09/25 17:58:16] [INFORMACIÓN] Se ha insertado la pregunta: Pregunta [pregunta=¿Qué selección ganó la Copa América 1939??] 
[12/09/25 17:58:16] [INFORMACIÓN] Se ha insertado la pregunta: Pregunta [pregunta=¿Qué jugador ganó el Balón de Oro 1977??] 
[12/09/25 17:58:16] [INFORMACIÓN] Se ha insertado la pregunta: Pregunta [pregunta=¿Qué selección ganó la Copa África 1980??] 
[12/09/25 17:58:16] [INFORMACIÓN] Se ha insertado la pregunta: Pregunta [pregunta=¿Qué club ganó la Copa Intercontinental 1979??] 
[12/09/25 17:58:16] [INFORMACIÓN] Se ha insertado la pregunta: Pregunta [pregunta=¿Cuál país fue sede de la Eurocopa 1960??] 
[12/09/25 17:58:16] [INFORMACIÓN] Se ha insertado la pregunta: Pregunta [pregunta=¿Qué selección ganó la Copa América 1975??] 
[12/09/25 17:58:16] [INFORMACIÓN] Se ha insertado la pregunta: Pregunta [pregunta=¿Qué club ganó la Champions 1979??] 
[12/09/25 17:58:16] [INFORMACIÓN] Se ha insertado la pregunta: Pregunta [pregunta=¿Quién fue el entrenador de Francia en el Mundial 1958??] 
[12/09/25 17:58:16] [INFORMACIÓN] Se ha insertado la pregunta: Pregunta [pregunta=¿Qué selección ganó la Eurocopa 1968??] 
[12/09/25 17:58:16] [INFORMACIÓN] Se ha insertado la pregunta: Pregunta [pregunta=¿Qué club ganó la Copa Intercontinental 1951??] 
[12/09/25 17:58:16] [INFORMACIÓN] Se ha insertado la pregunta: Pregunta [pregunta=¿Quién fue el máximo goleador del Mundial 1970??] 
[12/09/25 17:58:16] [INFORMACIÓN] Se ha insertado la pregunta: Pregunta [pregunta=¿Qué selección ganó la Eurocopa 1980??] 
[12/09/25 17:58:16] [INFORMACIÓN] Se ha insertado la pregunta: Pregunta [pregunta=¿Qué club ganó la Champions 1971??] 
[12/09/25 17:58:16] [INFORMACIÓN] Se ha insertado la pregunta: Pregunta [pregunta=¿Quién fue el técnico campeón de la Copa América 1993??] 
[12/09/25 17:58:16] [INFORMACIÓN] 300 Preguntas insertados en la BBDD 
[12/09/25 17:58:16] [INFORMACIÓN] Se ha insertado la opcion: 1 
[12/09/25 17:58:16] [INFORMACIÓN] Se ha insertado la opcion: 2 
[12/09/25 17:58:16] [INFORMACIÓN] Se ha insertado la opcion: 3 
[12/09/25 17:58:16] [INFORMACIÓN] Se ha insertado la opcion: 4 
[12/09/25 17:58:16] [INFORMACIÓN] Se ha insertado la opcion: 5 
[12/09/25 17:58:16] [INFORMACIÓN] Se ha insertado la opcion: 6 
[12/09/25 17:58:16] [INFORMACIÓN] Se ha insertado la opcion: 7 
[12/09/25 17:58:16] [INFORMACIÓN] Se ha insertado la opcion: 8 
[12/09/25 17:58:16] [INFORMACIÓN] Se ha insertado la opcion: 9 
[12/09/25 17:58:16] [INFORMACIÓN] Se ha insertado la opcion: 10 
[12/09/25 17:58:16] [INFORMACIÓN] Se ha insertado la opcion: 11 
[12/09/25 17:58:16] [INFORMACIÓN] Se ha insertado la opcion: 12 
[12/09/25 17:58:16] [INFORMACIÓN] Se ha insertado la opcion: 13 
[12/09/25 17:58:16] [INFORMACIÓN] Se ha insertado la opcion: 14 
[12/09/25 17:58:16] [INFORMACIÓN] Se ha insertado la opcion: 15 
[12/09/25 17:58:16] [INFORMACIÓN] Se ha insertado la opcion: 16 
[12/09/25 17:58:16] [INFORMACIÓN] Se ha insertado la opcion: 17 
[12/09/25 17:58:16] [INFORMACIÓN] Se ha insertado la opcion: 18 
[12/09/25 17:58:16] [INFORMACIÓN] Se ha insertado la opcion: 19 
[12/09/25 17:58:16] [INFORMACIÓN] Se ha insertado la opcion: 20 
[12/09/25 17:58:16] [INFORMACIÓN] Se ha insertado la opcion: 21 
[12/09/25 17:58:16] [INFORMACIÓN] Se ha insertado la opcion: 22 
[12/09/25 17:58:16] [INFORMACIÓN] Se ha insertado la opcion: 23 
[12/09/25 17:58:16] [INFORMACIÓN] Se ha insertado la opcion: 24 
[12/09/25 17:58:16] [INFORMACIÓN] Se ha insertado la opcion: 25 
[12/09/25 17:58:16] [INFORMACIÓN] Se ha insertado la opcion: 26 
[12/09/25 17:58:16] [INFORMACIÓN] Se ha insertado la opcion: 27 
[12/09/25 17:58:16] [INFORMACIÓN] Se ha insertado la opcion: 28 
[12/09/25 17:58:16] [INFORMACIÓN] Se ha insertado la opcion: 29 
[12/09/25 17:58:16] [INFORMACIÓN] Se ha insertado la opcion: 30 
[12/09/25 17:58:16] [INFORMACIÓN] Se ha insertado la opcion: 31 
[12/09/25 17:58:16] [INFORMACIÓN] Se ha insertado la opcion: 32 
[12/09/25 17:58:16] [INFORMACIÓN] Se ha insertado la opcion: 33 
[12/09/25 17:58:16] [INFORMACIÓN] Se ha insertado la opcion: 34 
[12/09/25 17:58:16] [INFORMACIÓN] Se ha insertado la opcion: 35 
[12/09/25 17:58:16] [INFORMACIÓN] Se ha insertado la opcion: 36 
[12/09/25 17:58:16] [INFORMACIÓN] Se ha insertado la opcion: 37 
[12/09/25 17:58:16] [INFORMACIÓN] Se ha insertado la opcion: 38 
[12/09/25 17:58:16] [INFORMACIÓN] Se ha insertado la opcion: 39 
[12/09/25 17:58:16] [INFORMACIÓN] Se ha insertado la opcion: 40 
[12/09/25 17:58:16] [INFORMACIÓN] Se ha insertado la opcion: 41 
[12/09/25 17:58:16] [INFORMACIÓN] Se ha insertado la opcion: 42 
[12/09/25 17:58:16] [INFORMACIÓN] Se ha insertado la opcion: 43 
[12/09/25 17:58:16] [INFORMACIÓN] Se ha insertado la opcion: 44 
[12/09/25 17:58:16] [INFORMACIÓN] Se ha insertado la opcion: 45 
[12/09/25 17:58:16] [INFORMACIÓN] Se ha insertado la opcion: 46 
[12/09/25 17:58:16] [INFORMACIÓN] Se ha insertado la opcion: 47 
[12/09/25 17:58:16] [INFORMACIÓN] Se ha insertado la opcion: 48 
[12/09/25 17:58:16] [INFORMACIÓN] Se ha insertado la opcion: 49 
[12/09/25 17:58:16] [INFORMACIÓN] Se ha insertado la opcion: 50 
[12/09/25 17:58:16] [INFORMACIÓN] Se ha insertado la opcion: 51 
[12/09/25 17:58:16] [INFORMACIÓN] Se ha insertado la opcion: 52 
[12/09/25 17:58:16] [INFORMACIÓN] Se ha insertado la opcion: 53 
[12/09/25 17:58:16] [INFORMACIÓN] Se ha insertado la opcion: 54 
[12/09/25 17:58:16] [INFORMACIÓN] Se ha insertado la opcion: 55 
[12/09/25 17:58:16] [INFORMACIÓN] Se ha insertado la opcion: 56 
[12/09/25 17:58:16] [INFORMACIÓN] Se ha insertado la opcion: 57 
[12/09/25 17:58:16] [INFORMACIÓN] Se ha insertado la opcion: 58 
[12/09/25 17:58:16] [INFORMACIÓN] Se ha insertado la opcion: 59 
[12/09/25 17:58:16] [INFORMACIÓN] Se ha insertado la opcion: 60 
[12/09/25 17:58:16] [INFORMACIÓN] Se ha insertado la opcion: 61 
[12/09/25 17:58:16] [INFORMACIÓN] Se ha insertado la opcion: 62 
[12/09/25 17:58:16] [INFORMACIÓN] Se ha insertado la opcion: 63 
[12/09/25 17:58:16] [INFORMACIÓN] Se ha insertado la opcion: 64 
[12/09/25 17:58:16] [INFORMACIÓN] Se ha insertado la opcion: 65 
[12/09/25 17:58:16] [INFORMACIÓN] Se ha insertado la opcion: 66 
[12/09/25 17:58:16] [INFORMACIÓN] Se ha insertado la opcion: 67 
[12/09/25 17:58:16] [INFORMACIÓN] Se ha insertado la opcion: 68 
[12/09/25 17:58:16] [INFORMACIÓN] Se ha insertado la opcion: 69 
[12/09/25 17:58:16] [INFORMACIÓN] Se ha insertado la opcion: 70 
[12/09/25 17:58:16] [INFORMACIÓN] Se ha insertado la opcion: 71 
[12/09/25 17:58:16] [INFORMACIÓN] Se ha insertado la opcion: 72 
[12/09/25 17:58:16] [INFORMACIÓN] Se ha insertado la opcion: 73 
[12/09/25 17:58:16] [INFORMACIÓN] Se ha insertado la opcion: 74 
[12/09/25 17:58:16] [INFORMACIÓN] Se ha insertado la opcion: 75 
[12/09/25 17:58:16] [INFORMACIÓN] Se ha insertado la opcion: 76 
[12/09/25 17:58:16] [INFORMACIÓN] Se ha insertado la opcion: 77 
[12/09/25 17:58:16] [INFORMACIÓN] Se ha insertado la opcion: 78 
[12/09/25 17:58:16] [INFORMACIÓN] Se ha insertado la opcion: 79 
[12/09/25 17:58:16] [INFORMACIÓN] Se ha insertado la opcion: 80 
[12/09/25 17:58:16] [INFORMACIÓN] Se ha insertado la opcion: 81 
[12/09/25 17:58:16] [INFORMACIÓN] Se ha insertado la opcion: 82 
[12/09/25 17:58:16] [INFORMACIÓN] Se ha insertado la opcion: 83 
[12/09/25 17:58:16] [INFORMACIÓN] Se ha insertado la opcion: 84 
[12/09/25 17:58:16] [INFORMACIÓN] Se ha insertado la opcion: 85 
[12/09/25 17:58:16] [INFORMACIÓN] Se ha insertado la opcion: 86 
[12/09/25 17:58:16] [INFORMACIÓN] Se ha insertado la opcion: 87 
[12/09/25 17:58:16] [INFORMACIÓN] Se ha insertado la opcion: 88 
[12/09/25 17:58:16] [INFORMACIÓN] Se ha insertado la opcion: 89 
[12/09/25 17:58:16] [INFORMACIÓN] Se ha insertado la opcion: 90 
[12/09/25 17:58:16] [INFORMACIÓN] Se ha insertado la opcion: 91 
[12/09/25 17:58:16] [INFORMACIÓN] Se ha insertado la opcion: 92 
[12/09/25 17:58:16] [INFORMACIÓN] Se ha insertado la opcion: 93 
[12/09/25 17:58:16] [INFORMACIÓN] Se ha insertado la opcion: 94 
[12/09/25 17:58:16] [INFORMACIÓN] Se ha insertado la opcion: 95 
[12/09/25 17:58:16] [INFORMACIÓN] Se ha insertado la opcion: 96 
[12/09/25 17:58:16] [INFORMACIÓN] Se ha insertado la opcion: 97 
[12/09/25 17:58:16] [INFORMACIÓN] Se ha insertado la opcion: 98 
[12/09/25 17:58:16] [INFORMACIÓN] Se ha insertado la opcion: 99 
[12/09/25 17:58:16] [INFORMACIÓN] Se ha insertado la opcion: 100 
[12/09/25 17:58:16] [INFORMACIÓN] Se ha insertado la opcion: 101 
[12/09/25 17:58:16] [INFORMACIÓN] Se ha insertado la opcion: 102 
[12/09/25 17:58:16] [INFORMACIÓN] Se ha insertado la opcion: 103 
[12/09/25 17:58:16] [INFORMACIÓN] Se ha insertado la opcion: 104 
[12/09/25 17:58:16] [INFORMACIÓN] Se ha insertado la opcion: 105 
[12/09/25 17:58:16] [INFORMACIÓN] Se ha insertado la opcion: 106 
[12/09/25 17:58:16] [INFORMACIÓN] Se ha insertado la opcion: 107 
[12/09/25 17:58:16] [INFORMACIÓN] Se ha insertado la opcion: 108 
[12/09/25 17:58:16] [INFORMACIÓN] Se ha insertado la opcion: 109 
[12/09/25 17:58:16] [INFORMACIÓN] Se ha insertado la opcion: 110 
[12/09/25 17:58:16] [INFORMACIÓN] Se ha insertado la opcion: 111 
[12/09/25 17:58:16] [INFORMACIÓN] Se ha insertado la opcion: 112 
[12/09/25 17:58:16] [INFORMACIÓN] Se ha insertado la opcion: 113 
[12/09/25 17:58:16] [INFORMACIÓN] Se ha insertado la opcion: 114 
[12/09/25 17:58:16] [INFORMACIÓN] Se ha insertado la opcion: 115 
[12/09/25 17:58:16] [INFORMACIÓN] Se ha insertado la opcion: 116 
[12/09/25 17:58:16] [INFORMACIÓN] Se ha insertado la opcion: 117 
[12/09/25 17:58:16] [INFORMACIÓN] Se ha insertado la opcion: 118 
[12/09/25 17:58:16] [INFORMACIÓN] Se ha insertado la opcion: 119 
[12/09/25 17:58:16] [INFORMACIÓN] Se ha insertado la opcion: 120 
[12/09/25 17:58:16] [INFORMACIÓN] Se ha insertado la opcion: 121 
[12/09/25 17:58:16] [INFORMACIÓN] Se ha insertado la opcion: 122 
[12/09/25 17:58:16] [INFORMACIÓN] Se ha insertado la opcion: 123 
[12/09/25 17:58:16] [INFORMACIÓN] Se ha insertado la opcion: 124 
[12/09/25 17:58:16] [INFORMACIÓN] Se ha insertado la opcion: 125 
[12/09/25 17:58:16] [INFORMACIÓN] Se ha insertado la opcion: 126 
[12/09/25 17:58:16] [INFORMACIÓN] Se ha insertado la opcion: 127 
[12/09/25 17:58:16] [INFORMACIÓN] Se ha insertado la opcion: 128 
[12/09/25 17:58:16] [INFORMACIÓN] Se ha insertado la opcion: 129 
[12/09/25 17:58:16] [INFORMACIÓN] Se ha insertado la opcion: 130 
[12/09/25 17:58:16] [INFORMACIÓN] Se ha insertado la opcion: 131 
[12/09/25 17:58:16] [INFORMACIÓN] Se ha insertado la opcion: 132 
[12/09/25 17:58:16] [INFORMACIÓN] Se ha insertado la opcion: 133 
[12/09/25 17:58:16] [INFORMACIÓN] Se ha insertado la opcion: 134 
[12/09/25 17:58:16] [INFORMACIÓN] Se ha insertado la opcion: 135 
[12/09/25 17:58:16] [INFORMACIÓN] Se ha insertado la opcion: 136 
[12/09/25 17:58:16] [INFORMACIÓN] Se ha insertado la opcion: 137 
[12/09/25 17:58:16] [INFORMACIÓN] Se ha insertado la opcion: 138 
[12/09/25 17:58:16] [INFORMACIÓN] Se ha insertado la opcion: 139 
[12/09/25 17:58:16] [INFORMACIÓN] Se ha insertado la opcion: 140 
[12/09/25 17:58:16] [INFORMACIÓN] Se ha insertado la opcion: 141 
[12/09/25 17:58:16] [INFORMACIÓN] Se ha insertado la opcion: 142 
[12/09/25 17:58:16] [INFORMACIÓN] Se ha insertado la opcion: 143 
[12/09/25 17:58:16] [INFORMACIÓN] Se ha insertado la opcion: 144 
[12/09/25 17:58:16] [INFORMACIÓN] Se ha insertado la opcion: 145 
[12/09/25 17:58:16] [INFORMACIÓN] Se ha insertado la opcion: 146 
[12/09/25 17:58:16] [INFORMACIÓN] Se ha insertado la opcion: 147 
[12/09/25 17:58:16] [INFORMACIÓN] Se ha insertado la opcion: 148 
[12/09/25 17:58:16] [INFORMACIÓN] Se ha insertado la opcion: 149 
[12/09/25 17:58:16] [INFORMACIÓN] Se ha insertado la opcion: 150 
[12/09/25 17:58:16] [INFORMACIÓN] Se ha insertado la opcion: 151 
[12/09/25 17:58:16] [INFORMACIÓN] Se ha insertado la opcion: 152 
[12/09/25 17:58:16] [INFORMACIÓN] Se ha insertado la opcion: 153 
[12/09/25 17:58:16] [INFORMACIÓN] Se ha insertado la opcion: 154 
[12/09/25 17:58:16] [INFORMACIÓN] Se ha insertado la opcion: 155 
[12/09/25 17:58:16] [INFORMACIÓN] Se ha insertado la opcion: 156 
[12/09/25 17:58:16] [INFORMACIÓN] Se ha insertado la opcion: 157 
[12/09/25 17:58:16] [INFORMACIÓN] Se ha insertado la opcion: 158 
[12/09/25 17:58:16] [INFORMACIÓN] Se ha insertado la opcion: 159 
[12/09/25 17:58:16] [INFORMACIÓN] Se ha insertado la opcion: 160 
[12/09/25 17:58:16] [INFORMACIÓN] Se ha insertado la opcion: 161 
[12/09/25 17:58:16] [INFORMACIÓN] Se ha insertado la opcion: 162 
[12/09/25 17:58:16] [INFORMACIÓN] Se ha insertado la opcion: 163 
[12/09/25 17:58:16] [INFORMACIÓN] Se ha insertado la opcion: 164 
[12/09/25 17:58:16] [INFORMACIÓN] Se ha insertado la opcion: 165 
[12/09/25 17:58:16] [INFORMACIÓN] Se ha insertado la opcion: 166 
[12/09/25 17:58:16] [INFORMACIÓN] Se ha insertado la opcion: 167 
[12/09/25 17:58:16] [INFORMACIÓN] Se ha insertado la opcion: 168 
[12/09/25 17:58:16] [INFORMACIÓN] Se ha insertado la opcion: 169 
[12/09/25 17:58:16] [INFORMACIÓN] Se ha insertado la opcion: 170 
[12/09/25 17:58:16] [INFORMACIÓN] Se ha insertado la opcion: 171 
[12/09/25 17:58:16] [INFORMACIÓN] Se ha insertado la opcion: 172 
[12/09/25 17:58:16] [INFORMACIÓN] Se ha insertado la opcion: 173 
[12/09/25 17:58:16] [INFORMACIÓN] Se ha insertado la opcion: 174 
[12/09/25 17:58:16] [INFORMACIÓN] Se ha insertado la opcion: 175 
[12/09/25 17:58:16] [INFORMACIÓN] Se ha insertado la opcion: 176 
[12/09/25 17:58:16] [INFORMACIÓN] Se ha insertado la opcion: 177 
[12/09/25 17:58:16] [INFORMACIÓN] Se ha insertado la opcion: 178 
[12/09/25 17:58:16] [INFORMACIÓN] Se ha insertado la opcion: 179 
[12/09/25 17:58:16] [INFORMACIÓN] Se ha insertado la opcion: 180 
[12/09/25 17:58:16] [INFORMACIÓN] Se ha insertado la opcion: 181 
[12/09/25 17:58:16] [INFORMACIÓN] Se ha insertado la opcion: 182 
[12/09/25 17:58:16] [INFORMACIÓN] Se ha insertado la opcion: 183 
[12/09/25 17:58:16] [INFORMACIÓN] Se ha insertado la opcion: 184 
[12/09/25 17:58:16] [INFORMACIÓN] Se ha insertado la opcion: 185 
[12/09/25 17:58:16] [INFORMACIÓN] Se ha insertado la opcion: 186 
[12/09/25 17:58:16] [INFORMACIÓN] Se ha insertado la opcion: 187 
[12/09/25 17:58:16] [INFORMACIÓN] Se ha insertado la opcion: 188 
[12/09/25 17:58:16] [INFORMACIÓN] Se ha insertado la opcion: 189 
[12/09/25 17:58:16] [INFORMACIÓN] Se ha insertado la opcion: 190 
[12/09/25 17:58:16] [INFORMACIÓN] Se ha insertado la opcion: 191 
[12/09/25 17:58:16] [INFORMACIÓN] Se ha insertado la opcion: 192 
[12/09/25 17:58:16] [INFORMACIÓN] Se ha insertado la opcion: 193 
[12/09/25 17:58:16] [INFORMACIÓN] Se ha insertado la opcion: 194 
[12/09/25 17:58:16] [INFORMACIÓN] Se ha insertado la opcion: 195 
[12/09/25 17:58:16] [INFORMACIÓN] Se ha insertado la opcion: 196 
[12/09/25 17:58:16] [INFORMACIÓN] Se ha insertado la opcion: 197 
[12/09/25 17:58:16] [INFORMACIÓN] Se ha insertado la opcion: 198 
[12/09/25 17:58:16] [INFORMACIÓN] Se ha insertado la opcion: 199 
[12/09/25 17:58:16] [INFORMACIÓN] Se ha insertado la opcion: 200 
[12/09/25 17:58:16] [INFORMACIÓN] Se ha insertado la opcion: 201 
[12/09/25 17:58:16] [INFORMACIÓN] Se ha insertado la opcion: 202 
[12/09/25 17:58:16] [INFORMACIÓN] Se ha insertado la opcion: 203 
[12/09/25 17:58:16] [INFORMACIÓN] Se ha insertado la opcion: 204 
[12/09/25 17:58:16] [INFORMACIÓN] Se ha insertado la opcion: 205 
[12/09/25 17:58:16] [INFORMACIÓN] Se ha insertado la opcion: 206 
[12/09/25 17:58:16] [INFORMACIÓN] Se ha insertado la opcion: 207 
[12/09/25 17:58:16] [INFORMACIÓN] Se ha insertado la opcion: 208 
[12/09/25 17:58:16] [INFORMACIÓN] Se ha insertado la opcion: 209 
[12/09/25 17:58:16] [INFORMACIÓN] Se ha insertado la opcion: 210 
[12/09/25 17:58:16] [INFORMACIÓN] Se ha insertado la opcion: 211 
[12/09/25 17:58:16] [INFORMACIÓN] Se ha insertado la opcion: 212 
[12/09/25 17:58:16] [INFORMACIÓN] Se ha insertado la opcion: 213 
[12/09/25 17:58:16] [INFORMACIÓN] Se ha insertado la opcion: 214 
[12/09/25 17:58:16] [INFORMACIÓN] Se ha insertado la opcion: 215 
[12/09/25 17:58:17] [INFORMACIÓN] Se ha insertado la opcion: 216 
[12/09/25 17:58:17] [INFORMACIÓN] Se ha insertado la opcion: 217 
[12/09/25 17:58:17] [INFORMACIÓN] Se ha insertado la opcion: 218 
[12/09/25 17:58:17] [INFORMACIÓN] Se ha insertado la opcion: 219 
[12/09/25 17:58:17] [INFORMACIÓN] Se ha insertado la opcion: 220 
[12/09/25 17:58:17] [INFORMACIÓN] Se ha insertado la opcion: 221 
[12/09/25 17:58:17] [INFORMACIÓN] Se ha insertado la opcion: 222 
[12/09/25 17:58:17] [INFORMACIÓN] Se ha insertado la opcion: 223 
[12/09/25 17:58:17] [INFORMACIÓN] Se ha insertado la opcion: 224 
[12/09/25 17:58:17] [INFORMACIÓN] Se ha insertado la opcion: 225 
[12/09/25 17:58:17] [INFORMACIÓN] Se ha insertado la opcion: 226 
[12/09/25 17:58:17] [INFORMACIÓN] Se ha insertado la opcion: 227 
[12/09/25 17:58:17] [INFORMACIÓN] Se ha insertado la opcion: 228 
[12/09/25 17:58:17] [INFORMACIÓN] Se ha insertado la opcion: 229 
[12/09/25 17:58:17] [INFORMACIÓN] Se ha insertado la opcion: 230 
[12/09/25 17:58:17] [INFORMACIÓN] Se ha insertado la opcion: 231 
[12/09/25 17:58:17] [INFORMACIÓN] Se ha insertado la opcion: 232 
[12/09/25 17:58:17] [INFORMACIÓN] Se ha insertado la opcion: 233 
[12/09/25 17:58:17] [INFORMACIÓN] Se ha insertado la opcion: 234 
[12/09/25 17:58:17] [INFORMACIÓN] Se ha insertado la opcion: 235 
[12/09/25 17:58:17] [INFORMACIÓN] Se ha insertado la opcion: 236 
[12/09/25 17:58:17] [INFORMACIÓN] Se ha insertado la opcion: 237 
[12/09/25 17:58:17] [INFORMACIÓN] Se ha insertado la opcion: 238 
[12/09/25 17:58:17] [INFORMACIÓN] Se ha insertado la opcion: 239 
[12/09/25 17:58:17] [INFORMACIÓN] Se ha insertado la opcion: 240 
[12/09/25 17:58:17] [INFORMACIÓN] Se ha insertado la opcion: 241 
[12/09/25 17:58:17] [INFORMACIÓN] Se ha insertado la opcion: 242 
[12/09/25 17:58:17] [INFORMACIÓN] Se ha insertado la opcion: 243 
[12/09/25 17:58:17] [INFORMACIÓN] Se ha insertado la opcion: 244 
[12/09/25 17:58:17] [INFORMACIÓN] Se ha insertado la opcion: 245 
[12/09/25 17:58:17] [INFORMACIÓN] Se ha insertado la opcion: 246 
[12/09/25 17:58:17] [INFORMACIÓN] Se ha insertado la opcion: 247 
[12/09/25 17:58:17] [INFORMACIÓN] Se ha insertado la opcion: 248 
[12/09/25 17:58:17] [INFORMACIÓN] Se ha insertado la opcion: 249 
[12/09/25 17:58:17] [INFORMACIÓN] Se ha insertado la opcion: 250 
[12/09/25 17:58:17] [INFORMACIÓN] Se ha insertado la opcion: 251 
[12/09/25 17:58:17] [INFORMACIÓN] Se ha insertado la opcion: 252 
[12/09/25 17:58:17] [INFORMACIÓN] Se ha insertado la opcion: 253 
[12/09/25 17:58:17] [INFORMACIÓN] Se ha insertado la opcion: 254 
[12/09/25 17:58:17] [INFORMACIÓN] Se ha insertado la opcion: 255 
[12/09/25 17:58:17] [INFORMACIÓN] Se ha insertado la opcion: 256 
[12/09/25 17:58:17] [INFORMACIÓN] Se ha insertado la opcion: 257 
[12/09/25 17:58:17] [INFORMACIÓN] Se ha insertado la opcion: 258 
[12/09/25 17:58:17] [INFORMACIÓN] Se ha insertado la opcion: 259 
[12/09/25 17:58:17] [INFORMACIÓN] Se ha insertado la opcion: 260 
[12/09/25 17:58:17] [INFORMACIÓN] Se ha insertado la opcion: 261 
[12/09/25 17:58:17] [INFORMACIÓN] Se ha insertado la opcion: 262 
[12/09/25 17:58:17] [INFORMACIÓN] Se ha insertado la opcion: 263 
[12/09/25 17:58:17] [INFORMACIÓN] Se ha insertado la opcion: 264 
[12/09/25 17:58:17] [INFORMACIÓN] Se ha insertado la opcion: 265 
[12/09/25 17:58:17] [INFORMACIÓN] Se ha insertado la opcion: 266 
[12/09/25 17:58:17] [INFORMACIÓN] Se ha insertado la opcion: 267 
[12/09/25 17:58:17] [INFORMACIÓN] Se ha insertado la opcion: 268 
[12/09/25 17:58:17] [INFORMACIÓN] Se ha insertado la opcion: 269 
[12/09/25 17:58:17] [INFORMACIÓN] Se ha insertado la opcion: 270 
[12/09/25 17:58:17] [INFORMACIÓN] Se ha insertado la opcion: 271 
[12/09/25 17:58:17] [INFORMACIÓN] Se ha insertado la opcion: 272 
[12/09/25 17:58:17] [INFORMACIÓN] Se ha insertado la opcion: 273 
[12/09/25 17:58:17] [INFORMACIÓN] Se ha insertado la opcion: 274 
[12/09/25 17:58:17] [INFORMACIÓN] Se ha insertado la opcion: 275 
[12/09/25 17:58:17] [INFORMACIÓN] Se ha insertado la opcion: 276 
[12/09/25 17:58:17] [INFORMACIÓN] Se ha insertado la opcion: 277 
[12/09/25 17:58:17] [INFORMACIÓN] Se ha insertado la opcion: 278 
[12/09/25 17:58:17] [INFORMACIÓN] Se ha insertado la opcion: 279 
[12/09/25 17:58:17] [INFORMACIÓN] Se ha insertado la opcion: 280 
[12/09/25 17:58:17] [INFORMACIÓN] Se ha insertado la opcion: 281 
[12/09/25 17:58:17] [INFORMACIÓN] Se ha insertado la opcion: 282 
[12/09/25 17:58:17] [INFORMACIÓN] Se ha insertado la opcion: 283 
[12/09/25 17:58:17] [INFORMACIÓN] Se ha insertado la opcion: 284 
[12/09/25 17:58:17] [INFORMACIÓN] Se ha insertado la opcion: 285 
[12/09/25 17:58:17] [INFORMACIÓN] Se ha insertado la opcion: 286 
[12/09/25 17:58:17] [INFORMACIÓN] Se ha insertado la opcion: 287 
[12/09/25 17:58:17] [INFORMACIÓN] Se ha insertado la opcion: 288 
[12/09/25 17:58:17] [INFORMACIÓN] Se ha insertado la opcion: 289 
[12/09/25 17:58:17] [INFORMACIÓN] Se ha insertado la opcion: 290 
[12/09/25 17:58:17] [INFORMACIÓN] Se ha insertado la opcion: 291 
[12/09/25 17:58:17] [INFORMACIÓN] Se ha insertado la opcion: 292 
[12/09/25 17:58:17] [INFORMACIÓN] Se ha insertado la opcion: 293 
[12/09/25 17:58:17] [INFORMACIÓN] Se ha insertado la opcion: 294 
[12/09/25 17:58:17] [INFORMACIÓN] Se ha insertado la opcion: 295 
[12/09/25 17:58:17] [INFORMACIÓN] Se ha insertado la opcion: 296 
[12/09/25 17:58:17] [INFORMACIÓN] Se ha insertado la opcion: 297 
[12/09/25 17:58:17] [INFORMACIÓN] Se ha insertado la opcion: 298 
[12/09/25 17:58:17] [INFORMACIÓN] Se ha insertado la opcion: 299 
[12/09/25 17:58:17] [INFORMACIÓN] Se ha insertado la opcion: 300 
[12/09/25 17:58:17] [INFORMACIÓN] Se ha insertado la opcion: 301 
[12/09/25 17:58:17] [INFORMACIÓN] Se ha insertado la opcion: 302 
[12/09/25 17:58:17] [INFORMACIÓN] Se ha insertado la opcion: 303 
[12/09/25 17:58:17] [INFORMACIÓN] Se ha insertado la opcion: 304 
[12/09/25 17:58:17] [INFORMACIÓN] Se ha insertado la opcion: 305 
[12/09/25 17:58:17] [INFORMACIÓN] Se ha insertado la opcion: 306 
[12/09/25 17:58:17] [INFORMACIÓN] Se ha insertado la opcion: 307 
[12/09/25 17:58:17] [INFORMACIÓN] Se ha insertado la opcion: 308 
[12/09/25 17:58:17] [INFORMACIÓN] Se ha insertado la opcion: 309 
[12/09/25 17:58:17] [INFORMACIÓN] Se ha insertado la opcion: 310 
[12/09/25 17:58:17] [INFORMACIÓN] Se ha insertado la opcion: 311 
[12/09/25 17:58:17] [INFORMACIÓN] Se ha insertado la opcion: 312 
[12/09/25 17:58:17] [INFORMACIÓN] Se ha insertado la opcion: 313 
[12/09/25 17:58:17] [INFORMACIÓN] Se ha insertado la opcion: 314 
[12/09/25 17:58:17] [INFORMACIÓN] Se ha insertado la opcion: 315 
[12/09/25 17:58:17] [INFORMACIÓN] Se ha insertado la opcion: 316 
[12/09/25 17:58:17] [INFORMACIÓN] Se ha insertado la opcion: 317 
[12/09/25 17:58:17] [INFORMACIÓN] Se ha insertado la opcion: 318 
[12/09/25 17:58:17] [INFORMACIÓN] Se ha insertado la opcion: 319 
[12/09/25 17:58:17] [INFORMACIÓN] Se ha insertado la opcion: 320 
[12/09/25 17:58:17] [INFORMACIÓN] Se ha insertado la opcion: 321 
[12/09/25 17:58:17] [INFORMACIÓN] Se ha insertado la opcion: 322 
[12/09/25 17:58:17] [INFORMACIÓN] Se ha insertado la opcion: 323 
[12/09/25 17:58:17] [INFORMACIÓN] Se ha insertado la opcion: 324 
[12/09/25 17:58:17] [INFORMACIÓN] Se ha insertado la opcion: 325 
[12/09/25 17:58:17] [INFORMACIÓN] Se ha insertado la opcion: 326 
[12/09/25 17:58:17] [INFORMACIÓN] Se ha insertado la opcion: 327 
[12/09/25 17:58:17] [INFORMACIÓN] Se ha insertado la opcion: 328 
[12/09/25 17:58:17] [INFORMACIÓN] Se ha insertado la opcion: 329 
[12/09/25 17:58:17] [INFORMACIÓN] Se ha insertado la opcion: 330 
[12/09/25 17:58:17] [INFORMACIÓN] Se ha insertado la opcion: 331 
[12/09/25 17:58:17] [INFORMACIÓN] Se ha insertado la opcion: 332 
[12/09/25 17:58:17] [INFORMACIÓN] Se ha insertado la opcion: 333 
[12/09/25 17:58:17] [INFORMACIÓN] Se ha insertado la opcion: 334 
[12/09/25 17:58:17] [INFORMACIÓN] Se ha insertado la opcion: 335 
[12/09/25 17:58:17] [INFORMACIÓN] Se ha insertado la opcion: 336 
[12/09/25 17:58:17] [INFORMACIÓN] Se ha insertado la opcion: 337 
[12/09/25 17:58:17] [INFORMACIÓN] Se ha insertado la opcion: 338 
[12/09/25 17:58:17] [INFORMACIÓN] Se ha insertado la opcion: 339 
[12/09/25 17:58:17] [INFORMACIÓN] Se ha insertado la opcion: 340 
[12/09/25 17:58:17] [INFORMACIÓN] Se ha insertado la opcion: 341 
[12/09/25 17:58:17] [INFORMACIÓN] Se ha insertado la opcion: 342 
[12/09/25 17:58:17] [INFORMACIÓN] Se ha insertado la opcion: 343 
[12/09/25 17:58:17] [INFORMACIÓN] Se ha insertado la opcion: 344 
[12/09/25 17:58:17] [INFORMACIÓN] Se ha insertado la opcion: 345 
[12/09/25 17:58:17] [INFORMACIÓN] Se ha insertado la opcion: 346 
[12/09/25 17:58:17] [INFORMACIÓN] Se ha insertado la opcion: 347 
[12/09/25 17:58:17] [INFORMACIÓN] Se ha insertado la opcion: 348 
[12/09/25 17:58:17] [INFORMACIÓN] Se ha insertado la opcion: 349 
[12/09/25 17:58:17] [INFORMACIÓN] Se ha insertado la opcion: 350 
[12/09/25 17:58:17] [INFORMACIÓN] Se ha insertado la opcion: 351 
[12/09/25 17:58:17] [INFORMACIÓN] Se ha insertado la opcion: 352 
[12/09/25 17:58:17] [INFORMACIÓN] Se ha insertado la opcion: 353 
[12/09/25 17:58:18] [INFORMACIÓN] Se ha insertado la opcion: 354 
[12/09/25 17:58:18] [INFORMACIÓN] Se ha insertado la opcion: 355 
[12/09/25 17:58:18] [INFORMACIÓN] Se ha insertado la opcion: 356 
[12/09/25 17:58:18] [INFORMACIÓN] Se ha insertado la opcion: 357 
[12/09/25 17:58:18] [INFORMACIÓN] Se ha insertado la opcion: 358 
[12/09/25 17:58:18] [INFORMACIÓN] Se ha insertado la opcion: 359 
[12/09/25 17:58:18] [INFORMACIÓN] Se ha insertado la opcion: 360 
[12/09/25 17:58:18] [INFORMACIÓN] Se ha insertado la opcion: 361 
[12/09/25 17:58:18] [INFORMACIÓN] Se ha insertado la opcion: 362 
[12/09/25 17:58:18] [INFORMACIÓN] Se ha insertado la opcion: 363 
[12/09/25 17:58:18] [INFORMACIÓN] Se ha insertado la opcion: 364 
[12/09/25 17:58:18] [INFORMACIÓN] Se ha insertado la opcion: 365 
[12/09/25 17:58:18] [INFORMACIÓN] Se ha insertado la opcion: 366 
[12/09/25 17:58:18] [INFORMACIÓN] Se ha insertado la opcion: 367 
[12/09/25 17:58:18] [INFORMACIÓN] Se ha insertado la opcion: 368 
[12/09/25 17:58:18] [INFORMACIÓN] Se ha insertado la opcion: 369 
[12/09/25 17:58:18] [INFORMACIÓN] Se ha insertado la opcion: 370 
[12/09/25 17:58:18] [INFORMACIÓN] Se ha insertado la opcion: 371 
[12/09/25 17:58:18] [INFORMACIÓN] Se ha insertado la opcion: 372 
[12/09/25 17:58:18] [INFORMACIÓN] Se ha insertado la opcion: 373 
[12/09/25 17:58:18] [INFORMACIÓN] Se ha insertado la opcion: 374 
[12/09/25 17:58:18] [INFORMACIÓN] Se ha insertado la opcion: 375 
[12/09/25 17:58:18] [INFORMACIÓN] Se ha insertado la opcion: 376 
[12/09/25 17:58:18] [INFORMACIÓN] Se ha insertado la opcion: 377 
[12/09/25 17:58:18] [INFORMACIÓN] Se ha insertado la opcion: 378 
[12/09/25 17:58:18] [INFORMACIÓN] Se ha insertado la opcion: 379 
[12/09/25 17:58:18] [INFORMACIÓN] Se ha insertado la opcion: 380 
[12/09/25 17:58:18] [INFORMACIÓN] Se ha insertado la opcion: 381 
[12/09/25 17:58:18] [INFORMACIÓN] Se ha insertado la opcion: 382 
[12/09/25 17:58:18] [INFORMACIÓN] Se ha insertado la opcion: 383 
[12/09/25 17:58:18] [INFORMACIÓN] Se ha insertado la opcion: 384 
[12/09/25 17:58:18] [INFORMACIÓN] Se ha insertado la opcion: 385 
[12/09/25 17:58:18] [INFORMACIÓN] Se ha insertado la opcion: 386 
[12/09/25 17:58:18] [INFORMACIÓN] Se ha insertado la opcion: 387 
[12/09/25 17:58:18] [INFORMACIÓN] Se ha insertado la opcion: 388 
[12/09/25 17:58:18] [INFORMACIÓN] Se ha insertado la opcion: 389 
[12/09/25 17:58:18] [INFORMACIÓN] Se ha insertado la opcion: 390 
[12/09/25 17:58:18] [INFORMACIÓN] Se ha insertado la opcion: 391 
[12/09/25 17:58:18] [INFORMACIÓN] Se ha insertado la opcion: 392 
[12/09/25 17:58:18] [INFORMACIÓN] Se ha insertado la opcion: 393 
[12/09/25 17:58:18] [INFORMACIÓN] Se ha insertado la opcion: 394 
[12/09/25 17:58:18] [INFORMACIÓN] Se ha insertado la opcion: 395 
[12/09/25 17:58:18] [INFORMACIÓN] Se ha insertado la opcion: 396 
[12/09/25 17:58:18] [INFORMACIÓN] Se ha insertado la opcion: 397 
[12/09/25 17:58:18] [INFORMACIÓN] Se ha insertado la opcion: 398 
[12/09/25 17:58:18] [INFORMACIÓN] Se ha insertado la opcion: 399 
[12/09/25 17:58:18] [INFORMACIÓN] Se ha insertado la opcion: 400 
[12/09/25 17:58:18] [INFORMACIÓN] Se ha insertado la opcion: 401 
[12/09/25 17:58:18] [INFORMACIÓN] Se ha insertado la opcion: 402 
[12/09/25 17:58:18] [INFORMACIÓN] Se ha insertado la opcion: 403 
[12/09/25 17:58:18] [INFORMACIÓN] Se ha insertado la opcion: 404 
[12/09/25 17:58:18] [INFORMACIÓN] Se ha insertado la opcion: 405 
[12/09/25 17:58:18] [INFORMACIÓN] Se ha insertado la opcion: 406 
[12/09/25 17:58:18] [INFORMACIÓN] Se ha insertado la opcion: 407 
[12/09/25 17:58:18] [INFORMACIÓN] Se ha insertado la opcion: 408 
[12/09/25 17:58:18] [INFORMACIÓN] Se ha insertado la opcion: 409 
[12/09/25 17:58:18] [INFORMACIÓN] Se ha insertado la opcion: 410 
[12/09/25 17:58:18] [INFORMACIÓN] Se ha insertado la opcion: 411 
[12/09/25 17:58:18] [INFORMACIÓN] Se ha insertado la opcion: 412 
[12/09/25 17:58:18] [INFORMACIÓN] Se ha insertado la opcion: 413 
[12/09/25 17:58:18] [INFORMACIÓN] Se ha insertado la opcion: 414 
[12/09/25 17:58:18] [INFORMACIÓN] Se ha insertado la opcion: 415 
[12/09/25 17:58:18] [INFORMACIÓN] Se ha insertado la opcion: 416 
[12/09/25 17:58:18] [INFORMACIÓN] Se ha insertado la opcion: 417 
[12/09/25 17:58:18] [INFORMACIÓN] Se ha insertado la opcion: 418 
[12/09/25 17:58:18] [INFORMACIÓN] Se ha insertado la opcion: 419 
[12/09/25 17:58:18] [INFORMACIÓN] Se ha insertado la opcion: 420 
[12/09/25 17:58:18] [INFORMACIÓN] Se ha insertado la opcion: 421 
[12/09/25 17:58:18] [INFORMACIÓN] Se ha insertado la opcion: 422 
[12/09/25 17:58:18] [INFORMACIÓN] Se ha insertado la opcion: 423 
[12/09/25 17:58:18] [INFORMACIÓN] Se ha insertado la opcion: 424 
[12/09/25 17:58:18] [INFORMACIÓN] Se ha insertado la opcion: 425 
[12/09/25 17:58:18] [INFORMACIÓN] Se ha insertado la opcion: 426 
[12/09/25 17:58:18] [INFORMACIÓN] Se ha insertado la opcion: 427 
[12/09/25 17:58:18] [INFORMACIÓN] Se ha insertado la opcion: 428 
[12/09/25 17:58:18] [INFORMACIÓN] Se ha insertado la opcion: 429 
[12/09/25 17:58:18] [INFORMACIÓN] Se ha insertado la opcion: 430 
[12/09/25 17:58:18] [INFORMACIÓN] Se ha insertado la opcion: 431 
[12/09/25 17:58:18] [INFORMACIÓN] Se ha insertado la opcion: 432 
[12/09/25 17:58:18] [INFORMACIÓN] Se ha insertado la opcion: 433 
[12/09/25 17:58:18] [INFORMACIÓN] Se ha insertado la opcion: 434 
[12/09/25 17:58:18] [INFORMACIÓN] Se ha insertado la opcion: 435 
[12/09/25 17:58:18] [INFORMACIÓN] Se ha insertado la opcion: 436 
[12/09/25 17:58:18] [INFORMACIÓN] Se ha insertado la opcion: 437 
[12/09/25 17:58:18] [INFORMACIÓN] Se ha insertado la opcion: 438 
[12/09/25 17:58:18] [INFORMACIÓN] Se ha insertado la opcion: 439 
[12/09/25 17:58:18] [INFORMACIÓN] Se ha insertado la opcion: 440 
[12/09/25 17:58:18] [INFORMACIÓN] Se ha insertado la opcion: 441 
[12/09/25 17:58:18] [INFORMACIÓN] Se ha insertado la opcion: 442 
[12/09/25 17:58:18] [INFORMACIÓN] Se ha insertado la opcion: 443 
[12/09/25 17:58:18] [INFORMACIÓN] Se ha insertado la opcion: 444 
[12/09/25 17:58:18] [INFORMACIÓN] Se ha insertado la opcion: 445 
[12/09/25 17:58:18] [INFORMACIÓN] Se ha insertado la opcion: 446 
[12/09/25 17:58:18] [INFORMACIÓN] Se ha insertado la opcion: 447 
[12/09/25 17:58:18] [INFORMACIÓN] Se ha insertado la opcion: 448 
[12/09/25 17:58:18] [INFORMACIÓN] Se ha insertado la opcion: 449 
[12/09/25 17:58:18] [INFORMACIÓN] Se ha insertado la opcion: 450 
[12/09/25 17:58:18] [INFORMACIÓN] Se ha insertado la opcion: 451 
[12/09/25 17:58:18] [INFORMACIÓN] Se ha insertado la opcion: 452 
[12/09/25 17:58:18] [INFORMACIÓN] Se ha insertado la opcion: 453 
[12/09/25 17:58:18] [INFORMACIÓN] Se ha insertado la opcion: 454 
[12/09/25 17:58:18] [INFORMACIÓN] Se ha insertado la opcion: 455 
[12/09/25 17:58:18] [INFORMACIÓN] Se ha insertado la opcion: 456 
[12/09/25 17:58:18] [INFORMACIÓN] Se ha insertado la opcion: 457 
[12/09/25 17:58:18] [INFORMACIÓN] Se ha insertado la opcion: 458 
[12/09/25 17:58:18] [INFORMACIÓN] Se ha insertado la opcion: 459 
[12/09/25 17:58:18] [INFORMACIÓN] Se ha insertado la opcion: 460 
[12/09/25 17:58:18] [INFORMACIÓN] Se ha insertado la opcion: 461 
[12/09/25 17:58:18] [INFORMACIÓN] Se ha insertado la opcion: 462 
[12/09/25 17:58:18] [INFORMACIÓN] Se ha insertado la opcion: 463 
[12/09/25 17:58:18] [INFORMACIÓN] Se ha insertado la opcion: 464 
[12/09/25 17:58:18] [INFORMACIÓN] Se ha insertado la opcion: 465 
[12/09/25 17:58:18] [INFORMACIÓN] Se ha insertado la opcion: 466 
[12/09/25 17:58:18] [INFORMACIÓN] Se ha insertado la opcion: 467 
[12/09/25 17:58:18] [INFORMACIÓN] Se ha insertado la opcion: 468 
[12/09/25 17:58:18] [INFORMACIÓN] Se ha insertado la opcion: 469 
[12/09/25 17:58:18] [INFORMACIÓN] Se ha insertado la opcion: 470 
[12/09/25 17:58:18] [INFORMACIÓN] Se ha insertado la opcion: 471 
[12/09/25 17:58:18] [INFORMACIÓN] Se ha insertado la opcion: 472 
[12/09/25 17:58:18] [INFORMACIÓN] Se ha insertado la opcion: 473 
[12/09/25 17:58:18] [INFORMACIÓN] Se ha insertado la opcion: 474 
[12/09/25 17:58:18] [INFORMACIÓN] Se ha insertado la opcion: 475 
[12/09/25 17:58:18] [INFORMACIÓN] Se ha insertado la opcion: 476 
[12/09/25 17:58:18] [INFORMACIÓN] Se ha insertado la opcion: 477 
[12/09/25 17:58:18] [INFORMACIÓN] Se ha insertado la opcion: 478 
[12/09/25 17:58:18] [INFORMACIÓN] Se ha insertado la opcion: 479 
[12/09/25 17:58:18] [INFORMACIÓN] Se ha insertado la opcion: 480 
[12/09/25 17:58:18] [INFORMACIÓN] Se ha insertado la opcion: 481 
[12/09/25 17:58:18] [INFORMACIÓN] Se ha insertado la opcion: 482 
[12/09/25 17:58:18] [INFORMACIÓN] Se ha insertado la opcion: 483 
[12/09/25 17:58:18] [INFORMACIÓN] Se ha insertado la opcion: 484 
[12/09/25 17:58:18] [INFORMACIÓN] Se ha insertado la opcion: 485 
[12/09/25 17:58:18] [INFORMACIÓN] Se ha insertado la opcion: 486 
[12/09/25 17:58:18] [INFORMACIÓN] Se ha insertado la opcion: 487 
[12/09/25 17:58:18] [INFORMACIÓN] Se ha insertado la opcion: 488 
[12/09/25 17:58:18] [INFORMACIÓN] Se ha insertado la opcion: 489 
[12/09/25 17:58:18] [INFORMACIÓN] Se ha insertado la opcion: 490 
[12/09/25 17:58:18] [INFORMACIÓN] Se ha insertado la opcion: 491 
[12/09/25 17:58:18] [INFORMACIÓN] Se ha insertado la opcion: 492 
[12/09/25 17:58:18] [INFORMACIÓN] Se ha insertado la opcion: 493 
[12/09/25 17:58:18] [INFORMACIÓN] Se ha insertado la opcion: 494 
[12/09/25 17:58:18] [INFORMACIÓN] Se ha insertado la opcion: 495 
[12/09/25 17:58:18] [INFORMACIÓN] Se ha insertado la opcion: 496 
[12/09/25 17:58:18] [INFORMACIÓN] Se ha insertado la opcion: 497 
[12/09/25 17:58:18] [INFORMACIÓN] Se ha insertado la opcion: 498 
[12/09/25 17:58:18] [INFORMACIÓN] Se ha insertado la opcion: 499 
[12/09/25 17:58:18] [INFORMACIÓN] Se ha insertado la opcion: 500 
[12/09/25 17:58:18] [INFORMACIÓN] Se ha insertado la opcion: 501 
[12/09/25 17:58:18] [INFORMACIÓN] Se ha insertado la opcion: 502 
[12/09/25 17:58:18] [INFORMACIÓN] Se ha insertado la opcion: 503 
[12/09/25 17:58:18] [INFORMACIÓN] Se ha insertado la opcion: 504 
[12/09/25 17:58:18] [INFORMACIÓN] Se ha insertado la opcion: 505 
[12/09/25 17:58:18] [INFORMACIÓN] Se ha insertado la opcion: 506 
[12/09/25 17:58:18] [INFORMACIÓN] Se ha insertado la opcion: 507 
[12/09/25 17:58:18] [INFORMACIÓN] Se ha insertado la opcion: 508 
[12/09/25 17:58:18] [INFORMACIÓN] Se ha insertado la opcion: 509 
[12/09/25 17:58:18] [INFORMACIÓN] Se ha insertado la opcion: 510 
[12/09/25 17:58:18] [INFORMACIÓN] Se ha insertado la opcion: 511 
[12/09/25 17:58:18] [INFORMACIÓN] Se ha insertado la opcion: 512 
[12/09/25 17:58:18] [INFORMACIÓN] Se ha insertado la opcion: 513 
[12/09/25 17:58:18] [INFORMACIÓN] Se ha insertado la opcion: 514 
[12/09/25 17:58:18] [INFORMACIÓN] Se ha insertado la opcion: 515 
[12/09/25 17:58:18] [INFORMACIÓN] Se ha insertado la opcion: 516 
[12/09/25 17:58:18] [INFORMACIÓN] Se ha insertado la opcion: 517 
[12/09/25 17:58:18] [INFORMACIÓN] Se ha insertado la opcion: 518 
[12/09/25 17:58:18] [INFORMACIÓN] Se ha insertado la opcion: 519 
[12/09/25 17:58:18] [INFORMACIÓN] Se ha insertado la opcion: 520 
[12/09/25 17:58:18] [INFORMACIÓN] Se ha insertado la opcion: 521 
[12/09/25 17:58:18] [INFORMACIÓN] Se ha insertado la opcion: 522 
[12/09/25 17:58:18] [INFORMACIÓN] Se ha insertado la opcion: 523 
[12/09/25 17:58:18] [INFORMACIÓN] Se ha insertado la opcion: 524 
[12/09/25 17:58:18] [INFORMACIÓN] Se ha insertado la opcion: 525 
[12/09/25 17:58:18] [INFORMACIÓN] Se ha insertado la opcion: 526 
[12/09/25 17:58:18] [INFORMACIÓN] Se ha insertado la opcion: 527 
[12/09/25 17:58:18] [INFORMACIÓN] Se ha insertado la opcion: 528 
[12/09/25 17:58:18] [INFORMACIÓN] Se ha insertado la opcion: 529 
[12/09/25 17:58:18] [INFORMACIÓN] Se ha insertado la opcion: 530 
[12/09/25 17:58:18] [INFORMACIÓN] Se ha insertado la opcion: 531 
[12/09/25 17:58:18] [INFORMACIÓN] Se ha insertado la opcion: 532 
[12/09/25 17:58:18] [INFORMACIÓN] Se ha insertado la opcion: 533 
[12/09/25 17:58:18] [INFORMACIÓN] Se ha insertado la opcion: 534 
[12/09/25 17:58:18] [INFORMACIÓN] Se ha insertado la opcion: 535 
[12/09/25 17:58:18] [INFORMACIÓN] Se ha insertado la opcion: 536 
[12/09/25 17:58:18] [INFORMACIÓN] Se ha insertado la opcion: 537 
[12/09/25 17:58:18] [INFORMACIÓN] Se ha insertado la opcion: 538 
[12/09/25 17:58:18] [INFORMACIÓN] Se ha insertado la opcion: 539 
[12/09/25 17:58:18] [INFORMACIÓN] Se ha insertado la opcion: 540 
[12/09/25 17:58:18] [INFORMACIÓN] Se ha insertado la opcion: 541 
[12/09/25 17:58:18] [INFORMACIÓN] Se ha insertado la opcion: 542 
[12/09/25 17:58:18] [INFORMACIÓN] Se ha insertado la opcion: 543 
[12/09/25 17:58:18] [INFORMACIÓN] Se ha insertado la opcion: 544 
[12/09/25 17:58:18] [INFORMACIÓN] Se ha insertado la opcion: 545 
[12/09/25 17:58:18] [INFORMACIÓN] Se ha insertado la opcion: 546 
[12/09/25 17:58:18] [INFORMACIÓN] Se ha insertado la opcion: 547 
[12/09/25 17:58:18] [INFORMACIÓN] Se ha insertado la opcion: 548 
[12/09/25 17:58:18] [INFORMACIÓN] Se ha insertado la opcion: 549 
[12/09/25 17:58:18] [INFORMACIÓN] Se ha insertado la opcion: 550 
[12/09/25 17:58:18] [INFORMACIÓN] Se ha insertado la opcion: 551 
[12/09/25 17:58:18] [INFORMACIÓN] Se ha insertado la opcion: 552 
[12/09/25 17:58:18] [INFORMACIÓN] Se ha insertado la opcion: 553 
[12/09/25 17:58:18] [INFORMACIÓN] Se ha insertado la opcion: 554 
[12/09/25 17:58:18] [INFORMACIÓN] Se ha insertado la opcion: 555 
[12/09/25 17:58:18] [INFORMACIÓN] Se ha insertado la opcion: 556 
[12/09/25 17:58:18] [INFORMACIÓN] Se ha insertado la opcion: 557 
[12/09/25 17:58:18] [INFORMACIÓN] Se ha insertado la opcion: 558 
[12/09/25 17:58:18] [INFORMACIÓN] Se ha insertado la opcion: 559 
[12/09/25 17:58:18] [INFORMACIÓN] Se ha insertado la opcion: 560 
[12/09/25 17:58:18] [INFORMACIÓN] Se ha insertado la opcion: 561 
[12/09/25 17:58:18] [INFORMACIÓN] Se ha insertado la opcion: 562 
[12/09/25 17:58:18] [INFORMACIÓN] Se ha insertado la opcion: 563 
[12/09/25 17:58:18] [INFORMACIÓN] Se ha insertado la opcion: 564 
[12/09/25 17:58:18] [INFORMACIÓN] Se ha insertado la opcion: 565 
[12/09/25 17:58:18] [INFORMACIÓN] Se ha insertado la opcion: 566 
[12/09/25 17:58:18] [INFORMACIÓN] Se ha insertado la opcion: 567 
[12/09/25 17:58:18] [INFORMACIÓN] Se ha insertado la opcion: 568 
[12/09/25 17:58:18] [INFORMACIÓN] Se ha insertado la opcion: 569 
[12/09/25 17:58:18] [INFORMACIÓN] Se ha insertado la opcion: 570 
[12/09/25 17:58:18] [INFORMACIÓN] Se ha insertado la opcion: 571 
[12/09/25 17:58:18] [INFORMACIÓN] Se ha insertado la opcion: 572 
[12/09/25 17:58:18] [INFORMACIÓN] Se ha insertado la opcion: 573 
[12/09/25 17:58:18] [INFORMACIÓN] Se ha insertado la opcion: 574 
[12/09/25 17:58:18] [INFORMACIÓN] Se ha insertado la opcion: 575 
[12/09/25 17:58:18] [INFORMACIÓN] Se ha insertado la opcion: 576 
[12/09/25 17:58:18] [INFORMACIÓN] Se ha insertado la opcion: 577 
[12/09/25 17:58:18] [INFORMACIÓN] Se ha insertado la opcion: 578 
[12/09/25 17:58:18] [INFORMACIÓN] Se ha insertado la opcion: 579 
[12/09/25 17:58:18] [INFORMACIÓN] Se ha insertado la opcion: 580 
[12/09/25 17:58:18] [INFORMACIÓN] Se ha insertado la opcion: 581 
[12/09/25 17:58:18] [INFORMACIÓN] Se ha insertado la opcion: 582 
[12/09/25 17:58:18] [INFORMACIÓN] Se ha insertado la opcion: 583 
[12/09/25 17:58:18] [INFORMACIÓN] Se ha insertado la opcion: 584 
[12/09/25 17:58:18] [INFORMACIÓN] Se ha insertado la opcion: 585 
[12/09/25 17:58:18] [INFORMACIÓN] Se ha insertado la opcion: 586 
[12/09/25 17:58:18] [INFORMACIÓN] Se ha insertado la opcion: 587 
[12/09/25 17:58:18] [INFORMACIÓN] Se ha insertado la opcion: 588 
[12/09/25 17:58:18] [INFORMACIÓN] Se ha insertado la opcion: 589 
[12/09/25 17:58:18] [INFORMACIÓN] Se ha insertado la opcion: 590 
[12/09/25 17:58:18] [INFORMACIÓN] Se ha insertado la opcion: 591 
[12/09/25 17:58:18] [INFORMACIÓN] Se ha insertado la opcion: 592 
[12/09/25 17:58:18] [INFORMACIÓN] Se ha insertado la opcion: 593 
[12/09/25 17:58:18] [INFORMACIÓN] Se ha insertado la opcion: 594 
[12/09/25 17:58:18] [INFORMACIÓN] Se ha insertado la opcion: 595 
[12/09/25 17:58:18] [INFORMACIÓN] Se ha insertado la opcion: 596 
[12/09/25 17:58:18] [INFORMACIÓN] Se ha insertado la opcion: 597 
[12/09/25 17:58:18] [INFORMACIÓN] Se ha insertado la opcion: 598 
[12/09/25 17:58:18] [INFORMACIÓN] Se ha insertado la opcion: 599 
[12/09/25 17:58:18] [INFORMACIÓN] Se ha insertado la opcion: 600 
[12/09/25 17:58:18] [INFORMACIÓN] Se ha insertado la opcion: 601 
[12/09/25 17:58:18] [INFORMACIÓN] Se ha insertado la opcion: 602 
[12/09/25 17:58:18] [INFORMACIÓN] Se ha insertado la opcion: 603 
[12/09/25 17:58:18] [INFORMACIÓN] Se ha insertado la opcion: 604 
[12/09/25 17:58:18] [INFORMACIÓN] Se ha insertado la opcion: 605 
[12/09/25 17:58:18] [INFORMACIÓN] Se ha insertado la opcion: 606 
[12/09/25 17:58:18] [INFORMACIÓN] Se ha insertado la opcion: 607 
[12/09/25 17:58:18] [INFORMACIÓN] Se ha insertado la opcion: 608 
[12/09/25 17:58:18] [INFORMACIÓN] Se ha insertado la opcion: 609 
[12/09/25 17:58:18] [INFORMACIÓN] Se ha insertado la opcion: 610 
[12/09/25 17:58:18] [INFORMACIÓN] Se ha insertado la opcion: 611 
[12/09/25 17:58:18] [INFORMACIÓN] Se ha insertado la opcion: 612 
[12/09/25 17:58:18] [INFORMACIÓN] Se ha insertado la opcion: 613 
[12/09/25 17:58:19] [INFORMACIÓN] Se ha insertado la opcion: 614 
[12/09/25 17:58:19] [INFORMACIÓN] Se ha insertado la opcion: 615 
[12/09/25 17:58:19] [INFORMACIÓN] Se ha insertado la opcion: 616 
[12/09/25 17:58:19] [INFORMACIÓN] Se ha insertado la opcion: 617 
[12/09/25 17:58:19] [INFORMACIÓN] Se ha insertado la opcion: 618 
[12/09/25 17:58:19] [INFORMACIÓN] Se ha insertado la opcion: 619 
[12/09/25 17:58:19] [INFORMACIÓN] Se ha insertado la opcion: 620 
[12/09/25 17:58:19] [INFORMACIÓN] Se ha insertado la opcion: 621 
[12/09/25 17:58:19] [INFORMACIÓN] Se ha insertado la opcion: 622 
[12/09/25 17:58:19] [INFORMACIÓN] Se ha insertado la opcion: 623 
[12/09/25 17:58:19] [INFORMACIÓN] Se ha insertado la opcion: 624 
[12/09/25 17:58:19] [INFORMACIÓN] Se ha insertado la opcion: 625 
[12/09/25 17:58:19] [INFORMACIÓN] Se ha insertado la opcion: 626 
[12/09/25 17:58:19] [INFORMACIÓN] Se ha insertado la opcion: 627 
[12/09/25 17:58:19] [INFORMACIÓN] Se ha insertado la opcion: 628 
[12/09/25 17:58:19] [INFORMACIÓN] Se ha insertado la opcion: 629 
[12/09/25 17:58:19] [INFORMACIÓN] Se ha insertado la opcion: 630 
[12/09/25 17:58:19] [INFORMACIÓN] Se ha insertado la opcion: 631 
[12/09/25 17:58:19] [INFORMACIÓN] Se ha insertado la opcion: 632 
[12/09/25 17:58:19] [INFORMACIÓN] Se ha insertado la opcion: 633 
[12/09/25 17:58:19] [INFORMACIÓN] Se ha insertado la opcion: 634 
[12/09/25 17:58:19] [INFORMACIÓN] Se ha insertado la opcion: 635 
[12/09/25 17:58:19] [INFORMACIÓN] Se ha insertado la opcion: 636 
[12/09/25 17:58:19] [INFORMACIÓN] Se ha insertado la opcion: 637 
[12/09/25 17:58:19] [INFORMACIÓN] Se ha insertado la opcion: 638 
[12/09/25 17:58:19] [INFORMACIÓN] Se ha insertado la opcion: 639 
[12/09/25 17:58:19] [INFORMACIÓN] Se ha insertado la opcion: 640 
[12/09/25 17:58:19] [INFORMACIÓN] Se ha insertado la opcion: 641 
[12/09/25 17:58:19] [INFORMACIÓN] Se ha insertado la opcion: 642 
[12/09/25 17:58:19] [INFORMACIÓN] Se ha insertado la opcion: 643 
[12/09/25 17:58:19] [INFORMACIÓN] Se ha insertado la opcion: 644 
[12/09/25 17:58:19] [INFORMACIÓN] Se ha insertado la opcion: 645 
[12/09/25 17:58:19] [INFORMACIÓN] Se ha insertado la opcion: 646 
[12/09/25 17:58:19] [INFORMACIÓN] Se ha insertado la opcion: 647 
[12/09/25 17:58:19] [INFORMACIÓN] Se ha insertado la opcion: 648 
[12/09/25 17:58:19] [INFORMACIÓN] Se ha insertado la opcion: 649 
[12/09/25 17:58:19] [INFORMACIÓN] Se ha insertado la opcion: 650 
[12/09/25 17:58:19] [INFORMACIÓN] Se ha insertado la opcion: 651 
[12/09/25 17:58:19] [INFORMACIÓN] Se ha insertado la opcion: 652 
[12/09/25 17:58:19] [INFORMACIÓN] Se ha insertado la opcion: 653 
[12/09/25 17:58:19] [INFORMACIÓN] Se ha insertado la opcion: 654 
[12/09/25 17:58:19] [INFORMACIÓN] Se ha insertado la opcion: 655 
[12/09/25 17:58:19] [INFORMACIÓN] Se ha insertado la opcion: 656 
[12/09/25 17:58:19] [INFORMACIÓN] Se ha insertado la opcion: 657 
[12/09/25 17:58:19] [INFORMACIÓN] Se ha insertado la opcion: 658 
[12/09/25 17:58:19] [INFORMACIÓN] Se ha insertado la opcion: 659 
[12/09/25 17:58:19] [INFORMACIÓN] Se ha insertado la opcion: 660 
[12/09/25 17:58:19] [INFORMACIÓN] Se ha insertado la opcion: 661 
[12/09/25 17:58:19] [INFORMACIÓN] Se ha insertado la opcion: 662 
[12/09/25 17:58:19] [INFORMACIÓN] Se ha insertado la opcion: 663 
[12/09/25 17:58:19] [INFORMACIÓN] Se ha insertado la opcion: 664 
[12/09/25 17:58:19] [INFORMACIÓN] Se ha insertado la opcion: 665 
[12/09/25 17:58:19] [INFORMACIÓN] Se ha insertado la opcion: 666 
[12/09/25 17:58:19] [INFORMACIÓN] Se ha insertado la opcion: 667 
[12/09/25 17:58:19] [INFORMACIÓN] Se ha insertado la opcion: 668 
[12/09/25 17:58:19] [INFORMACIÓN] Se ha insertado la opcion: 669 
[12/09/25 17:58:19] [INFORMACIÓN] Se ha insertado la opcion: 670 
[12/09/25 17:58:19] [INFORMACIÓN] Se ha insertado la opcion: 671 
[12/09/25 17:58:19] [INFORMACIÓN] Se ha insertado la opcion: 672 
[12/09/25 17:58:19] [INFORMACIÓN] Se ha insertado la opcion: 673 
[12/09/25 17:58:19] [INFORMACIÓN] Se ha insertado la opcion: 674 
[12/09/25 17:58:19] [INFORMACIÓN] Se ha insertado la opcion: 675 
[12/09/25 17:58:19] [INFORMACIÓN] Se ha insertado la opcion: 676 
[12/09/25 17:58:19] [INFORMACIÓN] Se ha insertado la opcion: 677 
[12/09/25 17:58:19] [INFORMACIÓN] Se ha insertado la opcion: 678 
[12/09/25 17:58:19] [INFORMACIÓN] Se ha insertado la opcion: 679 
[12/09/25 17:58:19] [INFORMACIÓN] Se ha insertado la opcion: 680 
[12/09/25 17:58:19] [INFORMACIÓN] Se ha insertado la opcion: 681 
[12/09/25 17:58:19] [INFORMACIÓN] Se ha insertado la opcion: 682 
[12/09/25 17:58:19] [INFORMACIÓN] Se ha insertado la opcion: 683 
[12/09/25 17:58:19] [INFORMACIÓN] Se ha insertado la opcion: 684 
[12/09/25 17:58:19] [INFORMACIÓN] Se ha insertado la opcion: 685 
[12/09/25 17:58:19] [INFORMACIÓN] Se ha insertado la opcion: 686 
[12/09/25 17:58:19] [INFORMACIÓN] Se ha insertado la opcion: 687 
[12/09/25 17:58:19] [INFORMACIÓN] Se ha insertado la opcion: 688 
[12/09/25 17:58:19] [INFORMACIÓN] Se ha insertado la opcion: 689 
[12/09/25 17:58:19] [INFORMACIÓN] Se ha insertado la opcion: 690 
[12/09/25 17:58:19] [INFORMACIÓN] Se ha insertado la opcion: 691 
[12/09/25 17:58:19] [INFORMACIÓN] Se ha insertado la opcion: 692 
[12/09/25 17:58:19] [INFORMACIÓN] Se ha insertado la opcion: 693 
[12/09/25 17:58:19] [INFORMACIÓN] Se ha insertado la opcion: 694 
[12/09/25 17:58:19] [INFORMACIÓN] Se ha insertado la opcion: 695 
[12/09/25 17:58:19] [INFORMACIÓN] Se ha insertado la opcion: 696 
[12/09/25 17:58:19] [INFORMACIÓN] Se ha insertado la opcion: 697 
[12/09/25 17:58:19] [INFORMACIÓN] Se ha insertado la opcion: 698 
[12/09/25 17:58:19] [INFORMACIÓN] Se ha insertado la opcion: 699 
[12/09/25 17:58:19] [INFORMACIÓN] Se ha insertado la opcion: 700 
[12/09/25 17:58:19] [INFORMACIÓN] Se ha insertado la opcion: 701 
[12/09/25 17:58:19] [INFORMACIÓN] Se ha insertado la opcion: 702 
[12/09/25 17:58:19] [INFORMACIÓN] Se ha insertado la opcion: 703 
[12/09/25 17:58:19] [INFORMACIÓN] Se ha insertado la opcion: 704 
[12/09/25 17:58:19] [INFORMACIÓN] Se ha insertado la opcion: 705 
[12/09/25 17:58:19] [INFORMACIÓN] Se ha insertado la opcion: 706 
[12/09/25 17:58:19] [INFORMACIÓN] Se ha insertado la opcion: 707 
[12/09/25 17:58:19] [INFORMACIÓN] Se ha insertado la opcion: 708 
[12/09/25 17:58:19] [INFORMACIÓN] Se ha insertado la opcion: 709 
[12/09/25 17:58:19] [INFORMACIÓN] Se ha insertado la opcion: 710 
[12/09/25 17:58:19] [INFORMACIÓN] Se ha insertado la opcion: 711 
[12/09/25 17:58:19] [INFORMACIÓN] Se ha insertado la opcion: 712 
[12/09/25 17:58:19] [INFORMACIÓN] Se ha insertado la opcion: 713 
[12/09/25 17:58:19] [INFORMACIÓN] Se ha insertado la opcion: 714 
[12/09/25 17:58:19] [INFORMACIÓN] Se ha insertado la opcion: 715 
[12/09/25 17:58:19] [INFORMACIÓN] Se ha insertado la opcion: 716 
[12/09/25 17:58:19] [INFORMACIÓN] Se ha insertado la opcion: 717 
[12/09/25 17:58:19] [INFORMACIÓN] Se ha insertado la opcion: 718 
[12/09/25 17:58:19] [INFORMACIÓN] Se ha insertado la opcion: 719 
[12/09/25 17:58:19] [INFORMACIÓN] Se ha insertado la opcion: 720 
[12/09/25 17:58:19] [INFORMACIÓN] Se ha insertado la opcion: 721 
[12/09/25 17:58:19] [INFORMACIÓN] Se ha insertado la opcion: 722 
[12/09/25 17:58:19] [INFORMACIÓN] Se ha insertado la opcion: 723 
[12/09/25 17:58:19] [INFORMACIÓN] Se ha insertado la opcion: 724 
[12/09/25 17:58:19] [INFORMACIÓN] Se ha insertado la opcion: 725 
[12/09/25 17:58:19] [INFORMACIÓN] Se ha insertado la opcion: 726 
[12/09/25 17:58:19] [INFORMACIÓN] Se ha insertado la opcion: 727 
[12/09/25 17:58:19] [INFORMACIÓN] Se ha insertado la opcion: 728 
[12/09/25 17:58:19] [INFORMACIÓN] Se ha insertado la opcion: 729 
[12/09/25 17:58:19] [INFORMACIÓN] Se ha insertado la opcion: 730 
[12/09/25 17:58:19] [INFORMACIÓN] Se ha insertado la opcion: 731 
[12/09/25 17:58:19] [INFORMACIÓN] Se ha insertado la opcion: 732 
[12/09/25 17:58:19] [INFORMACIÓN] Se ha insertado la opcion: 733 
[12/09/25 17:58:19] [INFORMACIÓN] Se ha insertado la opcion: 734 
[12/09/25 17:58:19] [INFORMACIÓN] Se ha insertado la opcion: 735 
[12/09/25 17:58:19] [INFORMACIÓN] Se ha insertado la opcion: 736 
[12/09/25 17:58:19] [INFORMACIÓN] Se ha insertado la opcion: 737 
[12/09/25 17:58:19] [INFORMACIÓN] Se ha insertado la opcion: 738 
[12/09/25 17:58:19] [INFORMACIÓN] Se ha insertado la opcion: 739 
[12/09/25 17:58:19] [INFORMACIÓN] Se ha insertado la opcion: 740 
[12/09/25 17:58:19] [INFORMACIÓN] Se ha insertado la opcion: 741 
[12/09/25 17:58:19] [INFORMACIÓN] Se ha insertado la opcion: 742 
[12/09/25 17:58:19] [INFORMACIÓN] Se ha insertado la opcion: 743 
[12/09/25 17:58:19] [INFORMACIÓN] Se ha insertado la opcion: 744 
[12/09/25 17:58:19] [INFORMACIÓN] Se ha insertado la opcion: 745 
[12/09/25 17:58:19] [INFORMACIÓN] Se ha insertado la opcion: 746 
[12/09/25 17:58:19] [INFORMACIÓN] Se ha insertado la opcion: 747 
[12/09/25 17:58:19] [INFORMACIÓN] Se ha insertado la opcion: 748 
[12/09/25 17:58:19] [INFORMACIÓN] Se ha insertado la opcion: 749 
[12/09/25 17:58:19] [INFORMACIÓN] Se ha insertado la opcion: 750 
[12/09/25 17:58:19] [INFORMACIÓN] Se ha insertado la opcion: 751 
[12/09/25 17:58:19] [INFORMACIÓN] Se ha insertado la opcion: 752 
[12/09/25 17:58:19] [INFORMACIÓN] Se ha insertado la opcion: 753 
[12/09/25 17:58:19] [INFORMACIÓN] Se ha insertado la opcion: 754 
[12/09/25 17:58:19] [INFORMACIÓN] Se ha insertado la opcion: 755 
[12/09/25 17:58:19] [INFORMACIÓN] Se ha insertado la opcion: 756 
[12/09/25 17:58:19] [INFORMACIÓN] Se ha insertado la opcion: 757 
[12/09/25 17:58:19] [INFORMACIÓN] Se ha insertado la opcion: 758 
[12/09/25 17:58:19] [INFORMACIÓN] Se ha insertado la opcion: 759 
[12/09/25 17:58:19] [INFORMACIÓN] Se ha insertado la opcion: 760 
[12/09/25 17:58:19] [INFORMACIÓN] Se ha insertado la opcion: 761 
[12/09/25 17:58:19] [INFORMACIÓN] Se ha insertado la opcion: 762 
[12/09/25 17:58:19] [INFORMACIÓN] Se ha insertado la opcion: 763 
[12/09/25 17:58:19] [INFORMACIÓN] Se ha insertado la opcion: 764 
[12/09/25 17:58:19] [INFORMACIÓN] Se ha insertado la opcion: 765 
[12/09/25 17:58:19] [INFORMACIÓN] Se ha insertado la opcion: 766 
[12/09/25 17:58:19] [INFORMACIÓN] Se ha insertado la opcion: 767 
[12/09/25 17:58:19] [INFORMACIÓN] Se ha insertado la opcion: 768 
[12/09/25 17:58:19] [INFORMACIÓN] Se ha insertado la opcion: 769 
[12/09/25 17:58:19] [INFORMACIÓN] Se ha insertado la opcion: 770 
[12/09/25 17:58:19] [INFORMACIÓN] Se ha insertado la opcion: 771 
[12/09/25 17:58:19] [INFORMACIÓN] Se ha insertado la opcion: 772 
[12/09/25 17:58:19] [INFORMACIÓN] Se ha insertado la opcion: 773 
[12/09/25 17:58:19] [INFORMACIÓN] Se ha insertado la opcion: 774 
[12/09/25 17:58:19] [INFORMACIÓN] Se ha insertado la opcion: 775 
[12/09/25 17:58:19] [INFORMACIÓN] Se ha insertado la opcion: 776 
[12/09/25 17:58:19] [INFORMACIÓN] Se ha insertado la opcion: 777 
[12/09/25 17:58:19] [INFORMACIÓN] Se ha insertado la opcion: 778 
[12/09/25 17:58:19] [INFORMACIÓN] Se ha insertado la opcion: 779 
[12/09/25 17:58:19] [INFORMACIÓN] Se ha insertado la opcion: 780 
[12/09/25 17:58:19] [INFORMACIÓN] Se ha insertado la opcion: 781 
[12/09/25 17:58:19] [INFORMACIÓN] Se ha insertado la opcion: 782 
[12/09/25 17:58:19] [INFORMACIÓN] Se ha insertado la opcion: 783 
[12/09/25 17:58:19] [INFORMACIÓN] Se ha insertado la opcion: 784 
[12/09/25 17:58:19] [INFORMACIÓN] Se ha insertado la opcion: 785 
[12/09/25 17:58:19] [INFORMACIÓN] Se ha insertado la opcion: 786 
[12/09/25 17:58:19] [INFORMACIÓN] Se ha insertado la opcion: 787 
[12/09/25 17:58:19] [INFORMACIÓN] Se ha insertado la opcion: 788 
[12/09/25 17:58:19] [INFORMACIÓN] Se ha insertado la opcion: 789 
[12/09/25 17:58:19] [INFORMACIÓN] Se ha insertado la opcion: 790 
[12/09/25 17:58:19] [INFORMACIÓN] Se ha insertado la opcion: 791 
[12/09/25 17:58:19] [INFORMACIÓN] Se ha insertado la opcion: 792 
[12/09/25 17:58:19] [INFORMACIÓN] Se ha insertado la opcion: 793 
[12/09/25 17:58:19] [INFORMACIÓN] Se ha insertado la opcion: 794 
[12/09/25 17:58:19] [INFORMACIÓN] Se ha insertado la opcion: 795 
[12/09/25 17:58:19] [INFORMACIÓN] Se ha insertado la opcion: 796 
[12/09/25 17:58:19] [INFORMACIÓN] Se ha insertado la opcion: 797 
[12/09/25 17:58:20] [INFORMACIÓN] Se ha insertado la opcion: 798 
[12/09/25 17:58:20] [INFORMACIÓN] Se ha insertado la opcion: 799 
[12/09/25 17:58:20] [INFORMACIÓN] Se ha insertado la opcion: 800 
[12/09/25 17:58:20] [INFORMACIÓN] Se ha insertado la opcion: 801 
[12/09/25 17:58:20] [INFORMACIÓN] Se ha insertado la opcion: 802 
[12/09/25 17:58:20] [INFORMACIÓN] Se ha insertado la opcion: 803 
[12/09/25 17:58:20] [INFORMACIÓN] Se ha insertado la opcion: 804 
[12/09/25 17:58:20] [INFORMACIÓN] Se ha insertado la opcion: 805 
[12/09/25 17:58:20] [INFORMACIÓN] Se ha insertado la opcion: 806 
[12/09/25 17:58:20] [INFORMACIÓN] Se ha insertado la opcion: 807 
[12/09/25 17:58:20] [INFORMACIÓN] Se ha insertado la opcion: 808 
[12/09/25 17:58:20] [INFORMACIÓN] Se ha insertado la opcion: 809 
[12/09/25 17:58:20] [INFORMACIÓN] Se ha insertado la opcion: 810 
[12/09/25 17:58:20] [INFORMACIÓN] Se ha insertado la opcion: 811 
[12/09/25 17:58:20] [INFORMACIÓN] Se ha insertado la opcion: 812 
[12/09/25 17:58:20] [INFORMACIÓN] Se ha insertado la opcion: 813 
[12/09/25 17:58:20] [INFORMACIÓN] Se ha insertado la opcion: 814 
[12/09/25 17:58:20] [INFORMACIÓN] Se ha insertado la opcion: 815 
[12/09/25 17:58:20] [INFORMACIÓN] Se ha insertado la opcion: 816 
[12/09/25 17:58:20] [INFORMACIÓN] Se ha insertado la opcion: 817 
[12/09/25 17:58:20] [INFORMACIÓN] Se ha insertado la opcion: 818 
[12/09/25 17:58:20] [INFORMACIÓN] Se ha insertado la opcion: 819 
[12/09/25 17:58:20] [INFORMACIÓN] Se ha insertado la opcion: 820 
[12/09/25 17:58:20] [INFORMACIÓN] Se ha insertado la opcion: 821 
[12/09/25 17:58:20] [INFORMACIÓN] Se ha insertado la opcion: 822 
[12/09/25 17:58:20] [INFORMACIÓN] Se ha insertado la opcion: 823 
[12/09/25 17:58:20] [INFORMACIÓN] Se ha insertado la opcion: 824 
[12/09/25 17:58:20] [INFORMACIÓN] Se ha insertado la opcion: 825 
[12/09/25 17:58:20] [INFORMACIÓN] Se ha insertado la opcion: 826 
[12/09/25 17:58:20] [INFORMACIÓN] Se ha insertado la opcion: 827 
[12/09/25 17:58:20] [INFORMACIÓN] Se ha insertado la opcion: 828 
[12/09/25 17:58:20] [INFORMACIÓN] Se ha insertado la opcion: 829 
[12/09/25 17:58:20] [INFORMACIÓN] Se ha insertado la opcion: 830 
[12/09/25 17:58:20] [INFORMACIÓN] Se ha insertado la opcion: 831 
[12/09/25 17:58:20] [INFORMACIÓN] Se ha insertado la opcion: 832 
[12/09/25 17:58:20] [INFORMACIÓN] Se ha insertado la opcion: 833 
[12/09/25 17:58:20] [INFORMACIÓN] Se ha insertado la opcion: 834 
[12/09/25 17:58:20] [INFORMACIÓN] Se ha insertado la opcion: 835 
[12/09/25 17:58:20] [INFORMACIÓN] Se ha insertado la opcion: 836 
[12/09/25 17:58:20] [INFORMACIÓN] Se ha insertado la opcion: 837 
[12/09/25 17:58:20] [INFORMACIÓN] Se ha insertado la opcion: 838 
[12/09/25 17:58:20] [INFORMACIÓN] Se ha insertado la opcion: 839 
[12/09/25 17:58:20] [INFORMACIÓN] Se ha insertado la opcion: 840 
[12/09/25 17:58:20] [INFORMACIÓN] Se ha insertado la opcion: 841 
[12/09/25 17:58:20] [INFORMACIÓN] Se ha insertado la opcion: 842 
[12/09/25 17:58:20] [INFORMACIÓN] Se ha insertado la opcion: 843 
[12/09/25 17:58:20] [INFORMACIÓN] Se ha insertado la opcion: 844 
[12/09/25 17:58:20] [INFORMACIÓN] Se ha insertado la opcion: 845 
[12/09/25 17:58:20] [INFORMACIÓN] Se ha insertado la opcion: 846 
[12/09/25 17:58:20] [INFORMACIÓN] Se ha insertado la opcion: 847 
[12/09/25 17:58:20] [INFORMACIÓN] Se ha insertado la opcion: 848 
[12/09/25 17:58:20] [INFORMACIÓN] Se ha insertado la opcion: 849 
[12/09/25 17:58:20] [INFORMACIÓN] Se ha insertado la opcion: 850 
[12/09/25 17:58:20] [INFORMACIÓN] Se ha insertado la opcion: 851 
[12/09/25 17:58:20] [INFORMACIÓN] Se ha insertado la opcion: 852 
[12/09/25 17:58:20] [INFORMACIÓN] Se ha insertado la opcion: 853 
[12/09/25 17:58:20] [INFORMACIÓN] Se ha insertado la opcion: 854 
[12/09/25 17:58:20] [INFORMACIÓN] Se ha insertado la opcion: 855 
[12/09/25 17:58:20] [INFORMACIÓN] Se ha insertado la opcion: 856 
[12/09/25 17:58:20] [INFORMACIÓN] Se ha insertado la opcion: 857 
[12/09/25 17:58:20] [INFORMACIÓN] Se ha insertado la opcion: 858 
[12/09/25 17:58:20] [INFORMACIÓN] Se ha insertado la opcion: 859 
[12/09/25 17:58:20] [INFORMACIÓN] Se ha insertado la opcion: 860 
[12/09/25 17:58:20] [INFORMACIÓN] Se ha insertado la opcion: 861 
[12/09/25 17:58:20] [INFORMACIÓN] Se ha insertado la opcion: 862 
[12/09/25 17:58:20] [INFORMACIÓN] Se ha insertado la opcion: 863 
[12/09/25 17:58:20] [INFORMACIÓN] Se ha insertado la opcion: 864 
[12/09/25 17:58:20] [INFORMACIÓN] Se ha insertado la opcion: 865 
[12/09/25 17:58:20] [INFORMACIÓN] Se ha insertado la opcion: 866 
[12/09/25 17:58:20] [INFORMACIÓN] Se ha insertado la opcion: 867 
[12/09/25 17:58:20] [INFORMACIÓN] Se ha insertado la opcion: 868 
[12/09/25 17:58:20] [INFORMACIÓN] Se ha insertado la opcion: 869 
[12/09/25 17:58:20] [INFORMACIÓN] Se ha insertado la opcion: 870 
[12/09/25 17:58:20] [INFORMACIÓN] Se ha insertado la opcion: 871 
[12/09/25 17:58:20] [INFORMACIÓN] Se ha insertado la opcion: 872 
[12/09/25 17:58:20] [INFORMACIÓN] Se ha insertado la opcion: 873 
[12/09/25 17:58:20] [INFORMACIÓN] Se ha insertado la opcion: 874 
[12/09/25 17:58:20] [INFORMACIÓN] Se ha insertado la opcion: 875 
[12/09/25 17:58:20] [INFORMACIÓN] Se ha insertado la opcion: 876 
[12/09/25 17:58:20] [INFORMACIÓN] Se ha insertado la opcion: 877 
[12/09/25 17:58:20] [INFORMACIÓN] Se ha insertado la opcion: 878 
[12/09/25 17:58:20] [INFORMACIÓN] Se ha insertado la opcion: 879 
[12/09/25 17:58:20] [INFORMACIÓN] Se ha insertado la opcion: 880 
[12/09/25 17:58:20] [INFORMACIÓN] Se ha insertado la opcion: 881 
[12/09/25 17:58:20] [INFORMACIÓN] Se ha insertado la opcion: 882 
[12/09/25 17:58:20] [INFORMACIÓN] Se ha insertado la opcion: 883 
[12/09/25 17:58:20] [INFORMACIÓN] Se ha insertado la opcion: 884 
[12/09/25 17:58:20] [INFORMACIÓN] Se ha insertado la opcion: 885 
[12/09/25 17:58:20] [INFORMACIÓN] Se ha insertado la opcion: 886 
[12/09/25 17:58:20] [INFORMACIÓN] Se ha insertado la opcion: 887 
[12/09/25 17:58:20] [INFORMACIÓN] Se ha insertado la opcion: 888 
[12/09/25 17:58:20] [INFORMACIÓN] Se ha insertado la opcion: 889 
[12/09/25 17:58:20] [INFORMACIÓN] Se ha insertado la opcion: 890 
[12/09/25 17:58:20] [INFORMACIÓN] Se ha insertado la opcion: 891 
[12/09/25 17:58:20] [INFORMACIÓN] Se ha insertado la opcion: 892 
[12/09/25 17:58:20] [INFORMACIÓN] Se ha insertado la opcion: 893 
[12/09/25 17:58:20] [INFORMACIÓN] Se ha insertado la opcion: 894 
[12/09/25 17:58:20] [INFORMACIÓN] Se ha insertado la opcion: 895 
[12/09/25 17:58:20] [INFORMACIÓN] Se ha insertado la opcion: 896 
[12/09/25 17:58:20] [INFORMACIÓN] Se ha insertado la opcion: 897 
[12/09/25 17:58:20] [INFORMACIÓN] Se ha insertado la opcion: 898 
[12/09/25 17:58:20] [INFORMACIÓN] Se ha insertado la opcion: 899 
[12/09/25 17:58:20] [INFORMACIÓN] Se ha insertado la opcion: 900 
[12/09/25 17:58:20] [INFORMACIÓN] Se ha insertado la opcion: 901 
[12/09/25 17:58:20] [INFORMACIÓN] Se ha insertado la opcion: 902 
[12/09/25 17:58:20] [INFORMACIÓN] Se ha insertado la opcion: 903 
[12/09/25 17:58:20] [INFORMACIÓN] Se ha insertado la opcion: 904 
[12/09/25 17:58:20] [INFORMACIÓN] Se ha insertado la opcion: 905 
[12/09/25 17:58:20] [INFORMACIÓN] Se ha insertado la opcion: 906 
[12/09/25 17:58:20] [INFORMACIÓN] Se ha insertado la opcion: 907 
[12/09/25 17:58:20] [INFORMACIÓN] Se ha insertado la opcion: 908 
[12/09/25 17:58:20] [INFORMACIÓN] Se ha insertado la opcion: 909 
[12/09/25 17:58:20] [INFORMACIÓN] Se ha insertado la opcion: 910 
[12/09/25 17:58:20] [INFORMACIÓN] Se ha insertado la opcion: 911 
[12/09/25 17:58:20] [INFORMACIÓN] Se ha insertado la opcion: 912 
[12/09/25 17:58:20] [INFORMACIÓN] Se ha insertado la opcion: 913 
[12/09/25 17:58:20] [INFORMACIÓN] Se ha insertado la opcion: 914 
[12/09/25 17:58:20] [INFORMACIÓN] Se ha insertado la opcion: 915 
[12/09/25 17:58:20] [INFORMACIÓN] Se ha insertado la opcion: 916 
[12/09/25 17:58:20] [INFORMACIÓN] Se ha insertado la opcion: 917 
[12/09/25 17:58:20] [INFORMACIÓN] Se ha insertado la opcion: 918 
[12/09/25 17:58:20] [INFORMACIÓN] Se ha insertado la opcion: 919 
[12/09/25 17:58:20] [INFORMACIÓN] Se ha insertado la opcion: 920 
[12/09/25 17:58:20] [INFORMACIÓN] Se ha insertado la opcion: 921 
[12/09/25 17:58:20] [INFORMACIÓN] Se ha insertado la opcion: 922 
[12/09/25 17:58:20] [INFORMACIÓN] Se ha insertado la opcion: 923 
[12/09/25 17:58:20] [INFORMACIÓN] Se ha insertado la opcion: 924 
[12/09/25 17:58:20] [INFORMACIÓN] Se ha insertado la opcion: 925 
[12/09/25 17:58:20] [INFORMACIÓN] Se ha insertado la opcion: 926 
[12/09/25 17:58:20] [INFORMACIÓN] Se ha insertado la opcion: 927 
[12/09/25 17:58:20] [INFORMACIÓN] Se ha insertado la opcion: 928 
[12/09/25 17:58:20] [INFORMACIÓN] Se ha insertado la opcion: 929 
[12/09/25 17:58:20] [INFORMACIÓN] Se ha insertado la opcion: 930 
[12/09/25 17:58:20] [INFORMACIÓN] Se ha insertado la opcion: 931 
[12/09/25 17:58:20] [INFORMACIÓN] Se ha insertado la opcion: 932 
[12/09/25 17:58:20] [INFORMACIÓN] Se ha insertado la opcion: 933 
[12/09/25 17:58:20] [INFORMACIÓN] Se ha insertado la opcion: 934 
[12/09/25 17:58:20] [INFORMACIÓN] Se ha insertado la opcion: 935 
[12/09/25 17:58:20] [INFORMACIÓN] Se ha insertado la opcion: 936 
[12/09/25 17:58:20] [INFORMACIÓN] Se ha insertado la opcion: 937 
[12/09/25 17:58:20] [INFORMACIÓN] Se ha insertado la opcion: 938 
[12/09/25 17:58:20] [INFORMACIÓN] Se ha insertado la opcion: 939 
[12/09/25 17:58:20] [INFORMACIÓN] Se ha insertado la opcion: 940 
[12/09/25 17:58:20] [INFORMACIÓN] Se ha insertado la opcion: 941 
[12/09/25 17:58:20] [INFORMACIÓN] Se ha insertado la opcion: 942 
[12/09/25 17:58:20] [INFORMACIÓN] Se ha insertado la opcion: 943 
[12/09/25 17:58:20] [INFORMACIÓN] Se ha insertado la opcion: 944 
[12/09/25 17:58:20] [INFORMACIÓN] Se ha insertado la opcion: 945 
[12/09/25 17:58:20] [INFORMACIÓN] Se ha insertado la opcion: 946 
[12/09/25 17:58:20] [INFORMACIÓN] Se ha insertado la opcion: 947 
[12/09/25 17:58:20] [INFORMACIÓN] Se ha insertado la opcion: 948 
[12/09/25 17:58:20] [INFORMACIÓN] Se ha insertado la opcion: 949 
[12/09/25 17:58:20] [INFORMACIÓN] Se ha insertado la opcion: 950 
[12/09/25 17:58:21] [INFORMACIÓN] Se ha insertado la opcion: 951 
[12/09/25 17:58:21] [INFORMACIÓN] Se ha insertado la opcion: 952 
[12/09/25 17:58:21] [INFORMACIÓN] Se ha insertado la opcion: 953 
[12/09/25 17:58:21] [INFORMACIÓN] Se ha insertado la opcion: 954 
[12/09/25 17:58:21] [INFORMACIÓN] Se ha insertado la opcion: 955 
[12/09/25 17:58:21] [INFORMACIÓN] Se ha insertado la opcion: 956 
[12/09/25 17:58:21] [INFORMACIÓN] Se ha insertado la opcion: 957 
[12/09/25 17:58:21] [INFORMACIÓN] Se ha insertado la opcion: 958 
[12/09/25 17:58:21] [INFORMACIÓN] Se ha insertado la opcion: 959 
[12/09/25 17:58:21] [INFORMACIÓN] Se ha insertado la opcion: 960 
[12/09/25 17:58:21] [INFORMACIÓN] Se ha insertado la opcion: 961 
[12/09/25 17:58:21] [INFORMACIÓN] Se ha insertado la opcion: 962 
[12/09/25 17:58:21] [INFORMACIÓN] Se ha insertado la opcion: 963 
[12/09/25 17:58:21] [INFORMACIÓN] Se ha insertado la opcion: 964 
[12/09/25 17:58:21] [INFORMACIÓN] Se ha insertado la opcion: 965 
[12/09/25 17:58:21] [INFORMACIÓN] Se ha insertado la opcion: 966 
[12/09/25 17:58:21] [INFORMACIÓN] Se ha insertado la opcion: 967 
[12/09/25 17:58:21] [INFORMACIÓN] Se ha insertado la opcion: 968 
[12/09/25 17:58:21] [INFORMACIÓN] Se ha insertado la opcion: 969 
[12/09/25 17:58:21] [INFORMACIÓN] Se ha insertado la opcion: 970 
[12/09/25 17:58:21] [INFORMACIÓN] Se ha insertado la opcion: 971 
[12/09/25 17:58:21] [INFORMACIÓN] Se ha insertado la opcion: 972 
[12/09/25 17:58:21] [INFORMACIÓN] Se ha insertado la opcion: 973 
[12/09/25 17:58:21] [INFORMACIÓN] Se ha insertado la opcion: 974 
[12/09/25 17:58:21] [INFORMACIÓN] Se ha insertado la opcion: 975 
[12/09/25 17:58:21] [INFORMACIÓN] Se ha insertado la opcion: 976 
[12/09/25 17:58:21] [INFORMACIÓN] Se ha insertado la opcion: 977 
[12/09/25 17:58:21] [INFORMACIÓN] Se ha insertado la opcion: 978 
[12/09/25 17:58:21] [INFORMACIÓN] Se ha insertado la opcion: 979 
[12/09/25 17:58:21] [INFORMACIÓN] Se ha insertado la opcion: 980 
[12/09/25 17:58:21] [INFORMACIÓN] Se ha insertado la opcion: 981 
[12/09/25 17:58:21] [INFORMACIÓN] Se ha insertado la opcion: 982 
[12/09/25 17:58:21] [INFORMACIÓN] Se ha insertado la opcion: 983 
[12/09/25 17:58:21] [INFORMACIÓN] Se ha insertado la opcion: 984 
[12/09/25 17:58:21] [INFORMACIÓN] Se ha insertado la opcion: 985 
[12/09/25 17:58:21] [INFORMACIÓN] Se ha insertado la opcion: 986 
[12/09/25 17:58:21] [INFORMACIÓN] Se ha insertado la opcion: 987 
[12/09/25 17:58:21] [INFORMACIÓN] Se ha insertado la opcion: 988 
[12/09/25 17:58:21] [INFORMACIÓN] Se ha insertado la opcion: 989 
[12/09/25 17:58:21] [INFORMACIÓN] Se ha insertado la opcion: 990 
[12/09/25 17:58:21] [INFORMACIÓN] Se ha insertado la opcion: 991 
[12/09/25 17:58:21] [INFORMACIÓN] Se ha insertado la opcion: 992 
[12/09/25 17:58:21] [INFORMACIÓN] Se ha insertado la opcion: 993 
[12/09/25 17:58:21] [INFORMACIÓN] Se ha insertado la opcion: 994 
[12/09/25 17:58:21] [INFORMACIÓN] Se ha insertado la opcion: 995 
[12/09/25 17:58:21] [INFORMACIÓN] Se ha insertado la opcion: 996 
[12/09/25 17:58:21] [INFORMACIÓN] Se ha insertado la opcion: 997 
[12/09/25 17:58:21] [INFORMACIÓN] Se ha insertado la opcion: 998 
[12/09/25 17:58:21] [INFORMACIÓN] Se ha insertado la opcion: 999 
[12/09/25 17:58:21] [INFORMACIÓN] Se ha insertado la opcion: 1000 
[12/09/25 17:58:21] [INFORMACIÓN] Se ha insertado la opcion: 1001 
[12/09/25 17:58:21] [INFORMACIÓN] Se ha insertado la opcion: 1002 
[12/09/25 17:58:21] [INFORMACIÓN] Se ha insertado la opcion: 1003 
[12/09/25 17:58:21] [INFORMACIÓN] Se ha insertado la opcion: 1004 
[12/09/25 17:58:21] [INFORMACIÓN] Se ha insertado la opcion: 1005 
[12/09/25 17:58:21] [INFORMACIÓN] Se ha insertado la opcion: 1006 
[12/09/25 17:58:21] [INFORMACIÓN] Se ha insertado la opcion: 1007 
[12/09/25 17:58:21] [INFORMACIÓN] Se ha insertado la opcion: 1008 
[12/09/25 17:58:21] [INFORMACIÓN] Se ha insertado la opcion: 1009 
[12/09/25 17:58:21] [INFORMACIÓN] Se ha insertado la opcion: 1010 
[12/09/25 17:58:21] [INFORMACIÓN] Se ha insertado la opcion: 1011 
[12/09/25 17:58:21] [INFORMACIÓN] Se ha insertado la opcion: 1012 
[12/09/25 17:58:21] [INFORMACIÓN] Se ha insertado la opcion: 1013 
[12/09/25 17:58:21] [INFORMACIÓN] Se ha insertado la opcion: 1014 
[12/09/25 17:58:21] [INFORMACIÓN] Se ha insertado la opcion: 1015 
[12/09/25 17:58:21] [INFORMACIÓN] Se ha insertado la opcion: 1016 
[12/09/25 17:58:21] [INFORMACIÓN] Se ha insertado la opcion: 1017 
[12/09/25 17:58:21] [INFORMACIÓN] Se ha insertado la opcion: 1018 
[12/09/25 17:58:21] [INFORMACIÓN] Se ha insertado la opcion: 1019 
[12/09/25 17:58:21] [INFORMACIÓN] Se ha insertado la opcion: 1020 
[12/09/25 17:58:21] [INFORMACIÓN] Se ha insertado la opcion: 1021 
[12/09/25 17:58:21] [INFORMACIÓN] Se ha insertado la opcion: 1022 
[12/09/25 17:58:21] [INFORMACIÓN] Se ha insertado la opcion: 1023 
[12/09/25 17:58:21] [INFORMACIÓN] Se ha insertado la opcion: 1024 
[12/09/25 17:58:21] [INFORMACIÓN] Se ha insertado la opcion: 1025 
[12/09/25 17:58:21] [INFORMACIÓN] Se ha insertado la opcion: 1026 
[12/09/25 17:58:21] [INFORMACIÓN] Se ha insertado la opcion: 1027 
[12/09/25 17:58:21] [INFORMACIÓN] Se ha insertado la opcion: 1028 
[12/09/25 17:58:21] [INFORMACIÓN] Se ha insertado la opcion: 1029 
[12/09/25 17:58:21] [INFORMACIÓN] Se ha insertado la opcion: 1030 
[12/09/25 17:58:21] [INFORMACIÓN] Se ha insertado la opcion: 1031 
[12/09/25 17:58:21] [INFORMACIÓN] Se ha insertado la opcion: 1032 
[12/09/25 17:58:21] [INFORMACIÓN] Se ha insertado la opcion: 1033 
[12/09/25 17:58:21] [INFORMACIÓN] Se ha insertado la opcion: 1034 
[12/09/25 17:58:21] [INFORMACIÓN] Se ha insertado la opcion: 1035 
[12/09/25 17:58:21] [INFORMACIÓN] Se ha insertado la opcion: 1036 
[12/09/25 17:58:21] [INFORMACIÓN] Se ha insertado la opcion: 1037 
[12/09/25 17:58:21] [INFORMACIÓN] Se ha insertado la opcion: 1038 
[12/09/25 17:58:21] [INFORMACIÓN] Se ha insertado la opcion: 1039 
[12/09/25 17:58:21] [INFORMACIÓN] Se ha insertado la opcion: 1040 
[12/09/25 17:58:21] [INFORMACIÓN] Se ha insertado la opcion: 1041 
[12/09/25 17:58:21] [INFORMACIÓN] Se ha insertado la opcion: 1042 
[12/09/25 17:58:21] [INFORMACIÓN] Se ha insertado la opcion: 1043 
[12/09/25 17:58:21] [INFORMACIÓN] Se ha insertado la opcion: 1044 
[12/09/25 17:58:21] [INFORMACIÓN] Se ha insertado la opcion: 1045 
[12/09/25 17:58:21] [INFORMACIÓN] Se ha insertado la opcion: 1046 
[12/09/25 17:58:21] [INFORMACIÓN] Se ha insertado la opcion: 1047 
[12/09/25 17:58:21] [INFORMACIÓN] Se ha insertado la opcion: 1048 
[12/09/25 17:58:21] [INFORMACIÓN] Se ha insertado la opcion: 1049 
[12/09/25 17:58:21] [INFORMACIÓN] Se ha insertado la opcion: 1050 
[12/09/25 17:58:21] [INFORMACIÓN] Se ha insertado la opcion: 1051 
[12/09/25 17:58:21] [INFORMACIÓN] Se ha insertado la opcion: 1052 
[12/09/25 17:58:21] [INFORMACIÓN] Se ha insertado la opcion: 1053 
[12/09/25 17:58:21] [INFORMACIÓN] Se ha insertado la opcion: 1054 
[12/09/25 17:58:21] [INFORMACIÓN] Se ha insertado la opcion: 1055 
[12/09/25 17:58:21] [INFORMACIÓN] Se ha insertado la opcion: 1056 
[12/09/25 17:58:21] [INFORMACIÓN] Se ha insertado la opcion: 1057 
[12/09/25 17:58:21] [INFORMACIÓN] Se ha insertado la opcion: 1058 
[12/09/25 17:58:21] [INFORMACIÓN] Se ha insertado la opcion: 1059 
[12/09/25 17:58:21] [INFORMACIÓN] Se ha insertado la opcion: 1060 
[12/09/25 17:58:21] [INFORMACIÓN] Se ha insertado la opcion: 1061 
[12/09/25 17:58:21] [INFORMACIÓN] Se ha insertado la opcion: 1062 
[12/09/25 17:58:21] [INFORMACIÓN] Se ha insertado la opcion: 1063 
[12/09/25 17:58:21] [INFORMACIÓN] Se ha insertado la opcion: 1064 
[12/09/25 17:58:21] [INFORMACIÓN] Se ha insertado la opcion: 1065 
[12/09/25 17:58:21] [INFORMACIÓN] Se ha insertado la opcion: 1066 
[12/09/25 17:58:21] [INFORMACIÓN] Se ha insertado la opcion: 1067 
[12/09/25 17:58:21] [INFORMACIÓN] Se ha insertado la opcion: 1068 
[12/09/25 17:58:21] [INFORMACIÓN] Se ha insertado la opcion: 1069 
[12/09/25 17:58:21] [INFORMACIÓN] Se ha insertado la opcion: 1070 
[12/09/25 17:58:21] [INFORMACIÓN] Se ha insertado la opcion: 1071 
[12/09/25 17:58:21] [INFORMACIÓN] Se ha insertado la opcion: 1072 
[12/09/25 17:58:21] [INFORMACIÓN] Se ha insertado la opcion: 1073 
[12/09/25 17:58:21] [INFORMACIÓN] Se ha insertado la opcion: 1074 
[12/09/25 17:58:21] [INFORMACIÓN] Se ha insertado la opcion: 1075 
[12/09/25 17:58:21] [INFORMACIÓN] Se ha insertado la opcion: 1076 
[12/09/25 17:58:21] [INFORMACIÓN] Se ha insertado la opcion: 1077 
[12/09/25 17:58:21] [INFORMACIÓN] Se ha insertado la opcion: 1078 
[12/09/25 17:58:21] [INFORMACIÓN] Se ha insertado la opcion: 1079 
[12/09/25 17:58:21] [INFORMACIÓN] Se ha insertado la opcion: 1080 
[12/09/25 17:58:21] [INFORMACIÓN] Se ha insertado la opcion: 1081 
[12/09/25 17:58:21] [INFORMACIÓN] Se ha insertado la opcion: 1082 
[12/09/25 17:58:21] [INFORMACIÓN] Se ha insertado la opcion: 1083 
[12/09/25 17:58:21] [INFORMACIÓN] Se ha insertado la opcion: 1084 
[12/09/25 17:58:21] [INFORMACIÓN] Se ha insertado la opcion: 1085 
[12/09/25 17:58:21] [INFORMACIÓN] Se ha insertado la opcion: 1086 
[12/09/25 17:58:21] [INFORMACIÓN] Se ha insertado la opcion: 1087 
[12/09/25 17:58:21] [INFORMACIÓN] Se ha insertado la opcion: 1088 
[12/09/25 17:58:21] [INFORMACIÓN] Se ha insertado la opcion: 1089 
[12/09/25 17:58:21] [INFORMACIÓN] Se ha insertado la opcion: 1090 
[12/09/25 17:58:21] [INFORMACIÓN] Se ha insertado la opcion: 1091 
[12/09/25 17:58:21] [INFORMACIÓN] Se ha insertado la opcion: 1092 
[12/09/25 17:58:21] [INFORMACIÓN] Se ha insertado la opcion: 1093 
[12/09/25 17:58:21] [INFORMACIÓN] Se ha insertado la opcion: 1094 
[12/09/25 17:58:21] [INFORMACIÓN] Se ha insertado la opcion: 1095 
[12/09/25 17:58:21] [INFORMACIÓN] Se ha insertado la opcion: 1096 
[12/09/25 17:58:21] [INFORMACIÓN] Se ha insertado la opcion: 1097 
[12/09/25 17:58:21] [INFORMACIÓN] Se ha insertado la opcion: 1098 
[12/09/25 17:58:21] [INFORMACIÓN] Se ha insertado la opcion: 1099 
[12/09/25 17:58:21] [INFORMACIÓN] Se ha insertado la opcion: 1100 
[12/09/25 17:58:21] [INFORMACIÓN] Se ha insertado la opcion: 1101 
[12/09/25 17:58:21] [INFORMACIÓN] Se ha insertado la opcion: 1102 
[12/09/25 17:58:21] [INFORMACIÓN] Se ha insertado la opcion: 1103 
[12/09/25 17:58:21] [INFORMACIÓN] Se ha insertado la opcion: 1104 
[12/09/25 17:58:21] [INFORMACIÓN] Se ha insertado la opcion: 1105 
[12/09/25 17:58:21] [INFORMACIÓN] Se ha insertado la opcion: 1106 
[12/09/25 17:58:21] [INFORMACIÓN] Se ha insertado la opcion: 1107 
[12/09/25 17:58:21] [INFORMACIÓN] Se ha insertado la opcion: 1108 
[12/09/25 17:58:21] [INFORMACIÓN] Se ha insertado la opcion: 1109 
[12/09/25 17:58:21] [INFORMACIÓN] Se ha insertado la opcion: 1110 
[12/09/25 17:58:21] [INFORMACIÓN] Se ha insertado la opcion: 1111 
[12/09/25 17:58:21] [INFORMACIÓN] Se ha insertado la opcion: 1112 
[12/09/25 17:58:21] [INFORMACIÓN] Se ha insertado la opcion: 1113 
[12/09/25 17:58:21] [INFORMACIÓN] Se ha insertado la opcion: 1114 
[12/09/25 17:58:21] [INFORMACIÓN] Se ha insertado la opcion: 1115 
[12/09/25 17:58:21] [INFORMACIÓN] Se ha insertado la opcion: 1116 
[12/09/25 17:58:21] [INFORMACIÓN] Se ha insertado la opcion: 1117 
[12/09/25 17:58:21] [INFORMACIÓN] Se ha insertado la opcion: 1118 
[12/09/25 17:58:21] [INFORMACIÓN] Se ha insertado la opcion: 1119 
[12/09/25 17:58:21] [INFORMACIÓN] Se ha insertado la opcion: 1120 
[12/09/25 17:58:21] [INFORMACIÓN] Se ha insertado la opcion: 1121 
[12/09/25 17:58:21] [INFORMACIÓN] Se ha insertado la opcion: 1122 
[12/09/25 17:58:21] [INFORMACIÓN] Se ha insertado la opcion: 1123 
[12/09/25 17:58:21] [INFORMACIÓN] Se ha insertado la opcion: 1124 
[12/09/25 17:58:21] [INFORMACIÓN] Se ha insertado la opcion: 1125 
[12/09/25 17:58:21] [INFORMACIÓN] Se ha insertado la opcion: 1126 
[12/09/25 17:58:21] [INFORMACIÓN] Se ha insertado la opcion: 1127 
[12/09/25 17:58:21] [INFORMACIÓN] Se ha insertado la opcion: 1128 
[12/09/25 17:58:21] [INFORMACIÓN] Se ha insertado la opcion: 1129 
[12/09/25 17:58:21] [INFORMACIÓN] Se ha insertado la opcion: 1130 
[12/09/25 17:58:21] [INFORMACIÓN] Se ha insertado la opcion: 1131 
[12/09/25 17:58:21] [INFORMACIÓN] Se ha insertado la opcion: 1132 
[12/09/25 17:58:21] [INFORMACIÓN] Se ha insertado la opcion: 1133 
[12/09/25 17:58:21] [INFORMACIÓN] Se ha insertado la opcion: 1134 
[12/09/25 17:58:21] [INFORMACIÓN] Se ha insertado la opcion: 1135 
[12/09/25 17:58:21] [INFORMACIÓN] Se ha insertado la opcion: 1136 
[12/09/25 17:58:21] [INFORMACIÓN] Se ha insertado la opcion: 1137 
[12/09/25 17:58:21] [INFORMACIÓN] Se ha insertado la opcion: 1138 
[12/09/25 17:58:21] [INFORMACIÓN] Se ha insertado la opcion: 1139 
[12/09/25 17:58:21] [INFORMACIÓN] Se ha insertado la opcion: 1140 
[12/09/25 17:58:21] [INFORMACIÓN] Se ha insertado la opcion: 1141 
[12/09/25 17:58:21] [INFORMACIÓN] Se ha insertado la opcion: 1142 
[12/09/25 17:58:21] [INFORMACIÓN] Se ha insertado la opcion: 1143 
[12/09/25 17:58:21] [INFORMACIÓN] Se ha insertado la opcion: 1144 
[12/09/25 17:58:21] [INFORMACIÓN] Se ha insertado la opcion: 1145 
[12/09/25 17:58:21] [INFORMACIÓN] Se ha insertado la opcion: 1146 
[12/09/25 17:58:21] [INFORMACIÓN] Se ha insertado la opcion: 1147 
[12/09/25 17:58:21] [INFORMACIÓN] Se ha insertado la opcion: 1148 
[12/09/25 17:58:21] [INFORMACIÓN] Se ha insertado la opcion: 1149 
[12/09/25 17:58:21] [INFORMACIÓN] Se ha insertado la opcion: 1150 
[12/09/25 17:58:21] [INFORMACIÓN] Se ha insertado la opcion: 1151 
[12/09/25 17:58:21] [INFORMACIÓN] Se ha insertado la opcion: 1152 
[12/09/25 17:58:21] [INFORMACIÓN] Se ha insertado la opcion: 1153 
[12/09/25 17:58:21] [INFORMACIÓN] Se ha insertado la opcion: 1154 
[12/09/25 17:58:21] [INFORMACIÓN] Se ha insertado la opcion: 1155 
[12/09/25 17:58:21] [INFORMACIÓN] Se ha insertado la opcion: 1156 
[12/09/25 17:58:21] [INFORMACIÓN] Se ha insertado la opcion: 1157 
[12/09/25 17:58:21] [INFORMACIÓN] Se ha insertado la opcion: 1158 
[12/09/25 17:58:21] [INFORMACIÓN] Se ha insertado la opcion: 1159 
[12/09/25 17:58:21] [INFORMACIÓN] Se ha insertado la opcion: 1160 
[12/09/25 17:58:21] [INFORMACIÓN] Se ha insertado la opcion: 1161 
[12/09/25 17:58:21] [INFORMACIÓN] Se ha insertado la opcion: 1162 
[12/09/25 17:58:21] [INFORMACIÓN] Se ha insertado la opcion: 1163 
[12/09/25 17:58:21] [INFORMACIÓN] Se ha insertado la opcion: 1164 
[12/09/25 17:58:21] [INFORMACIÓN] Se ha insertado la opcion: 1165 
[12/09/25 17:58:21] [INFORMACIÓN] Se ha insertado la opcion: 1166 
[12/09/25 17:58:21] [INFORMACIÓN] Se ha insertado la opcion: 1167 
[12/09/25 17:58:21] [INFORMACIÓN] Se ha insertado la opcion: 1168 
[12/09/25 17:58:21] [INFORMACIÓN] Se ha insertado la opcion: 1169 
[12/09/25 17:58:21] [INFORMACIÓN] Se ha insertado la opcion: 1170 
[12/09/25 17:58:21] [INFORMACIÓN] Se ha insertado la opcion: 1171 
[12/09/25 17:58:21] [INFORMACIÓN] Se ha insertado la opcion: 1172 
[12/09/25 17:58:21] [INFORMACIÓN] Se ha insertado la opcion: 1173 
[12/09/25 17:58:21] [INFORMACIÓN] Se ha insertado la opcion: 1174 
[12/09/25 17:58:21] [INFORMACIÓN] Se ha insertado la opcion: 1175 
[12/09/25 17:58:21] [INFORMACIÓN] Se ha insertado la opcion: 1176 
[12/09/25 17:58:21] [INFORMACIÓN] Se ha insertado la opcion: 1177 
[12/09/25 17:58:21] [INFORMACIÓN] Se ha insertado la opcion: 1178 
[12/09/25 17:58:21] [INFORMACIÓN] Se ha insertado la opcion: 1179 
[12/09/25 17:58:21] [INFORMACIÓN] Se ha insertado la opcion: 1180 
[12/09/25 17:58:21] [INFORMACIÓN] Se ha insertado la opcion: 1181 
[12/09/25 17:58:21] [INFORMACIÓN] Se ha insertado la opcion: 1182 
[12/09/25 17:58:21] [INFORMACIÓN] Se ha insertado la opcion: 1183 
[12/09/25 17:58:21] [INFORMACIÓN] Se ha insertado la opcion: 1184 
[12/09/25 17:58:21] [INFORMACIÓN] Se ha insertado la opcion: 1185 
[12/09/25 17:58:21] [INFORMACIÓN] Se ha insertado la opcion: 1186 
[12/09/25 17:58:21] [INFORMACIÓN] Se ha insertado la opcion: 1187 
[12/09/25 17:58:21] [INFORMACIÓN] Se ha insertado la opcion: 1188 
[12/09/25 17:58:21] [INFORMACIÓN] Se ha insertado la opcion: 1189 
[12/09/25 17:58:21] [INFORMACIÓN] Se ha insertado la opcion: 1190 
[12/09/25 17:58:21] [INFORMACIÓN] Se ha insertado la opcion: 1191 
[12/09/25 17:58:21] [INFORMACIÓN] Se ha insertado la opcion: 1192 
[12/09/25 17:58:21] [INFORMACIÓN] Se ha insertado la opcion: 1193 
[12/09/25 17:58:22] [INFORMACIÓN] Se ha insertado la opcion: 1194 
[12/09/25 17:58:22] [INFORMACIÓN] Se ha insertado la opcion: 1195 
[12/09/25 17:58:22] [INFORMACIÓN] Se ha insertado la opcion: 1196 
[12/09/25 17:58:22] [INFORMACIÓN] Se ha insertado la opcion: 1197 
[12/09/25 17:58:22] [INFORMACIÓN] Se ha insertado la opcion: 1198 
[12/09/25 17:58:22] [INFORMACIÓN] Se ha insertado la opcion: 1199 
[12/09/25 17:58:22] [INFORMACIÓN] Se ha insertado la opcion: 1200 
[12/09/25 17:58:22] [INFORMACIÓN] 1200 Preguntas insertados en la BBDD 
[12/09/25 17:58:22] [INFORMACIÓN] Se ha insertado el partido: 1-FC Barcelona 3 - 0 Levante UD (2024-08-18) 
[12/09/25 17:58:22] [INFORMACIÓN] Se ha insertado el partido: 1-Real Madrid 2 - 0 Real Oviedo (2024-08-18) 
[12/09/25 17:58:22] [INFORMACIÓN] Se ha insertado el partido: 1-Atlético de Madrid 1 - 0 Deportivo Alavés (2024-08-18) 
[12/09/25 17:58:22] [INFORMACIÓN] Se ha insertado el partido: 1-Sevilla FC 2 - 1 Elche CF (2024-08-18) 
[12/09/25 17:58:22] [INFORMACIÓN] Se ha insertado el partido: 1-Real Sociedad 1 - 1 Girona FC (2024-08-18) 
[12/09/25 17:58:22] [INFORMACIÓN] Se ha insertado el partido: 1-Real Betis 2 - 2 Celta de Vigo (2024-08-18) 
[12/09/25 17:58:22] [INFORMACIÓN] Se ha insertado el partido: 1-Villarreal CF 3 - 1 CA Osasuna (2024-08-18) 
[12/09/25 17:58:22] [INFORMACIÓN] Se ha insertado el partido: 1-Athletic Club 1 - 0 RCD Mallorca (2024-08-18) 
[12/09/25 17:58:22] [INFORMACIÓN] Se ha insertado el partido: 1-Valencia CF 1 - 1 Rayo Vallecano (2024-08-18) 
[12/09/25 17:58:22] [INFORMACIÓN] Se ha insertado el partido: 1-Getafe CF 0 - 0 RCD Espanyol (2024-08-18) 
[12/09/25 17:58:22] [INFORMACIÓN] Se ha insertado el partido: 2-Levante UD 1 - 1 Getafe CF (2024-08-25) 
[12/09/25 17:58:22] [INFORMACIÓN] Se ha insertado el partido: 2-RCD Espanyol 1 - 2 Valencia CF (2024-08-25) 
[12/09/25 17:58:22] [INFORMACIÓN] Se ha insertado el partido: 2-Rayo Vallecano 0 - 1 Athletic Club (2024-08-25) 
[12/09/25 17:58:22] [INFORMACIÓN] Se ha insertado el partido: 2-RCD Mallorca 1 - 3 Villarreal CF (2024-08-25) 
[12/09/25 17:58:22] [INFORMACIÓN] Se ha insertado el partido: 2-CA Osasuna 1 - 1 Real Betis (2024-08-25) 
[12/09/25 17:58:22] [INFORMACIÓN] Se ha insertado el partido: 2-Celta de Vigo 0 - 2 Real Sociedad (2024-08-25) 
[12/09/25 17:58:22] [INFORMACIÓN] Se ha insertado el partido: 2-Girona FC 1 - 2 Sevilla FC (2024-08-25) 
[12/09/25 17:58:22] [INFORMACIÓN] Se ha insertado el partido: 2-Elche CF 0 - 2 Atlético de Madrid (2024-08-25) 
[12/09/25 17:58:22] [INFORMACIÓN] Se ha insertado el partido: 2-Deportivo Alavés 0 - 3 Real Madrid (2024-08-25) 
[12/09/25 17:58:22] [INFORMACIÓN] Se ha insertado el partido: 2-Real Oviedo 0 - 4 FC Barcelona (2024-08-25) 
[12/09/25 17:58:22] [INFORMACIÓN] Se ha insertado el partido: 3-Real Oviedo 1 - 0 Levante UD (2024-09-01) 
[12/09/25 17:58:22] [INFORMACIÓN] Se ha insertado el partido: 3-FC Barcelona 3 - 0 Deportivo Alavés (2024-09-01) 
[12/09/25 17:58:22] [INFORMACIÓN] Se ha insertado el partido: 3-Real Madrid 4 - 1 Elche CF (2024-09-01) 
[12/09/25 17:58:22] [INFORMACIÓN] Se ha insertado el partido: 3-Atlético de Madrid 2 - 0 Girona FC (2024-09-01) 
[12/09/25 17:58:22] [INFORMACIÓN] Se ha insertado el partido: 3-Sevilla FC 2 - 1 Celta de Vigo (2024-09-01) 
[12/09/25 17:58:22] [INFORMACIÓN] Se ha insertado el partido: 3-Real Sociedad 1 - 0 CA Osasuna (2024-09-01) 
[12/09/25 17:58:22] [INFORMACIÓN] Se ha insertado el partido: 3-Real Betis 2 - 1 RCD Mallorca (2024-09-01) 
[12/09/25 17:58:22] [INFORMACIÓN] Se ha insertado el partido: 3-Villarreal CF 3 - 2 Rayo Vallecano (2024-09-01) 
[12/09/25 17:58:22] [INFORMACIÓN] Se ha insertado el partido: 3-Athletic Club 1 - 1 RCD Espanyol (2024-09-01) 
[12/09/25 17:58:22] [INFORMACIÓN] Se ha insertado el partido: 3-Valencia CF 1 - 0 Getafe CF (2024-09-01) 
[12/09/25 17:58:22] [INFORMACIÓN] Se ha insertado el partido: 4-Levante UD 2 - 2 Valencia CF (2024-09-08) 
[12/09/25 17:58:22] [INFORMACIÓN] Se ha insertado el partido: 4-Getafe CF 0 - 1 Athletic Club (2024-09-08) 
[12/09/25 17:58:22] [INFORMACIÓN] Se ha insertado el partido: 4-RCD Espanyol 1 - 2 Villarreal CF (2024-09-08) 
[12/09/25 17:58:22] [INFORMACIÓN] Se ha insertado el partido: 4-Rayo Vallecano 1 - 1 Real Betis (2024-09-08) 
[12/09/25 17:58:22] [INFORMACIÓN] Se ha insertado el partido: 4-RCD Mallorca 0 - 1 Real Sociedad (2024-09-08) 
[12/09/25 17:58:22] [INFORMACIÓN] Se ha insertado el partido: 4-CA Osasuna 1 - 1 Sevilla FC (2024-09-08) 
[12/09/25 17:58:22] [INFORMACIÓN] Se ha insertado el partido: 4-Celta de Vigo 0 - 2 Atlético de Madrid (2024-09-08) 
[12/09/25 17:58:22] [INFORMACIÓN] Se ha insertado el partido: 4-Girona FC 1 - 3 Real Madrid (2024-09-08) 
[12/09/25 17:58:22] [INFORMACIÓN] Se ha insertado el partido: 4-Elche CF 0 - 5 FC Barcelona (2024-09-08) 
[12/09/25 17:58:22] [INFORMACIÓN] Se ha insertado el partido: 4-Deportivo Alavés 1 - 1 Real Oviedo (2024-09-08) 
[12/09/25 17:58:22] [INFORMACIÓN] Se ha insertado el partido: 5-Deportivo Alavés 1 - 0 Levante UD (2024-09-15) 
[12/09/25 17:58:22] [INFORMACIÓN] Se ha insertado el partido: 5-Real Oviedo 1 - 0 Elche CF (2024-09-15) 
[12/09/25 17:58:22] [INFORMACIÓN] Se ha insertado el partido: 5-FC Barcelona 3 - 1 Girona FC (2024-09-15) 
[12/09/25 17:58:22] [INFORMACIÓN] Se ha insertado el partido: 5-Real Madrid 3 - 1 Celta de Vigo (2024-09-15) 
[12/09/25 17:58:22] [INFORMACIÓN] Se ha insertado el partido: 5-Atlético de Madrid 2 - 0 CA Osasuna (2024-09-15) 
[12/09/25 17:58:22] [INFORMACIÓN] Se ha insertado el partido: 5-Sevilla FC 2 - 0 RCD Mallorca (2024-09-15) 
[12/09/25 17:58:22] [INFORMACIÓN] Se ha insertado el partido: 5-Real Sociedad 2 - 1 Rayo Vallecano (2024-09-15) 
[12/09/25 17:58:22] [INFORMACIÓN] Se ha insertado el partido: 5-Real Betis 2 - 0 RCD Espanyol (2024-09-15) 
[12/09/25 17:58:22] [INFORMACIÓN] Se ha insertado el partido: 5-Villarreal CF 2 - 0 Getafe CF (2024-09-15) 
[12/09/25 17:58:22] [INFORMACIÓN] Se ha insertado el partido: 5-Athletic Club 1 - 1 Valencia CF (2024-09-15) 
[12/09/25 17:58:22] [INFORMACIÓN] Se ha insertado el partido: 6-Levante UD 1 - 2 Athletic Club (2024-09-22) 
[12/09/25 17:58:22] [INFORMACIÓN] Se ha insertado el partido: 6-Valencia CF 1 - 2 Villarreal CF (2024-09-22) 
[12/09/25 17:58:22] [INFORMACIÓN] Se ha insertado el partido: 6-Getafe CF 0 - 1 Real Betis (2024-09-22) 
[12/09/25 17:58:22] [INFORMACIÓN] Se ha insertado el partido: 6-RCD Espanyol 1 - 1 Real Sociedad (2024-09-22) 
[12/09/25 17:58:22] [INFORMACIÓN] Se ha insertado el partido: 6-Rayo Vallecano 1 - 2 Sevilla FC (2024-09-22) 
[12/09/25 17:58:22] [INFORMACIÓN] Se ha insertado el partido: 6-RCD Mallorca 0 - 1 Atlético de Madrid (2024-09-22) 
[12/09/25 17:58:22] [INFORMACIÓN] Se ha insertado el partido: 6-CA Osasuna 1 - 3 Real Madrid (2024-09-22) 
[12/09/25 17:58:22] [INFORMACIÓN] Se ha insertado el partido: 6-Celta de Vigo 1 - 4 FC Barcelona (2024-09-22) 
[12/09/25 17:58:22] [INFORMACIÓN] Se ha insertado el partido: 6-Girona FC 2 - 0 Real Oviedo (2024-09-22) 
[12/09/25 17:58:22] [INFORMACIÓN] Se ha insertado el partido: 6-Elche CF 0 - 0 Deportivo Alavés (2024-09-22) 
[12/09/25 17:58:22] [INFORMACIÓN] Se ha insertado el partido: 7-Elche CF 1 - 1 Levante UD (2024-09-29) 
[12/09/25 17:58:22] [INFORMACIÓN] Se ha insertado el partido: 7-Deportivo Alavés 1 - 2 Girona FC (2024-09-29) 
[12/09/25 17:58:22] [INFORMACIÓN] Se ha insertado el partido: 7-Real Oviedo 1 - 1 Celta de Vigo (2024-09-29) 
[12/09/25 17:58:22] [INFORMACIÓN] Se ha insertado el partido: 7-FC Barcelona 4 - 0 CA Osasuna (2024-09-29) 
[12/09/25 17:58:22] [INFORMACIÓN] Se ha insertado el partido: 7-Real Madrid 3 - 0 RCD Mallorca (2024-09-29) 
[12/09/25 17:58:22] [INFORMACIÓN] Se ha insertado el partido: 7-Atlético de Madrid 2 - 0 Rayo Vallecano (2024-09-29) 
[12/09/25 17:58:22] [INFORMACIÓN] Se ha insertado el partido: 7-Sevilla FC 2 - 0 RCD Espanyol (2024-09-29) 
[12/09/25 17:58:22] [INFORMACIÓN] Se ha insertado el partido: 7-Real Sociedad 1 - 0 Getafe CF (2024-09-29) 
[12/09/25 17:58:22] [INFORMACIÓN] Se ha insertado el partido: 7-Real Betis 1 - 1 Valencia CF (2024-09-29) 
[12/09/25 17:58:22] [INFORMACIÓN] Se ha insertado el partido: 7-Villarreal CF 2 - 1 Athletic Club (2024-09-29) 
[12/09/25 17:58:22] [INFORMACIÓN] Se ha insertado el partido: 8-Levante UD 0 - 2 Villarreal CF (2024-10-06) 
[12/09/25 17:58:22] [INFORMACIÓN] Se ha insertado el partido: 8-Athletic Club 1 - 1 Real Betis (2024-10-06) 
[12/09/25 17:58:22] [INFORMACIÓN] Se ha insertado el partido: 8-Valencia CF 1 - 1 Real Sociedad (2024-10-06) 
[12/09/25 17:58:22] [INFORMACIÓN] Se ha insertado el partido: 8-Getafe CF 0 - 1 Sevilla FC (2024-10-06) 
[12/09/25 17:58:22] [INFORMACIÓN] Se ha insertado el partido: 8-RCD Espanyol 0 - 2 Atlético de Madrid (2024-10-06) 
[12/09/25 17:58:22] [INFORMACIÓN] Se ha insertado el partido: 8-Rayo Vallecano 1 - 3 Real Madrid (2024-10-06) 
[12/09/25 17:58:22] [INFORMACIÓN] Se ha insertado el partido: 8-RCD Mallorca 1 - 4 FC Barcelona (2024-10-06) 
[12/09/25 17:58:22] [INFORMACIÓN] Se ha insertado el partido: 8-CA Osasuna 2 - 0 Real Oviedo (2024-10-06) 
[12/09/25 17:58:22] [INFORMACIÓN] Se ha insertado el partido: 8-Celta de Vigo 1 - 0 Deportivo Alavés (2024-10-06) 
[12/09/25 17:58:22] [INFORMACIÓN] Se ha insertado el partido: 8-Girona FC 2 - 0 Elche CF (2024-10-06) 
[12/09/25 17:58:22] [INFORMACIÓN] Se ha insertado el partido: 9-Girona FC 2 - 1 Levante UD (2024-10-13) 
[12/09/25 17:58:22] [INFORMACIÓN] Se ha insertado el partido: 9-Elche CF 1 - 1 Celta de Vigo (2024-10-13) 
[12/09/25 17:58:22] [INFORMACIÓN] Se ha insertado el partido: 9-Deportivo Alavés 1 - 1 CA Osasuna (2024-10-13) 
[12/09/25 17:58:22] [INFORMACIÓN] Se ha insertado el partido: 9-Real Oviedo 1 - 0 RCD Mallorca (2024-10-13) 
[12/09/25 17:58:22] [INFORMACIÓN] Se ha insertado el partido: 9-FC Barcelona 5 - 1 Rayo Vallecano (2024-10-13) 
[12/09/25 17:58:22] [INFORMACIÓN] Se ha insertado el partido: 9-Real Madrid 3 - 0 RCD Espanyol (2024-10-13) 
[12/09/25 17:58:22] [INFORMACIÓN] Se ha insertado el partido: 9-Atlético de Madrid 2 - 0 Getafe CF (2024-10-13) 
[12/09/25 17:58:22] [INFORMACIÓN] Se ha insertado el partido: 9-Sevilla FC 2 - 1 Valencia CF (2024-10-13) 
[12/09/25 17:58:22] [INFORMACIÓN] Se ha insertado el partido: 9-Real Sociedad 1 - 1 Athletic Club (2024-10-13) 
[12/09/25 17:58:22] [INFORMACIÓN] Se ha insertado el partido: 9-Real Betis 1 - 2 Villarreal CF (2024-10-13) 
[12/09/25 17:58:22] [INFORMACIÓN] Se ha insertado el partido: 10-Levante UD 1 - 2 Real Betis (2024-10-20) 
[12/09/25 17:58:22] [INFORMACIÓN] Se ha insertado el partido: 10-Villarreal CF 2 - 1 Real Sociedad (2024-10-20) 
[12/09/25 17:58:22] [INFORMACIÓN] Se ha insertado el partido: 10-Athletic Club 1 - 1 Sevilla FC (2024-10-20) 
[12/09/25 17:58:22] [INFORMACIÓN] Se ha insertado el partido: 10-Valencia CF 1 - 2 Atlético de Madrid (2024-10-20) 
[12/09/25 17:58:22] [INFORMACIÓN] Se ha insertado el partido: 10-Getafe CF 0 - 2 Real Madrid (2024-10-20) 
[12/09/25 17:58:22] [INFORMACIÓN] Se ha insertado el partido: 10-RCD Espanyol 0 - 4 FC Barcelona (2024-10-20) 
[12/09/25 17:58:22] [INFORMACIÓN] Se ha insertado el partido: 10-Rayo Vallecano 2 - 1 Real Oviedo (2024-10-20) 
[12/09/25 17:58:22] [INFORMACIÓN] Se ha insertado el partido: 10-RCD Mallorca 1 - 0 Deportivo Alavés (2024-10-20) 
[12/09/25 17:58:22] [INFORMACIÓN] Se ha insertado el partido: 10-CA Osasuna 2 - 0 Elche CF (2024-10-20) 
[12/09/25 17:58:22] [INFORMACIÓN] Se ha insertado el partido: 10-Celta de Vigo 1 - 2 Girona FC (2024-10-20) 
[12/09/25 17:58:22] [INFORMACIÓN] Se ha insertado el partido: 11-Celta de Vigo 2 - 1 Levante UD (2024-10-27) 
[12/09/25 17:58:22] [INFORMACIÓN] Se ha insertado el partido: 11-Girona FC 2 - 1 CA Osasuna (2024-10-27) 
[12/09/25 17:58:22] [INFORMACIÓN] Se ha insertado el partido: 11-Elche CF 0 - 1 RCD Mallorca (2024-10-27) 
[12/09/25 17:58:22] [INFORMACIÓN] Se ha insertado el partido: 11-Deportivo Alavés 1 - 1 Rayo Vallecano (2024-10-27) 
[12/09/25 17:58:22] [INFORMACIÓN] Se ha insertado el partido: 11-Real Oviedo 1 - 0 RCD Espanyol (2024-10-27) 
[12/09/25 17:58:22] [INFORMACIÓN] Se ha insertado el partido: 11-FC Barcelona 4 - 0 Getafe CF (2024-10-27) 
[12/09/25 17:58:22] [INFORMACIÓN] Se ha insertado el partido: 11-Real Madrid 3 - 1 Valencia CF (2024-10-27) 
[12/09/25 17:58:22] [INFORMACIÓN] Se ha insertado el partido: 11-Atlético de Madrid 2 - 0 Athletic Club (2024-10-27) 
[12/09/25 17:58:22] [INFORMACIÓN] Se ha insertado el partido: 11-Sevilla FC 2 - 2 Villarreal CF (2024-10-27) 
[12/09/25 17:58:22] [INFORMACIÓN] Se ha insertado el partido: 11-Real Sociedad 1 - 1 Real Betis (2024-10-27) 
[12/09/25 17:58:22] [INFORMACIÓN] Se ha insertado el partido: 12-Levante UD 0 - 2 Real Sociedad (2024-11-03) 
[12/09/25 17:58:22] [INFORMACIÓN] Se ha insertado el partido: 12-Real Betis 1 - 1 Sevilla FC (2024-11-03) 
[12/09/25 17:58:22] [INFORMACIÓN] Se ha insertado el partido: 12-Villarreal CF 1 - 2 Atlético de Madrid (2024-11-03) 
[12/09/25 17:58:22] [INFORMACIÓN] Se ha insertado el partido: 12-Athletic Club 1 - 2 Real Madrid (2024-11-03) 
[12/09/25 17:58:22] [INFORMACIÓN] Se ha insertado el partido: 12-Valencia CF 1 - 3 FC Barcelona (2024-11-03) 
[12/09/25 17:58:23] [INFORMACIÓN] Se ha insertado el partido: 12-Getafe CF 1 - 0 Real Oviedo (2024-11-03) 
[12/09/25 17:58:23] [INFORMACIÓN] Se ha insertado el partido: 12-RCD Espanyol 1 - 0 Deportivo Alavés (2024-11-03) 
[12/09/25 17:58:23] [INFORMACIÓN] Se ha insertado el partido: 12-Rayo Vallecano 2 - 0 Elche CF (2024-11-03) 
[12/09/25 17:58:23] [INFORMACIÓN] Se ha insertado el partido: 12-RCD Mallorca 1 - 1 Girona FC (2024-11-03) 
[12/09/25 17:58:23] [INFORMACIÓN] Se ha insertado el partido: 12-CA Osasuna 1 - 1 Celta de Vigo (2024-11-03) 
[12/09/25 17:58:23] [INFORMACIÓN] Se ha insertado el partido: 13-CA Osasuna 2 - 0 Levante UD (2024-11-10) 
[12/09/25 17:58:23] [INFORMACIÓN] Se ha insertado el partido: 13-Celta de Vigo 1 - 1 RCD Mallorca (2024-11-10) 
[12/09/25 17:58:23] [INFORMACIÓN] Se ha insertado el partido: 13-Girona FC 2 - 1 Rayo Vallecano (2024-11-10) 
[12/09/25 17:58:23] [INFORMACIÓN] Se ha insertado el partido: 13-Elche CF 1 - 1 RCD Espanyol (2024-11-10) 
[12/09/25 17:58:23] [INFORMACIÓN] Se ha insertado el partido: 13-Deportivo Alavés 0 - 0 Getafe CF (2024-11-10) 
[12/09/25 17:58:23] [INFORMACIÓN] Se ha insertado el partido: 13-Real Oviedo 1 - 2 Valencia CF (2024-11-10) 
[12/09/25 17:58:23] [INFORMACIÓN] Se ha insertado el partido: 13-FC Barcelona 3 - 1 Athletic Club (2024-11-10) 
[12/09/25 17:58:23] [INFORMACIÓN] Se ha insertado el partido: 13-Real Madrid 3 - 1 Villarreal CF (2024-11-10) 
[12/09/25 17:58:23] [INFORMACIÓN] Se ha insertado el partido: 13-Atlético de Madrid 2 - 1 Real Betis (2024-11-10) 
[12/09/25 17:58:23] [INFORMACIÓN] Se ha insertado el partido: 13-Sevilla FC 2 - 1 Real Sociedad (2024-11-10) 
[12/09/25 17:58:23] [INFORMACIÓN] Se ha insertado el partido: 14-Levante UD 1 - 2 Sevilla FC (2024-11-17) 
[12/09/25 17:58:23] [INFORMACIÓN] Se ha insertado el partido: 14-Real Sociedad 1 - 1 Atlético de Madrid (2024-11-17) 
[12/09/25 17:58:23] [INFORMACIÓN] Se ha insertado el partido: 14-Real Betis 1 - 3 Real Madrid (2024-11-17) 
[12/09/25 17:58:23] [INFORMACIÓN] Se ha insertado el partido: 14-Villarreal CF 1 - 4 FC Barcelona (2024-11-17) 
[12/09/25 17:58:23] [INFORMACIÓN] Se ha insertado el partido: 14-Athletic Club 2 - 0 Real Oviedo (2024-11-17) 
[12/09/25 17:58:23] [INFORMACIÓN] Se ha insertado el partido: 14-Valencia CF 2 - 0 Deportivo Alavés (2024-11-17) 
[12/09/25 17:58:23] [INFORMACIÓN] Se ha insertado el partido: 14-Getafe CF 1 - 0 Elche CF (2024-11-17) 
[12/09/25 17:58:23] [INFORMACIÓN] Se ha insertado el partido: 14-RCD Espanyol 1 - 2 Girona FC (2024-11-17) 
[12/09/25 17:58:23] [INFORMACIÓN] Se ha insertado el partido: 14-Rayo Vallecano 1 - 1 Celta de Vigo (2024-11-17) 
[12/09/25 17:58:23] [INFORMACIÓN] Se ha insertado el partido: 14-RCD Mallorca 1 - 1 CA Osasuna (2024-11-17) 
[12/09/25 17:58:23] [INFORMACIÓN] Se ha insertado el partido: 15-RCD Mallorca 1 - 0 Levante UD (2024-11-24) 
[12/09/25 17:58:23] [INFORMACIÓN] Se ha insertado el partido: 15-CA Osasuna 2 - 1 Rayo Vallecano (2024-11-24) 
[12/09/25 17:58:23] [INFORMACIÓN] Se ha insertado el partido: 15-Celta de Vigo 1 - 1 RCD Espanyol (2024-11-24) 
[12/09/25 17:58:23] [INFORMACIÓN] Se ha insertado el partido: 15-Girona FC 2 - 0 Getafe CF (2024-11-24) 
[12/09/25 17:58:23] [INFORMACIÓN] Se ha insertado el partido: 15-Elche CF 0 - 2 Valencia CF (2024-11-24) 
[12/09/25 17:58:23] [INFORMACIÓN] Se ha insertado el partido: 15-Deportivo Alavés 1 - 2 Athletic Club (2024-11-24) 
[12/09/25 17:58:23] [INFORMACIÓN] Se ha insertado el partido: 15-Real Oviedo 1 - 2 Villarreal CF (2024-11-24) 
[12/09/25 17:58:23] [INFORMACIÓN] Se ha insertado el partido: 15-FC Barcelona 4 - 1 Real Betis (2024-11-24) 
[12/09/25 17:58:23] [INFORMACIÓN] Se ha insertado el partido: 15-Real Madrid 2 - 0 Real Sociedad (2024-11-24) 
[12/09/25 17:58:23] [INFORMACIÓN] Se ha insertado el partido: 15-Atlético de Madrid 1 - 0 Sevilla FC (2024-11-24) 
[12/09/25 17:58:23] [INFORMACIÓN] Se ha insertado el partido: 16-Levante UD 0 - 2 Atlético de Madrid (2024-12-01) 
[12/09/25 17:58:23] [INFORMACIÓN] Se ha insertado el partido: 16-Sevilla FC 1 - 2 Real Madrid (2024-12-01) 
[12/09/25 17:58:23] [INFORMACIÓN] Se ha insertado el partido: 16-Real Sociedad 1 - 3 FC Barcelona (2024-12-01) 
[12/09/25 17:58:23] [INFORMACIÓN] Se ha insertado el partido: 16-Real Betis 2 - 0 Real Oviedo (2024-12-01) 
[12/09/25 17:58:23] [INFORMACIÓN] Se ha insertado el partido: 16-Villarreal CF 3 - 0 Deportivo Alavés (2024-12-01) 
[12/09/25 17:58:23] [INFORMACIÓN] Se ha insertado el partido: 16-Athletic Club 2 - 0 Elche CF (2024-12-01) 
[12/09/25 17:58:23] [INFORMACIÓN] Se ha insertado el partido: 16-Valencia CF 2 - 1 Girona FC (2024-12-01) 
[12/09/25 17:58:23] [INFORMACIÓN] Se ha insertado el partido: 16-Getafe CF 1 - 1 Celta de Vigo (2024-12-01) 
[12/09/25 17:58:23] [INFORMACIÓN] Se ha insertado el partido: 16-RCD Espanyol 1 - 1 CA Osasuna (2024-12-01) 
[12/09/25 17:58:23] [INFORMACIÓN] Se ha insertado el partido: 16-Rayo Vallecano 1 - 1 RCD Mallorca (2024-12-01) 
[12/09/25 17:58:23] [INFORMACIÓN] Se ha insertado el partido: 17-Rayo Vallecano 2 - 1 Levante UD (2024-12-08) 
[12/09/25 17:58:23] [INFORMACIÓN] Se ha insertado el partido: 17-RCD Mallorca 1 - 0 RCD Espanyol (2024-12-08) 
[12/09/25 17:58:23] [INFORMACIÓN] Se ha insertado el partido: 17-CA Osasuna 1 - 0 Getafe CF (2024-12-08) 
[12/09/25 17:58:23] [INFORMACIÓN] Se ha insertado el partido: 17-Celta de Vigo 1 - 2 Valencia CF (2024-12-08) 
[12/09/25 17:58:23] [INFORMACIÓN] Se ha insertado el partido: 17-Girona FC 1 - 1 Athletic Club (2024-12-08) 
[12/09/25 17:58:23] [INFORMACIÓN] Se ha insertado el partido: 17-Elche CF 0 - 3 Villarreal CF (2024-12-08) 
[12/09/25 17:58:23] [INFORMACIÓN] Se ha insertado el partido: 17-Deportivo Alavés 0 - 1 Real Betis (2024-12-08) 
[12/09/25 17:58:23] [INFORMACIÓN] Se ha insertado el partido: 17-Real Oviedo 0 - 2 Real Sociedad (2024-12-08) 
[12/09/25 17:58:23] [INFORMACIÓN] Se ha insertado el partido: 17-FC Barcelona 3 - 1 Sevilla FC (2024-12-08) 
[12/09/25 17:58:23] [INFORMACIÓN] Se ha insertado el partido: 17-Real Madrid 1 - 1 Atlético de Madrid (2024-12-08) 
[12/09/25 17:58:23] [INFORMACIÓN] Se ha insertado el partido: 18-Levante UD 0 - 4 Real Madrid (2024-12-15) 
[12/09/25 17:58:23] [INFORMACIÓN] Se ha insertado el partido: 18-Atlético de Madrid 1 - 2 FC Barcelona (2024-12-15) 
[12/09/25 17:58:23] [INFORMACIÓN] Se ha insertado el partido: 18-Sevilla FC 2 - 0 Real Oviedo (2024-12-15) 
[12/09/25 17:58:23] [INFORMACIÓN] Se ha insertado el partido: 18-Real Sociedad 2 - 0 Deportivo Alavés (2024-12-15) 
[12/09/25 17:58:23] [INFORMACIÓN] Se ha insertado el partido: 18-Real Betis 3 - 0 Elche CF (2024-12-15) 
[12/09/25 17:58:23] [INFORMACIÓN] Se ha insertado el partido: 18-Villarreal CF 2 - 1 Girona FC (2024-12-15) 
[12/09/25 17:58:23] [INFORMACIÓN] Se ha insertado el partido: 18-Athletic Club 2 - 1 Celta de Vigo (2024-12-15) 
[12/09/25 17:58:23] [INFORMACIÓN] Se ha insertado el partido: 18-Valencia CF 2 - 0 CA Osasuna (2024-12-15) 
[12/09/25 17:58:23] [INFORMACIÓN] Se ha insertado el partido: 18-Getafe CF 1 - 0 RCD Mallorca (2024-12-15) 
[12/09/25 17:58:23] [INFORMACIÓN] Se ha insertado el partido: 18-RCD Espanyol 1 - 1 Rayo Vallecano (2024-12-15) 
[12/09/25 17:58:23] [INFORMACIÓN] Se ha insertado el partido: 19-RCD Espanyol 2 - 1 Levante UD (2024-12-22) 
[12/09/25 17:58:23] [INFORMACIÓN] Se ha insertado el partido: 19-Rayo Vallecano 1 - 0 Getafe CF (2024-12-22) 
[12/09/25 17:58:23] [INFORMACIÓN] Se ha insertado el partido: 19-RCD Mallorca 1 - 2 Valencia CF (2024-12-22) 
[12/09/25 17:58:23] [INFORMACIÓN] Se ha insertado el partido: 19-CA Osasuna 1 - 2 Athletic Club (2024-12-22) 
[12/09/25 17:58:23] [INFORMACIÓN] Se ha insertado el partido: 19-Celta de Vigo 1 - 2 Villarreal CF (2024-12-22) 
[12/09/25 17:58:23] [INFORMACIÓN] Se ha insertado el partido: 19-Girona FC 1 - 1 Real Betis (2024-12-22) 
[12/09/25 17:58:23] [INFORMACIÓN] Se ha insertado el partido: 19-Elche CF 0 - 2 Real Sociedad (2024-12-22) 
[12/09/25 17:58:23] [INFORMACIÓN] Se ha insertado el partido: 19-Deportivo Alavés 0 - 1 Sevilla FC (2024-12-22) 
[12/09/25 17:58:23] [INFORMACIÓN] Se ha insertado el partido: 19-Real Oviedo 0 - 2 Atlético de Madrid (2024-12-22) 
[12/09/25 17:58:23] [INFORMACIÓN] Se ha insertado el partido: 19-FC Barcelona 3 - 2 Real Madrid (2024-12-22) 
[12/09/25 17:58:23] [INFORMACIÓN] Se ha insertado el partido: 20-Levante UD 0 - 5 FC Barcelona (2024-12-29) 
[12/09/25 17:58:23] [INFORMACIÓN] Se ha insertado el partido: 20-Real Oviedo 0 - 4 Real Madrid (2024-12-29) 
[12/09/25 17:58:23] [INFORMACIÓN] Se ha insertado el partido: 20-Deportivo Alavés 0 - 2 Atlético de Madrid (2024-12-29) 
[12/09/25 17:58:23] [INFORMACIÓN] Se ha insertado el partido: 20-Elche CF 0 - 2 Sevilla FC (2024-12-29) 
[12/09/25 17:58:23] [INFORMACIÓN] Se ha insertado el partido: 20-Girona FC 1 - 1 Real Sociedad (2024-12-29) 
[12/09/25 17:58:23] [INFORMACIÓN] Se ha insertado el partido: 20-Celta de Vigo 1 - 2 Real Betis (2024-12-29) 
[12/09/25 17:58:23] [INFORMACIÓN] Se ha insertado el partido: 20-CA Osasuna 1 - 2 Villarreal CF (2024-12-29) 
[12/09/25 17:58:23] [INFORMACIÓN] Se ha insertado el partido: 20-RCD Mallorca 0 - 1 Athletic Club (2024-12-29) 
[12/09/25 17:58:23] [INFORMACIÓN] Se ha insertado el partido: 20-Rayo Vallecano 1 - 2 Valencia CF (2024-12-29) 
[12/09/25 17:58:23] [INFORMACIÓN] Se ha insertado el partido: 20-RCD Espanyol 1 - 1 Getafe CF (2024-12-29) 
[12/09/25 17:58:23] [INFORMACIÓN] Se ha insertado el partido: 21-Getafe CF 1 - 0 Levante UD (2025-01-05) 
[12/09/25 17:58:23] [INFORMACIÓN] Se ha insertado el partido: 21-Valencia CF 2 - 0 RCD Espanyol (2025-01-05) 
[12/09/25 17:58:23] [INFORMACIÓN] Se ha insertado el partido: 21-Athletic Club 2 - 0 Rayo Vallecano (2025-01-05) 
[12/09/25 17:58:23] [INFORMACIÓN] Se ha insertado el partido: 21-Villarreal CF 2 - 0 RCD Mallorca (2025-01-05) 
[12/09/25 17:58:23] [INFORMACIÓN] Se ha insertado el partido: 21-Real Betis 2 - 1 CA Osasuna (2025-01-05) 
[12/09/25 17:58:23] [INFORMACIÓN] Se ha insertado el partido: 21-Real Sociedad 2 - 0 Celta de Vigo (2025-01-05) 
[12/09/25 17:58:23] [INFORMACIÓN] Se ha insertado el partido: 21-Sevilla FC 2 - 1 Girona FC (2025-01-05) 
[12/09/25 17:58:23] [INFORMACIÓN] Se ha insertado el partido: 21-Atlético de Madrid 3 - 0 Elche CF (2025-01-05) 
[12/09/25 17:58:23] [INFORMACIÓN] Se ha insertado el partido: 21-Real Madrid 4 - 0 Deportivo Alavés (2025-01-05) 
[12/09/25 17:58:23] [INFORMACIÓN] Se ha insertado el partido: 21-FC Barcelona 5 - 0 Real Oviedo (2025-01-05) 
[12/09/25 17:58:23] [INFORMACIÓN] Se ha insertado el partido: 22-Levante UD 1 - 1 Real Oviedo (2025-01-12) 
[12/09/25 17:58:23] [INFORMACIÓN] Se ha insertado el partido: 22-Deportivo Alavés 0 - 4 FC Barcelona (2025-01-12) 
[12/09/25 17:58:23] [INFORMACIÓN] Se ha insertado el partido: 22-Elche CF 0 - 4 Real Madrid (2025-01-12) 
[12/09/25 17:58:23] [INFORMACIÓN] Se ha insertado el partido: 22-Girona FC 0 - 2 Atlético de Madrid (2025-01-12) 
[12/09/25 17:58:23] [INFORMACIÓN] Se ha insertado el partido: 22-Celta de Vigo 1 - 2 Sevilla FC (2025-01-12) 
[12/09/25 17:58:23] [INFORMACIÓN] Se ha insertado el partido: 22-CA Osasuna 1 - 2 Real Sociedad (2025-01-12) 
[12/09/25 17:58:23] [INFORMACIÓN] Se ha insertado el partido: 22-RCD Mallorca 0 - 1 Real Betis (2025-01-12) 
[12/09/25 17:58:23] [INFORMACIÓN] Se ha insertado el partido: 22-Rayo Vallecano 1 - 2 Villarreal CF (2025-01-12) 
[12/09/25 17:58:23] [INFORMACIÓN] Se ha insertado el partido: 22-RCD Espanyol 0 - 1 Athletic Club (2025-01-12) 
[12/09/25 17:58:23] [INFORMACIÓN] Se ha insertado el partido: 22-Getafe CF 0 - 1 Valencia CF (2025-01-12) 
[12/09/25 17:58:23] [INFORMACIÓN] Se ha insertado el partido: 23-Valencia CF 2 - 0 Levante UD (2025-01-19) 
[12/09/25 17:58:23] [INFORMACIÓN] Se ha insertado el partido: 23-Athletic Club 2 - 0 Getafe CF (2025-01-19) 
[12/09/25 17:58:23] [INFORMACIÓN] Se ha insertado el partido: 23-Villarreal CF 3 - 1 RCD Espanyol (2025-01-19) 
[12/09/25 17:58:23] [INFORMACIÓN] Se ha insertado el partido: 23-Real Betis 2 - 1 Rayo Vallecano (2025-01-19) 
[12/09/25 17:58:23] [INFORMACIÓN] Se ha insertado el partido: 23-Real Sociedad 2 - 0 RCD Mallorca (2025-01-19) 
[12/09/25 17:58:23] [INFORMACIÓN] Se ha insertado el partido: 23-Sevilla FC 2 - 0 CA Osasuna (2025-01-19) 
[12/09/25 17:58:23] [INFORMACIÓN] Se ha insertado el partido: 23-Atlético de Madrid 2 - 0 Celta de Vigo (2025-01-19) 
[12/09/25 17:58:23] [INFORMACIÓN] Se ha insertado el partido: 23-Real Madrid 4 - 1 Girona FC (2025-01-19) 
[12/09/25 17:58:23] [INFORMACIÓN] Se ha insertado el partido: 23-FC Barcelona 5 - 0 Elche CF (2025-01-19) 
[12/09/25 17:58:23] [INFORMACIÓN] Se ha insertado el partido: 23-Real Oviedo 1 - 0 Deportivo Alavés (2025-01-19) 
[12/09/25 17:58:23] [INFORMACIÓN] Se ha insertado el partido: 24-Levante UD 0 - 1 Deportivo Alavés (2025-01-26) 
[12/09/25 17:58:23] [INFORMACIÓN] Se ha insertado el partido: 24-Elche CF 0 - 1 Real Oviedo (2025-01-26) 
[12/09/25 17:58:23] [INFORMACIÓN] Se ha insertado el partido: 24-Girona FC 1 - 3 FC Barcelona (2025-01-26) 
[12/09/25 17:58:23] [INFORMACIÓN] Se ha insertado el partido: 24-Celta de Vigo 1 - 3 Real Madrid (2025-01-26) 
[12/09/25 17:58:23] [INFORMACIÓN] Se ha insertado el partido: 24-CA Osasuna 0 - 1 Atlético de Madrid (2025-01-26) 
[12/09/25 17:58:23] [INFORMACIÓN] Se ha insertado el partido: 24-RCD Mallorca 0 - 1 Sevilla FC (2025-01-26) 
[12/09/25 17:58:23] [INFORMACIÓN] Se ha insertado el partido: 24-Rayo Vallecano 1 - 2 Real Sociedad (2025-01-26) 
[12/09/25 17:58:23] [INFORMACIÓN] Se ha insertado el partido: 24-RCD Espanyol 0 - 2 Real Betis (2025-01-26) 
[12/09/25 17:58:23] [INFORMACIÓN] Se ha insertado el partido: 24-Getafe CF 0 - 2 Villarreal CF (2025-01-26) 
[12/09/25 17:58:23] [INFORMACIÓN] Se ha insertado el partido: 24-Valencia CF 1 - 2 Athletic Club (2025-01-26) 
[12/09/25 17:58:23] [INFORMACIÓN] Se ha insertado el partido: 25-Athletic Club 2 - 0 Levante UD (2025-02-02) 
[12/09/25 17:58:23] [INFORMACIÓN] Se ha insertado el partido: 25-Villarreal CF 2 - 1 Valencia CF (2025-02-02) 
[12/09/25 17:58:23] [INFORMACIÓN] Se ha insertado el partido: 25-Real Betis 2 - 0 Getafe CF (2025-02-02) 
[12/09/25 17:58:23] [INFORMACIÓN] Se ha insertado el partido: 25-Real Sociedad 2 - 0 RCD Espanyol (2025-02-02) 
[12/09/25 17:58:23] [INFORMACIÓN] Se ha insertado el partido: 25-Sevilla FC 2 - 0 Rayo Vallecano (2025-02-02) 
[12/09/25 17:58:23] [INFORMACIÓN] Se ha insertado el partido: 25-Atlético de Madrid 2 - 0 RCD Mallorca (2025-02-02) 
[12/09/25 17:58:23] [INFORMACIÓN] Se ha insertado el partido: 25-Real Madrid 3 - 0 CA Osasuna (2025-02-02) 
[12/09/25 17:58:23] [INFORMACIÓN] Se ha insertado el partido: 25-FC Barcelona 4 - 1 Celta de Vigo (2025-02-02) 
[12/09/25 17:58:23] [INFORMACIÓN] Se ha insertado el partido: 25-Real Oviedo 0 - 1 Girona FC (2025-02-02) 
[12/09/25 17:58:23] [INFORMACIÓN] Se ha insertado el partido: 25-Deportivo Alavés 1 - 0 Elche CF (2025-02-02) 
[12/09/25 17:58:23] [INFORMACIÓN] Se ha insertado el partido: 26-Levante UD 2 - 0 Elche CF (2025-02-09) 
[12/09/25 17:58:23] [INFORMACIÓN] Se ha insertado el partido: 26-Girona FC 2 - 1 Deportivo Alavés (2025-02-09) 
[12/09/25 17:58:23] [INFORMACIÓN] Se ha insertado el partido: 26-Celta de Vigo 1 - 0 Real Oviedo (2025-02-09) 
[12/09/25 17:58:23] [INFORMACIÓN] Se ha insertado el partido: 26-CA Osasuna 0 - 4 FC Barcelona (2025-02-09) 
[12/09/25 17:58:23] [INFORMACIÓN] Se ha insertado el partido: 26-RCD Mallorca 0 - 3 Real Madrid (2025-02-09) 
[12/09/25 17:58:23] [INFORMACIÓN] Se ha insertado el partido: 26-Rayo Vallecano 0 - 2 Atlético de Madrid (2025-02-09) 
[12/09/25 17:58:23] [INFORMACIÓN] Se ha insertado el partido: 26-RCD Espanyol 0 - 2 Sevilla FC (2025-02-09) 
[12/09/25 17:58:23] [INFORMACIÓN] Se ha insertado el partido: 26-Getafe CF 0 - 1 Real Sociedad (2025-02-09) 
[12/09/25 17:58:23] [INFORMACIÓN] Se ha insertado el partido: 26-Valencia CF 1 - 1 Real Betis (2025-02-09) 
[12/09/25 17:58:23] [INFORMACIÓN] Se ha insertado el partido: 26-Athletic Club 1 - 1 Villarreal CF (2025-02-09) 
[12/09/25 17:58:23] [INFORMACIÓN] Se ha insertado el partido: 27-Villarreal CF 3 - 0 Levante UD (2025-02-16) 
[12/09/25 17:58:23] [INFORMACIÓN] Se ha insertado el partido: 27-Real Betis 1 - 2 Athletic Club (2025-02-16) 
[12/09/25 17:58:23] [INFORMACIÓN] Se ha insertado el partido: 27-Real Sociedad 2 - 1 Valencia CF (2025-02-16) 
[12/09/25 17:58:23] [INFORMACIÓN] Se ha insertado el partido: 27-Sevilla FC 2 - 0 Getafe CF (2025-02-16) 
[12/09/25 17:58:23] [INFORMACIÓN] Se ha insertado el partido: 27-Atlético de Madrid 2 - 0 RCD Espanyol (2025-02-16) 
[12/09/25 17:58:23] [INFORMACIÓN] Se ha insertado el partido: 27-Real Madrid 4 - 0 Rayo Vallecano (2025-02-16) 
[12/09/25 17:58:23] [INFORMACIÓN] Se ha insertado el partido: 27-FC Barcelona 5 - 0 RCD Mallorca (2025-02-16) 
[12/09/25 17:58:23] [INFORMACIÓN] Se ha insertado el partido: 27-Real Oviedo 0 - 1 CA Osasuna (2025-02-16) 
[12/09/25 17:58:23] [INFORMACIÓN] Se ha insertado el partido: 27-Deportivo Alavés 1 - 1 Celta de Vigo (2025-02-16) 
[12/09/25 17:58:23] [INFORMACIÓN] Se ha insertado el partido: 27-Elche CF 0 - 2 Girona FC (2025-02-16) 
[12/09/25 17:58:23] [INFORMACIÓN] Se ha insertado el partido: 28-Levante UD 0 - 2 Girona FC (2025-02-23) 
[12/09/25 17:58:23] [INFORMACIÓN] Se ha insertado el partido: 28-Celta de Vigo 2 - 0 Elche CF (2025-02-23) 
[12/09/25 17:58:23] [INFORMACIÓN] Se ha insertado el partido: 28-CA Osasuna 1 - 0 Deportivo Alavés (2025-02-23) 
[12/09/25 17:58:23] [INFORMACIÓN] Se ha insertado el partido: 28-RCD Mallorca 1 - 0 Real Oviedo (2025-02-23) 
[12/09/25 17:58:23] [INFORMACIÓN] Se ha insertado el partido: 28-Rayo Vallecano 1 - 4 FC Barcelona (2025-02-23) 
[12/09/25 17:58:23] [INFORMACIÓN] Se ha insertado el partido: 28-RCD Espanyol 0 - 3 Real Madrid (2025-02-23) 
[12/09/25 17:58:23] [INFORMACIÓN] Se ha insertado el partido: 28-Getafe CF 0 - 1 Atlético de Madrid (2025-02-23) 
[12/09/25 17:58:23] [INFORMACIÓN] Se ha insertado el partido: 28-Valencia CF 1 - 1 Sevilla FC (2025-02-23) 
[12/09/25 17:58:23] [INFORMACIÓN] Se ha insertado el partido: 28-Athletic Club 1 - 1 Real Sociedad (2025-02-23) 
[12/09/25 17:58:23] [INFORMACIÓN] Se ha insertado el partido: 28-Villarreal CF 2 - 2 Real Betis (2025-02-23) 
[12/09/25 17:58:23] [INFORMACIÓN] Se ha insertado el partido: 29-Real Betis 2 - 0 Levante UD (2025-03-02) 
[12/09/25 17:58:23] [INFORMACIÓN] Se ha insertado el partido: 29-Real Sociedad 2 - 2 Villarreal CF (2025-03-02) 
[12/09/25 17:58:23] [INFORMACIÓN] Se ha insertado el partido: 29-Sevilla FC 1 - 1 Athletic Club (2025-03-02) 
[12/09/25 17:58:23] [INFORMACIÓN] Se ha insertado el partido: 29-Atlético de Madrid 2 - 1 Valencia CF (2025-03-02) 
[12/09/25 17:58:23] [INFORMACIÓN] Se ha insertado el partido: 29-Real Madrid 2 - 0 Getafe CF (2025-03-02) 
[12/09/25 17:58:23] [INFORMACIÓN] Se ha insertado el partido: 29-FC Barcelona 4 - 0 RCD Espanyol (2025-03-02) 
[12/09/25 17:58:23] [INFORMACIÓN] Se ha insertado el partido: 29-Real Oviedo 0 - 1 Rayo Vallecano (2025-03-02) 
[12/09/25 17:58:23] [INFORMACIÓN] Se ha insertado el partido: 29-Deportivo Alavés 1 - 0 RCD Mallorca (2025-03-02) 
[12/09/25 17:58:23] [INFORMACIÓN] Se ha insertado el partido: 29-Elche CF 0 - 1 CA Osasuna (2025-03-02) 
[12/09/25 17:58:23] [INFORMACIÓN] Se ha insertado el partido: 29-Girona FC 2 - 1 Celta de Vigo (2025-03-02) 
[12/09/25 17:58:23] [INFORMACIÓN] Se ha insertado el partido: 30-Levante UD 0 - 1 Celta de Vigo (2025-03-09) 
[12/09/25 17:58:23] [INFORMACIÓN] Se ha insertado el partido: 30-CA Osasuna 1 - 1 Girona FC (2025-03-09) 
[12/09/25 17:58:23] [INFORMACIÓN] Se ha insertado el partido: 30-RCD Mallorca 1 - 0 Elche CF (2025-03-09) 
[12/09/25 17:58:23] [INFORMACIÓN] Se ha insertado el partido: 30-Rayo Vallecano 1 - 0 Deportivo Alavés (2025-03-09) 
[12/09/25 17:58:23] [INFORMACIÓN] Se ha insertado el partido: 30-RCD Espanyol 1 - 0 Real Oviedo (2025-03-09) 
[12/09/25 17:58:23] [INFORMACIÓN] Se ha insertado el partido: 30-Getafe CF 0 - 4 FC Barcelona (2025-03-09) 
[12/09/25 17:58:23] [INFORMACIÓN] Se ha insertado el partido: 30-Valencia CF 1 - 2 Real Madrid (2025-03-09) 
[12/09/25 17:58:23] [INFORMACIÓN] Se ha insertado el partido: 30-Athletic Club 0 - 1 Atlético de Madrid (2025-03-09) 
[12/09/25 17:58:23] [INFORMACIÓN] Se ha insertado el partido: 30-Villarreal CF 2 - 1 Sevilla FC (2025-03-09) 
[12/09/25 17:58:23] [INFORMACIÓN] Se ha insertado el partido: 30-Real Betis 1 - 2 Real Sociedad (2025-03-09) 
[12/09/25 17:58:23] [INFORMACIÓN] Se ha insertado el partido: 31-Real Sociedad 2 - 0 Levante UD (2025-03-16) 
[12/09/25 17:58:23] [INFORMACIÓN] Se ha insertado el partido: 31-Sevilla FC 2 - 1 Real Betis (2025-03-16) 
[12/09/25 17:58:23] [INFORMACIÓN] Se ha insertado el partido: 31-Atlético de Madrid 2 - 1 Villarreal CF (2025-03-16) 
[12/09/25 17:58:24] [INFORMACIÓN] Se ha insertado el partido: 31-Real Madrid 2 - 1 Athletic Club (2025-03-16) 
[12/09/25 17:58:24] [INFORMACIÓN] Se ha insertado el partido: 31-FC Barcelona 3 - 1 Valencia CF (2025-03-16) 
[12/09/25 17:58:24] [INFORMACIÓN] Se ha insertado el partido: 31-Real Oviedo 0 - 0 Getafe CF (2025-03-16) 
[12/09/25 17:58:24] [INFORMACIÓN] Se ha insertado el partido: 31-Deportivo Alavés 0 - 0 RCD Espanyol (2025-03-16) 
[12/09/25 17:58:24] [INFORMACIÓN] Se ha insertado el partido: 31-Elche CF 0 - 1 Rayo Vallecano (2025-03-16) 
[12/09/25 17:58:24] [INFORMACIÓN] Se ha insertado el partido: 31-Girona FC 2 - 0 RCD Mallorca (2025-03-16) 
[12/09/25 17:58:24] [INFORMACIÓN] Se ha insertado el partido: 31-Celta de Vigo 1 - 1 CA Osasuna (2025-03-16) 
[12/09/25 17:58:24] [INFORMACIÓN] Se ha insertado el partido: 32-Levante UD 0 - 1 CA Osasuna (2025-03-23) 
[12/09/25 17:58:24] [INFORMACIÓN] Se ha insertado el partido: 32-RCD Mallorca 1 - 1 Celta de Vigo (2025-03-23) 
[12/09/25 17:58:24] [INFORMACIÓN] Se ha insertado el partido: 32-Rayo Vallecano 1 - 2 Girona FC (2025-03-23) 
[12/09/25 17:58:24] [INFORMACIÓN] Se ha insertado el partido: 32-RCD Espanyol 1 - 0 Elche CF (2025-03-23) 
[12/09/25 17:58:24] [INFORMACIÓN] Se ha insertado el partido: 32-Getafe CF 1 - 0 Deportivo Alavés (2025-03-23) 
[12/09/25 17:58:24] [INFORMACIÓN] Se ha insertado el partido: 32-Valencia CF 2 - 0 Real Oviedo (2025-03-23) 
[12/09/25 17:58:24] [INFORMACIÓN] Se ha insertado el partido: 32-Athletic Club 0 - 3 FC Barcelona (2025-03-23) 
[12/09/25 17:58:24] [INFORMACIÓN] Se ha insertado el partido: 32-Villarreal CF 1 - 3 Real Madrid (2025-03-23) 
[12/09/25 17:58:24] [INFORMACIÓN] Se ha insertado el partido: 32-Real Betis 1 - 2 Atlético de Madrid (2025-03-23) 
[12/09/25 17:58:24] [INFORMACIÓN] Se ha insertado el partido: 32-Real Sociedad 1 - 1 Sevilla FC (2025-03-23) 
[12/09/25 17:58:24] [INFORMACIÓN] Se ha insertado el partido: 33-Sevilla FC 2 - 0 Levante UD (2025-03-30) 
[12/09/25 17:58:24] [INFORMACIÓN] Se ha insertado el partido: 33-Atlético de Madrid 1 - 0 Real Sociedad (2025-03-30) 
[12/09/25 17:58:24] [INFORMACIÓN] Se ha insertado el partido: 33-Real Madrid 3 - 1 Real Betis (2025-03-30) 
[12/09/25 17:58:24] [INFORMACIÓN] Se ha insertado el partido: 33-FC Barcelona 4 - 1 Villarreal CF (2025-03-30) 
[12/09/25 17:58:24] [INFORMACIÓN] Se ha insertado el partido: 33-Real Oviedo 0 - 2 Athletic Club (2025-03-30) 
[12/09/25 17:58:24] [INFORMACIÓN] Se ha insertado el partido: 33-Deportivo Alavés 0 - 1 Valencia CF (2025-03-30) 
[12/09/25 17:58:24] [INFORMACIÓN] Se ha insertado el partido: 33-Elche CF 0 - 1 Getafe CF (2025-03-30) 
[12/09/25 17:58:24] [INFORMACIÓN] Se ha insertado el partido: 33-Girona FC 2 - 0 RCD Espanyol (2025-03-30) 
[12/09/25 17:58:24] [INFORMACIÓN] Se ha insertado el partido: 33-Celta de Vigo 1 - 1 Rayo Vallecano (2025-03-30) 
[12/09/25 17:58:24] [INFORMACIÓN] Se ha insertado el partido: 33-CA Osasuna 1 - 0 RCD Mallorca (2025-03-30) 
[12/09/25 17:58:24] [INFORMACIÓN] Se ha insertado el partido: 34-Levante UD 1 - 0 RCD Mallorca (2025-04-06) 
[12/09/25 17:58:24] [INFORMACIÓN] Se ha insertado el partido: 34-Rayo Vallecano 1 - 1 CA Osasuna (2025-04-06) 
[12/09/25 17:58:24] [INFORMACIÓN] Se ha insertado el partido: 34-RCD Espanyol 1 - 1 Celta de Vigo (2025-04-06) 
[12/09/25 17:58:24] [INFORMACIÓN] Se ha insertado el partido: 34-Getafe CF 0 - 1 Girona FC (2025-04-06) 
[12/09/25 17:58:24] [INFORMACIÓN] Se ha insertado el partido: 34-Valencia CF 2 - 0 Elche CF (2025-04-06) 
[12/09/25 17:58:24] [INFORMACIÓN] Se ha insertado el partido: 34-Athletic Club 2 - 0 Deportivo Alavés (2025-04-06) 
[12/09/25 17:58:24] [INFORMACIÓN] Se ha insertado el partido: 34-Villarreal CF 3 - 0 Real Oviedo (2025-04-06) 
[12/09/25 17:58:24] [INFORMACIÓN] Se ha insertado el partido: 34-Real Betis 1 - 3 FC Barcelona (2025-04-06) 
[12/09/25 17:58:24] [INFORMACIÓN] Se ha insertado el partido: 34-Real Sociedad 1 - 2 Real Madrid (2025-04-06) 
[12/09/25 17:58:24] [INFORMACIÓN] Se ha insertado el partido: 34-Sevilla FC 1 - 1 Atlético de Madrid (2025-04-06) 
[12/09/25 17:58:24] [INFORMACIÓN] Se ha insertado el partido: 35-Atlético de Madrid 2 - 0 Levante UD (2025-04-13) 
[12/09/25 17:58:24] [INFORMACIÓN] Se ha insertado el partido: 35-Real Madrid 2 - 1 Sevilla FC (2025-04-13) 
[12/09/25 17:58:24] [INFORMACIÓN] Se ha insertado el partido: 35-FC Barcelona 3 - 0 Real Sociedad (2025-04-13) 
[12/09/25 17:58:24] [INFORMACIÓN] Se ha insertado el partido: 35-Real Oviedo 0 - 1 Real Betis (2025-04-13) 
[12/09/25 17:58:24] [INFORMACIÓN] Se ha insertado el partido: 35-Deportivo Alavés 0 - 2 Villarreal CF (2025-04-13) 
[12/09/25 17:58:24] [INFORMACIÓN] Se ha insertado el partido: 35-Elche CF 0 - 2 Athletic Club (2025-04-13) 
[12/09/25 17:58:24] [INFORMACIÓN] Se ha insertado el partido: 35-Girona FC 1 - 1 Valencia CF (2025-04-13) 
[12/09/25 17:58:24] [INFORMACIÓN] Se ha insertado el partido: 35-Celta de Vigo 1 - 0 Getafe CF (2025-04-13) 
[12/09/25 17:58:24] [INFORMACIÓN] Se ha insertado el partido: 35-CA Osasuna 1 - 0 RCD Espanyol (2025-04-13) 
[12/09/25 17:58:24] [INFORMACIÓN] Se ha insertado el partido: 35-RCD Mallorca 1 - 0 Rayo Vallecano (2025-04-13) 
[12/09/25 17:58:24] [INFORMACIÓN] Se ha insertado el partido: 36-Levante UD 1 - 1 Rayo Vallecano (2025-04-20) 
[12/09/25 17:58:24] [INFORMACIÓN] Se ha insertado el partido: 36-RCD Espanyol 1 - 0 RCD Mallorca (2025-04-20) 
[12/09/25 17:58:24] [INFORMACIÓN] Se ha insertado el partido: 36-Getafe CF 1 - 0 CA Osasuna (2025-04-20) 
[12/09/25 17:58:24] [INFORMACIÓN] Se ha insertado el partido: 36-Valencia CF 2 - 1 Celta de Vigo (2025-04-20) 
[12/09/25 17:58:24] [INFORMACIÓN] Se ha insertado el partido: 36-Athletic Club 2 - 1 Girona FC (2025-04-20) 
[12/09/25 17:58:24] [INFORMACIÓN] Se ha insertado el partido: 36-Villarreal CF 3 - 0 Elche CF (2025-04-20) 
[12/09/25 17:58:24] [INFORMACIÓN] Se ha insertado el partido: 36-Real Betis 2 - 0 Deportivo Alavés (2025-04-20) 
[12/09/25 17:58:24] [INFORMACIÓN] Se ha insertado el partido: 36-Real Sociedad 2 - 0 Real Oviedo (2025-04-20) 
[12/09/25 17:58:24] [INFORMACIÓN] Se ha insertado el partido: 36-Sevilla FC 1 - 2 FC Barcelona (2025-04-20) 
[12/09/25 17:58:24] [INFORMACIÓN] Se ha insertado el partido: 36-Atlético de Madrid 1 - 1 Real Madrid (2025-04-20) 
[12/09/25 17:58:24] [INFORMACIÓN] Se ha insertado el partido: 37-Real Madrid 4 - 0 Levante UD (2025-04-27) 
[12/09/25 17:58:24] [INFORMACIÓN] Se ha insertado el partido: 37-FC Barcelona 2 - 1 Atlético de Madrid (2025-04-27) 
[12/09/25 17:58:24] [INFORMACIÓN] Se ha insertado el partido: 37-Real Oviedo 0 - 2 Sevilla FC (2025-04-27) 
[12/09/25 17:58:24] [INFORMACIÓN] Se ha insertado el partido: 37-Deportivo Alavés 0 - 2 Real Sociedad (2025-04-27) 
[12/09/25 17:58:24] [INFORMACIÓN] Se ha insertado el partido: 37-Elche CF 0 - 2 Real Betis (2025-04-27) 
[12/09/25 17:58:24] [INFORMACIÓN] Se ha insertado el partido: 37-Girona FC 1 - 2 Villarreal CF (2025-04-27) 
[12/09/25 17:58:24] [INFORMACIÓN] Se ha insertado el partido: 37-Celta de Vigo 1 - 2 Athletic Club (2025-04-27) 
[12/09/25 17:58:24] [INFORMACIÓN] Se ha insertado el partido: 37-CA Osasuna 0 - 2 Valencia CF (2025-04-27) 
[12/09/25 17:58:24] [INFORMACIÓN] Se ha insertado el partido: 37-RCD Mallorca 1 - 0 Getafe CF (2025-04-27) 
[12/09/25 17:58:24] [INFORMACIÓN] Se ha insertado el partido: 37-Rayo Vallecano 1 - 0 RCD Espanyol (2025-04-27) 
[12/09/25 17:58:24] [INFORMACIÓN] Se ha insertado el partido: 38-Levante UD 1 - 1 RCD Espanyol (2025-05-04) 
[12/09/25 17:58:24] [INFORMACIÓN] Se ha insertado el partido: 38-Getafe CF 0 - 1 Rayo Vallecano (2025-05-04) 
[12/09/25 17:58:24] [INFORMACIÓN] Se ha insertado el partido: 38-Valencia CF 2 - 0 RCD Mallorca (2025-05-04) 
[12/09/25 17:58:24] [INFORMACIÓN] Se ha insertado el partido: 38-Athletic Club 2 - 0 CA Osasuna (2025-05-04) 
[12/09/25 17:58:24] [INFORMACIÓN] Se ha insertado el partido: 38-Villarreal CF 3 - 1 Celta de Vigo (2025-05-04) 
[12/09/25 17:58:24] [INFORMACIÓN] Se ha insertado el partido: 38-Real Betis 2 - 1 Girona FC (2025-05-04) 
[12/09/25 17:58:24] [INFORMACIÓN] Se ha insertado el partido: 38-Real Sociedad 3 - 0 Elche CF (2025-05-04) 
[12/09/25 17:58:24] [INFORMACIÓN] Se ha insertado el partido: 38-Sevilla FC 2 - 0 Deportivo Alavés (2025-05-04) 
[12/09/25 17:58:24] [INFORMACIÓN] Se ha insertado el partido: 38-Atlético de Madrid 3 - 0 Real Oviedo (2025-05-04) 
[12/09/25 17:58:24] [INFORMACIÓN] Se ha insertado el partido: 38-Real Madrid 2 - 2 FC Barcelona (2025-05-04) 
[12/09/25 17:58:24] [INFORMACIÓN] Se ha insertado el partido: 1-Manchester United 3 - 1 Leeds United FC (2024-08-18) 
[12/09/25 17:58:24] [INFORMACIÓN] Se ha insertado el partido: 1-Manchester City 4 - 0 Burnley FC (2024-08-18) 
[12/09/25 17:58:24] [INFORMACIÓN] Se ha insertado el partido: 1-Liverpool FC 3 - 0 Nottingham Forest (2024-08-18) 
[12/09/25 17:58:24] [INFORMACIÓN] Se ha insertado el partido: 1-Chelsea FC 2 - 0 AFC Bournemouth (2024-08-18) 
[12/09/25 17:58:24] [INFORMACIÓN] Se ha insertado el partido: 1-Arsenal FC 2 - 0 Crystal Palace (2024-08-18) 
[12/09/25 17:58:24] [INFORMACIÓN] Se ha insertado el partido: 1-Tottenham Hotspur 2 - 1 Brentford FC (2024-08-18) 
[12/09/25 17:58:24] [INFORMACIÓN] Se ha insertado el partido: 1-Newcastle United 1 - 1 Fulham FC (2024-08-18) 
[12/09/25 17:58:24] [INFORMACIÓN] Se ha insertado el partido: 1-Aston Villa 2 - 1 Wolverhampton Wanderers (2024-08-18) 
[12/09/25 17:58:24] [INFORMACIÓN] Se ha insertado el partido: 1-Brighton & Hove Albion 1 - 1 Everton FC (2024-08-18) 
[12/09/25 17:58:24] [INFORMACIÓN] Se ha insertado el partido: 1-West Ham United 2 - 0 Sunderland AFC (2024-08-18) 
[12/09/25 17:58:24] [INFORMACIÓN] Se ha insertado el partido: 2-Leeds United FC 1 - 2 West Ham United (2024-08-25) 
[12/09/25 17:58:24] [INFORMACIÓN] Se ha insertado el partido: 2-Sunderland AFC 0 - 1 Brighton & Hove Albion (2024-08-25) 
[12/09/25 17:58:24] [INFORMACIÓN] Se ha insertado el partido: 2-Everton FC 1 - 1 Aston Villa (2024-08-25) 
[12/09/25 17:58:24] [INFORMACIÓN] Se ha insertado el partido: 2-Wolverhampton Wanderers 0 - 1 Newcastle United (2024-08-25) 
[12/09/25 17:58:24] [INFORMACIÓN] Se ha insertado el partido: 2-Fulham FC 1 - 2 Tottenham Hotspur (2024-08-25) 
[12/09/25 17:58:24] [INFORMACIÓN] Se ha insertado el partido: 2-Brentford FC 0 - 2 Arsenal FC (2024-08-25) 
[12/09/25 17:58:24] [INFORMACIÓN] Se ha insertado el partido: 2-Crystal Palace 0 - 2 Chelsea FC (2024-08-25) 
[12/09/25 17:58:24] [INFORMACIÓN] Se ha insertado el partido: 2-AFC Bournemouth 0 - 3 Liverpool FC (2024-08-25) 
[12/09/25 17:58:24] [INFORMACIÓN] Se ha insertado el partido: 2-Nottingham Forest 0 - 4 Manchester City (2024-08-25) 
[12/09/25 17:58:24] [INFORMACIÓN] Se ha insertado el partido: 2-Burnley FC 0 - 2 Manchester United (2024-08-25) 
[12/09/25 17:58:24] [INFORMACIÓN] Se ha insertado el partido: 3-Burnley FC 1 - 1 Leeds United FC (2024-09-01) 
[12/09/25 17:58:24] [INFORMACIÓN] Se ha insertado el partido: 3-Manchester United 3 - 0 Nottingham Forest (2024-09-01) 
[12/09/25 17:58:24] [INFORMACIÓN] Se ha insertado el partido: 3-Manchester City 4 - 0 AFC Bournemouth (2024-09-01) 
[12/09/25 17:58:24] [INFORMACIÓN] Se ha insertado el partido: 3-Liverpool FC 3 - 0 Crystal Palace (2024-09-01) 
[12/09/25 17:58:24] [INFORMACIÓN] Se ha insertado el partido: 3-Chelsea FC 2 - 0 Brentford FC (2024-09-01) 
[12/09/25 17:58:24] [INFORMACIÓN] Se ha insertado el partido: 3-Arsenal FC 2 - 0 Fulham FC (2024-09-01) 
[12/09/25 17:58:24] [INFORMACIÓN] Se ha insertado el partido: 3-Tottenham Hotspur 2 - 1 Wolverhampton Wanderers (2024-09-01) 
[12/09/25 17:58:24] [INFORMACIÓN] Se ha insertado el partido: 3-Newcastle United 2 - 1 Everton FC (2024-09-01) 
[12/09/25 17:58:24] [INFORMACIÓN] Se ha insertado el partido: 3-Aston Villa 2 - 0 Sunderland AFC (2024-09-01) 
[12/09/25 17:58:24] [INFORMACIÓN] Se ha insertado el partido: 3-Brighton & Hove Albion 1 - 1 West Ham United (2024-09-01) 
[12/09/25 17:58:24] [INFORMACIÓN] Se ha insertado el partido: 4-Leeds United FC 1 - 2 Brighton & Hove Albion (2024-09-08) 
[12/09/25 17:58:24] [INFORMACIÓN] Se ha insertado el partido: 4-West Ham United 1 - 2 Aston Villa (2024-09-08) 
[12/09/25 17:58:24] [INFORMACIÓN] Se ha insertado el partido: 4-Sunderland AFC 0 - 2 Newcastle United (2024-09-08) 
[12/09/25 17:58:24] [INFORMACIÓN] Se ha insertado el partido: 4-Everton FC 1 - 2 Tottenham Hotspur (2024-09-08) 
[12/09/25 17:58:24] [INFORMACIÓN] Se ha insertado el partido: 4-Wolverhampton Wanderers 0 - 2 Arsenal FC (2024-09-08) 
[12/09/25 17:58:24] [INFORMACIÓN] Se ha insertado el partido: 4-Fulham FC 0 - 2 Chelsea FC (2024-09-08) 
[12/09/25 17:58:24] [INFORMACIÓN] Se ha insertado el partido: 4-Brentford FC 1 - 3 Liverpool FC (2024-09-08) 
[12/09/25 17:58:24] [INFORMACIÓN] Se ha insertado el partido: 4-Crystal Palace 0 - 4 Manchester City (2024-09-08) 
[12/09/25 17:58:24] [INFORMACIÓN] Se ha insertado el partido: 4-AFC Bournemouth 0 - 2 Manchester United (2024-09-08) 
[12/09/25 17:58:24] [INFORMACIÓN] Se ha insertado el partido: 4-Nottingham Forest 1 - 1 Burnley FC (2024-09-08) 
[12/09/25 17:58:24] [INFORMACIÓN] Se ha insertado el partido: 5-Nottingham Forest 1 - 1 Leeds United FC (2024-09-15) 
[12/09/25 17:58:24] [INFORMACIÓN] Se ha insertado el partido: 5-Burnley FC 1 - 0 AFC Bournemouth (2024-09-15) 
[12/09/25 17:58:24] [INFORMACIÓN] Se ha insertado el partido: 5-Manchester United 2 - 0 Crystal Palace (2024-09-15) 
[12/09/25 17:58:24] [INFORMACIÓN] Se ha insertado el partido: 5-Manchester City 3 - 0 Brentford FC (2024-09-15) 
[12/09/25 17:58:24] [INFORMACIÓN] Se ha insertado el partido: 5-Liverpool FC 3 - 0 Fulham FC (2024-09-15) 
[12/09/25 17:58:24] [INFORMACIÓN] Se ha insertado el partido: 5-Chelsea FC 2 - 0 Wolverhampton Wanderers (2024-09-15) 
[12/09/25 17:58:24] [INFORMACIÓN] Se ha insertado el partido: 5-Arsenal FC 2 - 0 Everton FC (2024-09-15) 
[12/09/25 17:58:24] [INFORMACIÓN] Se ha insertado el partido: 5-Tottenham Hotspur 3 - 0 Sunderland AFC (2024-09-15) 
[12/09/25 17:58:24] [INFORMACIÓN] Se ha insertado el partido: 5-Newcastle United 2 - 1 West Ham United (2024-09-15) 
[12/09/25 17:58:24] [INFORMACIÓN] Se ha insertado el partido: 5-Aston Villa 2 - 1 Brighton & Hove Albion (2024-09-15) 
[12/09/25 17:58:24] [INFORMACIÓN] Se ha insertado el partido: 6-Leeds United FC 1 - 2 Aston Villa (2024-09-22) 
[12/09/25 17:58:25] [INFORMACIÓN] Se ha insertado el partido: 6-Brighton & Hove Albion 1 - 1 Newcastle United (2024-09-22) 
[12/09/25 17:58:25] [INFORMACIÓN] Se ha insertado el partido: 6-West Ham United 1 - 2 Tottenham Hotspur (2024-09-22) 
[12/09/25 17:58:25] [INFORMACIÓN] Se ha insertado el partido: 6-Sunderland AFC 0 - 3 Arsenal FC (2024-09-22) 
[12/09/25 17:58:25] [INFORMACIÓN] Se ha insertado el partido: 6-Everton FC 0 - 2 Chelsea FC (2024-09-22) 
[12/09/25 17:58:25] [INFORMACIÓN] Se ha insertado el partido: 6-Wolverhampton Wanderers 0 - 2 Liverpool FC (2024-09-22) 
[12/09/25 17:58:25] [INFORMACIÓN] Se ha insertado el partido: 6-Fulham FC 0 - 3 Manchester City (2024-09-22) 
[12/09/25 17:58:25] [INFORMACIÓN] Se ha insertado el partido: 6-Brentford FC 1 - 2 Manchester United (2024-09-22) 
[12/09/25 17:58:25] [INFORMACIÓN] Se ha insertado el partido: 6-Crystal Palace 1 - 0 Burnley FC (2024-09-22) 
[12/09/25 17:58:25] [INFORMACIÓN] Se ha insertado el partido: 6-AFC Bournemouth 1 - 1 Nottingham Forest (2024-09-22) 
[12/09/25 17:58:25] [INFORMACIÓN] Se ha insertado el partido: 7-AFC Bournemouth 1 - 1 Leeds United FC (2024-09-29) 
[12/09/25 17:58:25] [INFORMACIÓN] Se ha insertado el partido: 7-Nottingham Forest 1 - 1 Crystal Palace (2024-09-29) 
[12/09/25 17:58:25] [INFORMACIÓN] Se ha insertado el partido: 7-Burnley FC 1 - 0 Brentford FC (2024-09-29) 
[12/09/25 17:58:25] [INFORMACIÓN] Se ha insertado el partido: 7-Manchester United 2 - 0 Fulham FC (2024-09-29) 
[12/09/25 17:58:25] [INFORMACIÓN] Se ha insertado el partido: 7-Manchester City 4 - 0 Wolverhampton Wanderers (2024-09-29) 
[12/09/25 17:58:25] [INFORMACIÓN] Se ha insertado el partido: 7-Liverpool FC 2 - 0 Everton FC (2024-09-29) 
[12/09/25 17:58:25] [INFORMACIÓN] Se ha insertado el partido: 7-Chelsea FC 2 - 0 Sunderland AFC (2024-09-29) 
[12/09/25 17:58:25] [INFORMACIÓN] Se ha insertado el partido: 7-Arsenal FC 2 - 0 West Ham United (2024-09-29) 
[12/09/25 17:58:25] [INFORMACIÓN] Se ha insertado el partido: 7-Tottenham Hotspur 2 - 1 Brighton & Hove Albion (2024-09-29) 
[12/09/25 17:58:25] [INFORMACIÓN] Se ha insertado el partido: 7-Newcastle United 1 - 1 Aston Villa (2024-09-29) 
[12/09/25 17:58:25] [INFORMACIÓN] Se ha insertado el partido: 8-Leeds United FC 0 - 1 Newcastle United (2024-10-06) 
[12/09/25 17:58:25] [INFORMACIÓN] Se ha insertado el partido: 8-Aston Villa 1 - 2 Tottenham Hotspur (2024-10-06) 
[12/09/25 17:58:25] [INFORMACIÓN] Se ha insertado el partido: 8-Brighton & Hove Albion 1 - 2 Arsenal FC (2024-10-06) 
[12/09/25 17:58:25] [INFORMACIÓN] Se ha insertado el partido: 8-West Ham United 0 - 2 Chelsea FC (2024-10-06) 
[12/09/25 17:58:25] [INFORMACIÓN] Se ha insertado el partido: 8-Sunderland AFC 0 - 3 Liverpool FC (2024-10-06) 
[12/09/25 17:58:25] [INFORMACIÓN] Se ha insertado el partido: 8-Everton FC 0 - 3 Manchester City (2024-10-06) 
[12/09/25 17:58:25] [INFORMACIÓN] Se ha insertado el partido: 8-Wolverhampton Wanderers 0 - 2 Manchester United (2024-10-06) 
[12/09/25 17:58:25] [INFORMACIÓN] Se ha insertado el partido: 8-Fulham FC 1 - 0 Burnley FC (2024-10-06) 
[12/09/25 17:58:25] [INFORMACIÓN] Se ha insertado el partido: 8-Brentford FC 1 - 1 Nottingham Forest (2024-10-06) 
[12/09/25 17:58:25] [INFORMACIÓN] Se ha insertado el partido: 8-Crystal Palace 1 - 0 AFC Bournemouth (2024-10-06) 
[12/09/25 17:58:25] [INFORMACIÓN] Se ha insertado el partido: 9-Crystal Palace 1 - 0 Leeds United FC (2024-10-13) 
[12/09/25 17:58:25] [INFORMACIÓN] Se ha insertado el partido: 9-AFC Bournemouth 1 - 1 Brentford FC (2024-10-13) 
[12/09/25 17:58:25] [INFORMACIÓN] Se ha insertado el partido: 9-Nottingham Forest 1 - 1 Fulham FC (2024-10-13) 
[12/09/25 17:58:25] [INFORMACIÓN] Se ha insertado el partido: 9-Burnley FC 0 - 0 Wolverhampton Wanderers (2024-10-13) 
[12/09/25 17:58:25] [INFORMACIÓN] Se ha insertado el partido: 9-Manchester United 2 - 0 Everton FC (2024-10-13) 
[12/09/25 17:58:25] [INFORMACIÓN] Se ha insertado el partido: 9-Manchester City 4 - 0 Sunderland AFC (2024-10-13) 
[12/09/25 17:58:25] [INFORMACIÓN] Se ha insertado el partido: 9-Liverpool FC 2 - 0 West Ham United (2024-10-13) 
[12/09/25 17:58:25] [INFORMACIÓN] Se ha insertado el partido: 9-Chelsea FC 2 - 1 Brighton & Hove Albion (2024-10-13) 
[12/09/25 17:58:25] [INFORMACIÓN] Se ha insertado el partido: 9-Arsenal FC 2 - 1 Aston Villa (2024-10-13) 
[12/09/25 17:58:25] [INFORMACIÓN] Se ha insertado el partido: 9-Tottenham Hotspur 2 - 1 Newcastle United (2024-10-13) 
[12/09/25 17:58:25] [INFORMACIÓN] Se ha insertado el partido: 10-Leeds United FC 0 - 2 Tottenham Hotspur (2024-10-20) 
[12/09/25 17:58:25] [INFORMACIÓN] Se ha insertado el partido: 10-Newcastle United 1 - 2 Arsenal FC (2024-10-20) 
[12/09/25 17:58:25] [INFORMACIÓN] Se ha insertado el partido: 10-Aston Villa 1 - 2 Chelsea FC (2024-10-20) 
[12/09/25 17:58:25] [INFORMACIÓN] Se ha insertado el partido: 10-Brighton & Hove Albion 0 - 2 Liverpool FC (2024-10-20) 
[12/09/25 17:58:25] [INFORMACIÓN] Se ha insertado el partido: 10-West Ham United 0 - 3 Manchester City (2024-10-20) 
[12/09/25 17:58:25] [INFORMACIÓN] Se ha insertado el partido: 10-Sunderland AFC 0 - 2 Manchester United (2024-10-20) 
[12/09/25 17:58:25] [INFORMACIÓN] Se ha insertado el partido: 10-Everton FC 1 - 0 Burnley FC (2024-10-20) 
[12/09/25 17:58:25] [INFORMACIÓN] Se ha insertado el partido: 10-Wolverhampton Wanderers 1 - 0 Nottingham Forest (2024-10-20) 
[12/09/25 17:58:25] [INFORMACIÓN] Se ha insertado el partido: 10-Fulham FC 1 - 0 AFC Bournemouth (2024-10-20) 
[12/09/25 17:58:25] [INFORMACIÓN] Se ha insertado el partido: 10-Brentford FC 1 - 1 Crystal Palace (2024-10-20) 
[12/09/25 17:58:25] [INFORMACIÓN] Se ha insertado el partido: 11-Brentford FC 1 - 1 Leeds United FC (2024-10-27) 
[12/09/25 17:58:25] [INFORMACIÓN] Se ha insertado el partido: 11-Crystal Palace 1 - 0 Fulham FC (2024-10-27) 
[12/09/25 17:58:25] [INFORMACIÓN] Se ha insertado el partido: 11-AFC Bournemouth 1 - 0 Wolverhampton Wanderers (2024-10-27) 
[12/09/25 17:58:25] [INFORMACIÓN] Se ha insertado el partido: 11-Nottingham Forest 1 - 1 Everton FC (2024-10-27) 
[12/09/25 17:58:25] [INFORMACIÓN] Se ha insertado el partido: 11-Burnley FC 1 - 0 Sunderland AFC (2024-10-27) 
[12/09/25 17:58:25] [INFORMACIÓN] Se ha insertado el partido: 11-Manchester United 2 - 0 West Ham United (2024-10-27) 
[12/09/25 17:58:25] [INFORMACIÓN] Se ha insertado el partido: 11-Manchester City 3 - 0 Brighton & Hove Albion (2024-10-27) 
[12/09/25 17:58:25] [INFORMACIÓN] Se ha insertado el partido: 11-Liverpool FC 2 - 1 Aston Villa (2024-10-27) 
[12/09/25 17:58:25] [INFORMACIÓN] Se ha insertado el partido: 11-Chelsea FC 2 - 0 Newcastle United (2024-10-27) 
[12/09/25 17:58:25] [INFORMACIÓN] Se ha insertado el partido: 11-Arsenal FC 2 - 1 Tottenham Hotspur (2024-10-27) 
[12/09/25 17:58:25] [INFORMACIÓN] Se ha insertado el partido: 12-Leeds United FC 0 - 2 Arsenal FC (2024-11-03) 
[12/09/25 17:58:25] [INFORMACIÓN] Se ha insertado el partido: 12-Tottenham Hotspur 1 - 1 Chelsea FC (2024-11-03) 
[12/09/25 17:58:25] [INFORMACIÓN] Se ha insertado el partido: 12-Newcastle United 0 - 2 Liverpool FC (2024-11-03) 
[12/09/25 17:58:25] [INFORMACIÓN] Se ha insertado el partido: 12-Aston Villa 0 - 3 Manchester City (2024-11-03) 
[12/09/25 17:58:25] [INFORMACIÓN] Se ha insertado el partido: 12-Brighton & Hove Albion 0 - 2 Manchester United (2024-11-03) 
[12/09/25 17:58:25] [INFORMACIÓN] Se ha insertado el partido: 12-West Ham United 1 - 0 Burnley FC (2024-11-03) 
[12/09/25 17:58:25] [INFORMACIÓN] Se ha insertado el partido: 12-Sunderland AFC 0 - 1 Nottingham Forest (2024-11-03) 
[12/09/25 17:58:25] [INFORMACIÓN] Se ha insertado el partido: 12-Everton FC 1 - 0 AFC Bournemouth (2024-11-03) 
[12/09/25 17:58:25] [INFORMACIÓN] Se ha insertado el partido: 12-Wolverhampton Wanderers 1 - 1 Crystal Palace (2024-11-03) 
[12/09/25 17:58:25] [INFORMACIÓN] Se ha insertado el partido: 12-Fulham FC 1 - 1 Brentford FC (2024-11-03) 
[12/09/25 17:58:25] [INFORMACIÓN] Se ha insertado el partido: 13-Fulham FC 1 - 1 Leeds United FC (2024-11-10) 
[12/09/25 17:58:25] [INFORMACIÓN] Se ha insertado el partido: 13-Brentford FC 1 - 0 Wolverhampton Wanderers (2024-11-10) 
[12/09/25 17:58:25] [INFORMACIÓN] Se ha insertado el partido: 13-Crystal Palace 1 - 1 Everton FC (2024-11-10) 
[12/09/25 17:58:25] [INFORMACIÓN] Se ha insertado el partido: 13-AFC Bournemouth 1 - 0 Sunderland AFC (2024-11-10) 
[12/09/25 17:58:25] [INFORMACIÓN] Se ha insertado el partido: 13-Nottingham Forest 0 - 1 West Ham United (2024-11-10) 
[12/09/25 17:58:25] [INFORMACIÓN] Se ha insertado el partido: 13-Burnley FC 0 - 1 Brighton & Hove Albion (2024-11-10) 
[12/09/25 17:58:25] [INFORMACIÓN] Se ha insertado el partido: 13-Manchester United 2 - 1 Aston Villa (2024-11-10) 
[12/09/25 17:58:25] [INFORMACIÓN] Se ha insertado el partido: 13-Manchester City 3 - 0 Newcastle United (2024-11-10) 
[12/09/25 17:58:25] [INFORMACIÓN] Se ha insertado el partido: 13-Liverpool FC 2 - 1 Tottenham Hotspur (2024-11-10) 
[12/09/25 17:58:25] [INFORMACIÓN] Se ha insertado el partido: 13-Chelsea FC 1 - 1 Arsenal FC (2024-11-10) 
[12/09/25 17:58:25] [INFORMACIÓN] Se ha insertado el partido: 14-Leeds United FC 0 - 2 Chelsea FC (2024-11-17) 
[12/09/25 17:58:25] [INFORMACIÓN] Se ha insertado el partido: 14-Arsenal FC 1 - 2 Liverpool FC (2024-11-17) 
[12/09/25 17:58:25] [INFORMACIÓN] Se ha insertado el partido: 14-Tottenham Hotspur 1 - 3 Manchester City (2024-11-17) 
[12/09/25 17:58:25] [INFORMACIÓN] Se ha insertado el partido: 14-Newcastle United 1 - 2 Manchester United (2024-11-17) 
[12/09/25 17:58:25] [INFORMACIÓN] Se ha insertado el partido: 14-Aston Villa 2 - 0 Burnley FC (2024-11-17) 
[12/09/25 17:58:25] [INFORMACIÓN] Se ha insertado el partido: 14-Brighton & Hove Albion 2 - 0 Nottingham Forest (2024-11-17) 
[12/09/25 17:58:25] [INFORMACIÓN] Se ha insertado el partido: 14-West Ham United 1 - 0 AFC Bournemouth (2024-11-17) 
[12/09/25 17:58:25] [INFORMACIÓN] Se ha insertado el partido: 14-Sunderland AFC 0 - 1 Crystal Palace (2024-11-17) 
[12/09/25 17:58:25] [INFORMACIÓN] Se ha insertado el partido: 14-Everton FC 1 - 1 Brentford FC (2024-11-17) 
[12/09/25 17:58:25] [INFORMACIÓN] Se ha insertado el partido: 14-Wolverhampton Wanderers 1 - 1 Fulham FC (2024-11-17) 
[12/09/25 17:58:25] [INFORMACIÓN] Se ha insertado el partido: 15-Wolverhampton Wanderers 1 - 1 Leeds United FC (2024-11-24) 
[12/09/25 17:58:25] [INFORMACIÓN] Se ha insertado el partido: 15-Fulham FC 1 - 1 Everton FC (2024-11-24) 
[12/09/25 17:58:25] [INFORMACIÓN] Se ha insertado el partido: 15-Brentford FC 1 - 0 Sunderland AFC (2024-11-24) 
[12/09/25 17:58:25] [INFORMACIÓN] Se ha insertado el partido: 15-Crystal Palace 1 - 1 West Ham United (2024-11-24) 
[12/09/25 17:58:25] [INFORMACIÓN] Se ha insertado el partido: 15-AFC Bournemouth 0 - 1 Brighton & Hove Albion (2024-11-24) 
[12/09/25 17:58:25] [INFORMACIÓN] Se ha insertado el partido: 15-Nottingham Forest 0 - 2 Aston Villa (2024-11-24) 
[12/09/25 17:58:25] [INFORMACIÓN] Se ha insertado el partido: 15-Burnley FC 0 - 2 Newcastle United (2024-11-24) 
[12/09/25 17:58:25] [INFORMACIÓN] Se ha insertado el partido: 15-Manchester United 2 - 1 Tottenham Hotspur (2024-11-24) 
[12/09/25 17:58:25] [INFORMACIÓN] Se ha insertado el partido: 15-Manchester City 3 - 1 Arsenal FC (2024-11-24) 
[12/09/25 17:58:25] [INFORMACIÓN] Se ha insertado el partido: 15-Liverpool FC 2 - 1 Chelsea FC (2024-11-24) 
[12/09/25 17:58:25] [INFORMACIÓN] Se ha insertado el partido: 16-Leeds United FC 0 - 3 Liverpool FC (2024-12-01) 
[12/09/25 17:58:25] [INFORMACIÓN] Se ha insertado el partido: 16-Chelsea FC 0 - 2 Manchester City (2024-12-01) 
[12/09/25 17:58:25] [INFORMACIÓN] Se ha insertado el partido: 16-Arsenal FC 1 - 1 Manchester United (2024-12-01) 
[12/09/25 17:58:25] [INFORMACIÓN] Se ha insertado el partido: 16-Tottenham Hotspur 2 - 0 Burnley FC (2024-12-01) 
[12/09/25 17:58:25] [INFORMACIÓN] Se ha insertado el partido: 16-Newcastle United 2 - 0 Nottingham Forest (2024-12-01) 
[12/09/25 17:58:25] [INFORMACIÓN] Se ha insertado el partido: 16-Aston Villa 2 - 0 AFC Bournemouth (2024-12-01) 
[12/09/25 17:58:25] [INFORMACIÓN] Se ha insertado el partido: 16-Brighton & Hove Albion 1 - 0 Crystal Palace (2024-12-01) 
[12/09/25 17:58:25] [INFORMACIÓN] Se ha insertado el partido: 16-West Ham United 1 - 0 Brentford FC (2024-12-01) 
[12/09/25 17:58:25] [INFORMACIÓN] Se ha insertado el partido: 16-Sunderland AFC 0 - 1 Fulham FC (2024-12-01) 
[12/09/25 17:58:25] [INFORMACIÓN] Se ha insertado el partido: 16-Everton FC 1 - 0 Wolverhampton Wanderers (2024-12-01) 
[12/09/25 17:58:25] [INFORMACIÓN] Se ha insertado el partido: 17-Everton FC 1 - 0 Leeds United FC (2024-12-08) 
[12/09/25 17:58:25] [INFORMACIÓN] Se ha insertado el partido: 17-Wolverhampton Wanderers 1 - 0 Sunderland AFC (2024-12-08) 
[12/09/25 17:58:25] [INFORMACIÓN] Se ha insertado el partido: 17-Fulham FC 0 - 1 West Ham United (2024-12-08) 
[12/09/25 17:58:25] [INFORMACIÓN] Se ha insertado el partido: 17-Brentford FC 1 - 2 Brighton & Hove Albion (2024-12-08) 
[12/09/25 17:58:25] [INFORMACIÓN] Se ha insertado el partido: 17-Crystal Palace 0 - 2 Aston Villa (2024-12-08) 
[12/09/25 17:58:25] [INFORMACIÓN] Se ha insertado el partido: 17-AFC Bournemouth 0 - 2 Newcastle United (2024-12-08) 
[12/09/25 17:58:25] [INFORMACIÓN] Se ha insertado el partido: 17-Nottingham Forest 0 - 2 Tottenham Hotspur (2024-12-08) 
[12/09/25 17:58:25] [INFORMACIÓN] Se ha insertado el partido: 17-Burnley FC 0 - 2 Arsenal FC (2024-12-08) 
[12/09/25 17:58:25] [INFORMACIÓN] Se ha insertado el partido: 17-Manchester United 2 - 1 Chelsea FC (2024-12-08) 
[12/09/25 17:58:25] [INFORMACIÓN] Se ha insertado el partido: 17-Manchester City 2 - 2 Liverpool FC (2024-12-08) 
[12/09/25 17:58:25] [INFORMACIÓN] Se ha insertado el partido: 18-Leeds United FC 0 - 4 Manchester City (2024-12-15) 
[12/09/25 17:58:25] [INFORMACIÓN] Se ha insertado el partido: 18-Liverpool FC 2 - 2 Manchester United (2024-12-15) 
[12/09/25 17:58:25] [INFORMACIÓN] Se ha insertado el partido: 18-Chelsea FC 2 - 0 Burnley FC (2024-12-15) 
[12/09/25 17:58:25] [INFORMACIÓN] Se ha insertado el partido: 18-Arsenal FC 3 - 0 Nottingham Forest (2024-12-15) 
[12/09/25 17:58:25] [INFORMACIÓN] Se ha insertado el partido: 18-Tottenham Hotspur 2 - 0 AFC Bournemouth (2024-12-15) 
[12/09/25 17:58:25] [INFORMACIÓN] Se ha insertado el partido: 18-Newcastle United 2 - 0 Crystal Palace (2024-12-15) 
[12/09/25 17:58:25] [INFORMACIÓN] Se ha insertado el partido: 18-Aston Villa 2 - 0 Brentford FC (2024-12-15) 
[12/09/25 17:58:25] [INFORMACIÓN] Se ha insertado el partido: 18-Brighton & Hove Albion 1 - 0 Fulham FC (2024-12-15) 
[12/09/25 17:58:25] [INFORMACIÓN] Se ha insertado el partido: 18-West Ham United 1 - 0 Wolverhampton Wanderers (2024-12-15) 
[12/09/25 17:58:25] [INFORMACIÓN] Se ha insertado el partido: 18-Sunderland AFC 0 - 1 Everton FC (2024-12-15) 
[12/09/25 17:58:26] [INFORMACIÓN] Se ha insertado el partido: 19-Sunderland AFC 0 - 1 Leeds United FC (2024-12-22) 
[12/09/25 17:58:26] [INFORMACIÓN] Se ha insertado el partido: 19-Everton FC 1 - 1 West Ham United (2024-12-22) 
[12/09/25 17:58:26] [INFORMACIÓN] Se ha insertado el partido: 19-Wolverhampton Wanderers 0 - 1 Brighton & Hove Albion (2024-12-22) 
[12/09/25 17:58:26] [INFORMACIÓN] Se ha insertado el partido: 19-Fulham FC 0 - 2 Aston Villa (2024-12-22) 
[12/09/25 17:58:26] [INFORMACIÓN] Se ha insertado el partido: 19-Brentford FC 0 - 2 Newcastle United (2024-12-22) 
[12/09/25 17:58:26] [INFORMACIÓN] Se ha insertado el partido: 19-Crystal Palace 0 - 2 Tottenham Hotspur (2024-12-22) 
[12/09/25 17:58:26] [INFORMACIÓN] Se ha insertado el partido: 19-AFC Bournemouth 0 - 2 Arsenal FC (2024-12-22) 
[12/09/25 17:58:26] [INFORMACIÓN] Se ha insertado el partido: 19-Nottingham Forest 0 - 2 Chelsea FC (2024-12-22) 
[12/09/25 17:58:26] [INFORMACIÓN] Se ha insertado el partido: 19-Burnley FC 0 - 3 Liverpool FC (2024-12-22) 
[12/09/25 17:58:26] [INFORMACIÓN] Se ha insertado el partido: 19-Manchester United 1 - 2 Manchester City (2024-12-22) 
[12/09/25 17:58:26] [INFORMACIÓN] Se ha insertado el partido: 20-Leeds United FC 0 - 3 Manchester United (2024-12-29) 
[12/09/25 17:58:26] [INFORMACIÓN] Se ha insertado el partido: 20-Burnley FC 0 - 4 Manchester City (2024-12-29) 
[12/09/25 17:58:26] [INFORMACIÓN] Se ha insertado el partido: 20-Nottingham Forest 0 - 3 Liverpool FC (2024-12-29) 
[12/09/25 17:58:26] [INFORMACIÓN] Se ha insertado el partido: 20-AFC Bournemouth 0 - 2 Chelsea FC (2024-12-29) 
[12/09/25 17:58:26] [INFORMACIÓN] Se ha insertado el partido: 20-Crystal Palace 0 - 2 Arsenal FC (2024-12-29) 
[12/09/25 17:58:26] [INFORMACIÓN] Se ha insertado el partido: 20-Brentford FC 1 - 2 Tottenham Hotspur (2024-12-29) 
[12/09/25 17:58:26] [INFORMACIÓN] Se ha insertado el partido: 20-Fulham FC 0 - 2 Newcastle United (2024-12-29) 
[12/09/25 17:58:26] [INFORMACIÓN] Se ha insertado el partido: 20-Wolverhampton Wanderers 0 - 2 Aston Villa (2024-12-29) 
[12/09/25 17:58:26] [INFORMACIÓN] Se ha insertado el partido: 20-Everton FC 1 - 1 Brighton & Hove Albion (2024-12-29) 
[12/09/25 17:58:26] [INFORMACIÓN] Se ha insertado el partido: 20-Sunderland AFC 0 - 1 West Ham United (2024-12-29) 
[12/09/25 17:58:26] [INFORMACIÓN] Se ha insertado el partido: 21-West Ham United 1 - 1 Leeds United FC (2025-01-05) 
[12/09/25 17:58:26] [INFORMACIÓN] Se ha insertado el partido: 21-Brighton & Hove Albion 2 - 0 Sunderland AFC (2025-01-05) 
[12/09/25 17:58:26] [INFORMACIÓN] Se ha insertado el partido: 21-Aston Villa 2 - 1 Everton FC (2025-01-05) 
[12/09/25 17:58:26] [INFORMACIÓN] Se ha insertado el partido: 21-Newcastle United 2 - 0 Wolverhampton Wanderers (2025-01-05) 
[12/09/25 17:58:26] [INFORMACIÓN] Se ha insertado el partido: 21-Tottenham Hotspur 2 - 0 Fulham FC (2025-01-05) 
[12/09/25 17:58:26] [INFORMACIÓN] Se ha insertado el partido: 21-Arsenal FC 2 - 0 Brentford FC (2025-01-05) 
[12/09/25 17:58:26] [INFORMACIÓN] Se ha insertado el partido: 21-Chelsea FC 2 - 0 Crystal Palace (2025-01-05) 
[12/09/25 17:58:26] [INFORMACIÓN] Se ha insertado el partido: 21-Liverpool FC 3 - 0 AFC Bournemouth (2025-01-05) 
[12/09/25 17:58:26] [INFORMACIÓN] Se ha insertado el partido: 21-Manchester City 4 - 0 Nottingham Forest (2025-01-05) 
[12/09/25 17:58:26] [INFORMACIÓN] Se ha insertado el partido: 21-Manchester United 3 - 0 Burnley FC (2025-01-05) 
[12/09/25 17:58:26] [INFORMACIÓN] Se ha insertado el partido: 22-Leeds United FC 1 - 1 Burnley FC (2025-01-12) 
[12/09/25 17:58:26] [INFORMACIÓN] Se ha insertado el partido: 22-Nottingham Forest 0 - 3 Manchester United (2025-01-12) 
[12/09/25 17:58:26] [INFORMACIÓN] Se ha insertado el partido: 22-AFC Bournemouth 0 - 4 Manchester City (2025-01-12) 
[12/09/25 17:58:26] [INFORMACIÓN] Se ha insertado el partido: 22-Crystal Palace 0 - 3 Liverpool FC (2025-01-12) 
[12/09/25 17:58:26] [INFORMACIÓN] Se ha insertado el partido: 22-Brentford FC 0 - 2 Chelsea FC (2025-01-12) 
[12/09/25 17:58:26] [INFORMACIÓN] Se ha insertado el partido: 22-Fulham FC 0 - 2 Arsenal FC (2025-01-12) 
[12/09/25 17:58:26] [INFORMACIÓN] Se ha insertado el partido: 22-Wolverhampton Wanderers 0 - 2 Tottenham Hotspur (2025-01-12) 
[12/09/25 17:58:26] [INFORMACIÓN] Se ha insertado el partido: 22-Everton FC 0 - 2 Newcastle United (2025-01-12) 
[12/09/25 17:58:26] [INFORMACIÓN] Se ha insertado el partido: 22-Sunderland AFC 0 - 2 Aston Villa (2025-01-12) 
[12/09/25 17:58:26] [INFORMACIÓN] Se ha insertado el partido: 22-West Ham United 1 - 1 Brighton & Hove Albion (2025-01-12) 
[12/09/25 17:58:26] [INFORMACIÓN] Se ha insertado el partido: 23-Brighton & Hove Albion 2 - 0 Leeds United FC (2025-01-19) 
[12/09/25 17:58:26] [INFORMACIÓN] Se ha insertado el partido: 23-Aston Villa 2 - 1 West Ham United (2025-01-19) 
[12/09/25 17:58:26] [INFORMACIÓN] Se ha insertado el partido: 23-Newcastle United 2 - 0 Sunderland AFC (2025-01-19) 
[12/09/25 17:58:26] [INFORMACIÓN] Se ha insertado el partido: 23-Tottenham Hotspur 2 - 1 Everton FC (2025-01-19) 
[12/09/25 17:58:26] [INFORMACIÓN] Se ha insertado el partido: 23-Arsenal FC 3 - 0 Wolverhampton Wanderers (2025-01-19) 
[12/09/25 17:58:26] [INFORMACIÓN] Se ha insertado el partido: 23-Chelsea FC 2 - 0 Fulham FC (2025-01-19) 
[12/09/25 17:58:26] [INFORMACIÓN] Se ha insertado el partido: 23-Liverpool FC 3 - 1 Brentford FC (2025-01-19) 
[12/09/25 17:58:26] [INFORMACIÓN] Se ha insertado el partido: 23-Manchester City 3 - 0 Crystal Palace (2025-01-19) 
[12/09/25 17:58:26] [INFORMACIÓN] Se ha insertado el partido: 23-Manchester United 2 - 0 AFC Bournemouth (2025-01-19) 
[12/09/25 17:58:26] [INFORMACIÓN] Se ha insertado el partido: 23-Burnley FC 1 - 1 Nottingham Forest (2025-01-19) 
[12/09/25 17:58:26] [INFORMACIÓN] Se ha insertado el partido: 24-Leeds United FC 1 - 1 Nottingham Forest (2025-01-26) 
[12/09/25 17:58:26] [INFORMACIÓN] Se ha insertado el partido: 24-AFC Bournemouth 1 - 1 Burnley FC (2025-01-26) 
[12/09/25 17:58:26] [INFORMACIÓN] Se ha insertado el partido: 24-Crystal Palace 0 - 2 Manchester United (2025-01-26) 
[12/09/25 17:58:26] [INFORMACIÓN] Se ha insertado el partido: 24-Brentford FC 0 - 4 Manchester City (2025-01-26) 
[12/09/25 17:58:26] [INFORMACIÓN] Se ha insertado el partido: 24-Fulham FC 0 - 3 Liverpool FC (2025-01-26) 
[12/09/25 17:58:26] [INFORMACIÓN] Se ha insertado el partido: 24-Wolverhampton Wanderers 0 - 2 Chelsea FC (2025-01-26) 
[12/09/25 17:58:26] [INFORMACIÓN] Se ha insertado el partido: 24-Everton FC 0 - 2 Arsenal FC (2025-01-26) 
[12/09/25 17:58:26] [INFORMACIÓN] Se ha insertado el partido: 24-Sunderland AFC 0 - 3 Tottenham Hotspur (2025-01-26) 
[12/09/25 17:58:26] [INFORMACIÓN] Se ha insertado el partido: 24-West Ham United 1 - 2 Newcastle United (2025-01-26) 
[12/09/25 17:58:26] [INFORMACIÓN] Se ha insertado el partido: 24-Brighton & Hove Albion 1 - 2 Aston Villa (2025-01-26) 
[12/09/25 17:58:26] [INFORMACIÓN] Se ha insertado el partido: 25-Aston Villa 2 - 1 Leeds United FC (2025-02-02) 
[12/09/25 17:58:26] [INFORMACIÓN] Se ha insertado el partido: 25-Newcastle United 2 - 1 Brighton & Hove Albion (2025-02-02) 
[12/09/25 17:58:26] [INFORMACIÓN] Se ha insertado el partido: 25-Tottenham Hotspur 2 - 1 West Ham United (2025-02-02) 
[12/09/25 17:58:26] [INFORMACIÓN] Se ha insertado el partido: 25-Arsenal FC 3 - 0 Sunderland AFC (2025-02-02) 
[12/09/25 17:58:26] [INFORMACIÓN] Se ha insertado el partido: 25-Chelsea FC 2 - 0 Everton FC (2025-02-02) 
[12/09/25 17:58:26] [INFORMACIÓN] Se ha insertado el partido: 25-Liverpool FC 3 - 0 Wolverhampton Wanderers (2025-02-02) 
[12/09/25 17:58:26] [INFORMACIÓN] Se ha insertado el partido: 25-Manchester City 3 - 0 Fulham FC (2025-02-02) 
[12/09/25 17:58:26] [INFORMACIÓN] Se ha insertado el partido: 25-Manchester United 2 - 1 Brentford FC (2025-02-02) 
[12/09/25 17:58:26] [INFORMACIÓN] Se ha insertado el partido: 25-Burnley FC 0 - 1 Crystal Palace (2025-02-02) 
[12/09/25 17:58:26] [INFORMACIÓN] Se ha insertado el partido: 25-Nottingham Forest 1 - 0 AFC Bournemouth (2025-02-02) 
[12/09/25 17:58:26] [INFORMACIÓN] Se ha insertado el partido: 26-Leeds United FC 1 - 0 AFC Bournemouth (2025-02-09) 
[12/09/25 17:58:26] [INFORMACIÓN] Se ha insertado el partido: 26-Crystal Palace 1 - 0 Nottingham Forest (2025-02-09) 
[12/09/25 17:58:26] [INFORMACIÓN] Se ha insertado el partido: 26-Brentford FC 1 - 0 Burnley FC (2025-02-09) 
[12/09/25 17:58:26] [INFORMACIÓN] Se ha insertado el partido: 26-Fulham FC 0 - 2 Manchester United (2025-02-09) 
[12/09/25 17:58:26] [INFORMACIÓN] Se ha insertado el partido: 26-Wolverhampton Wanderers 0 - 4 Manchester City (2025-02-09) 
[12/09/25 17:58:26] [INFORMACIÓN] Se ha insertado el partido: 26-Everton FC 0 - 2 Liverpool FC (2025-02-09) 
[12/09/25 17:58:26] [INFORMACIÓN] Se ha insertado el partido: 26-Sunderland AFC 0 - 2 Chelsea FC (2025-02-09) 
[12/09/25 17:58:26] [INFORMACIÓN] Se ha insertado el partido: 26-West Ham United 0 - 2 Arsenal FC (2025-02-09) 
[12/09/25 17:58:26] [INFORMACIÓN] Se ha insertado el partido: 26-Brighton & Hove Albion 1 - 2 Tottenham Hotspur (2025-02-09) 
[12/09/25 17:58:26] [INFORMACIÓN] Se ha insertado el partido: 26-Aston Villa 1 - 1 Newcastle United (2025-02-09) 
[12/09/25 17:58:26] [INFORMACIÓN] Se ha insertado el partido: 27-Newcastle United 2 - 0 Leeds United FC (2025-02-16) 
[12/09/25 17:58:26] [INFORMACIÓN] Se ha insertado el partido: 27-Tottenham Hotspur 2 - 1 Aston Villa (2025-02-16) 
[12/09/25 17:58:26] [INFORMACIÓN] Se ha insertado el partido: 27-Arsenal FC 2 - 1 Brighton & Hove Albion (2025-02-16) 
[12/09/25 17:58:26] [INFORMACIÓN] Se ha insertado el partido: 27-Chelsea FC 2 - 0 West Ham United (2025-02-16) 
[12/09/25 17:58:26] [INFORMACIÓN] Se ha insertado el partido: 27-Liverpool FC 3 - 0 Sunderland AFC (2025-02-16) 
[12/09/25 17:58:26] [INFORMACIÓN] Se ha insertado el partido: 27-Manchester City 3 - 0 Everton FC (2025-02-16) 
[12/09/25 17:58:26] [INFORMACIÓN] Se ha insertado el partido: 27-Manchester United 2 - 0 Wolverhampton Wanderers (2025-02-16) 
[12/09/25 17:58:26] [INFORMACIÓN] Se ha insertado el partido: 27-Burnley FC 1 - 1 Fulham FC (2025-02-16) 
[12/09/25 17:58:26] [INFORMACIÓN] Se ha insertado el partido: 27-Nottingham Forest 1 - 1 Brentford FC (2025-02-16) 
[12/09/25 17:58:26] [INFORMACIÓN] Se ha insertado el partido: 27-AFC Bournemouth 0 - 1 Crystal Palace (2025-02-16) 
[12/09/25 17:58:26] [INFORMACIÓN] Se ha insertado el partido: 28-Leeds United FC 1 - 0 Crystal Palace (2025-02-23) 
[12/09/25 17:58:26] [INFORMACIÓN] Se ha insertado el partido: 28-Brentford FC 1 - 0 AFC Bournemouth (2025-02-23) 
[12/09/25 17:58:26] [INFORMACIÓN] Se ha insertado el partido: 28-Fulham FC 1 - 0 Nottingham Forest (2025-02-23) 
[12/09/25 17:58:26] [INFORMACIÓN] Se ha insertado el partido: 28-Wolverhampton Wanderers 1 - 1 Burnley FC (2025-02-23) 
[12/09/25 17:58:26] [INFORMACIÓN] Se ha insertado el partido: 28-Everton FC 0 - 2 Manchester United (2025-02-23) 
[12/09/25 17:58:26] [INFORMACIÓN] Se ha insertado el partido: 28-Sunderland AFC 0 - 4 Manchester City (2025-02-23) 
[12/09/25 17:58:26] [INFORMACIÓN] Se ha insertado el partido: 28-West Ham United 0 - 2 Liverpool FC (2025-02-23) 
[12/09/25 17:58:26] [INFORMACIÓN] Se ha insertado el partido: 28-Brighton & Hove Albion 0 - 2 Chelsea FC (2025-02-23) 
[12/09/25 17:58:26] [INFORMACIÓN] Se ha insertado el partido: 28-Aston Villa 1 - 2 Arsenal FC (2025-02-23) 
[12/09/25 17:58:26] [INFORMACIÓN] Se ha insertado el partido: 28-Newcastle United 1 - 2 Tottenham Hotspur (2025-02-23) 
[12/09/25 17:58:26] [INFORMACIÓN] Se ha insertado el partido: 29-Tottenham Hotspur 2 - 0 Leeds United FC (2025-03-02) 
[12/09/25 17:58:26] [INFORMACIÓN] Se ha insertado el partido: 29-Arsenal FC 2 - 1 Newcastle United (2025-03-02) 
[12/09/25 17:58:26] [INFORMACIÓN] Se ha insertado el partido: 29-Chelsea FC 2 - 1 Aston Villa (2025-03-02) 
[12/09/25 17:58:26] [INFORMACIÓN] Se ha insertado el partido: 29-Liverpool FC 2 - 0 Brighton & Hove Albion (2025-03-02) 
[12/09/25 17:58:26] [INFORMACIÓN] Se ha insertado el partido: 29-Manchester City 3 - 0 West Ham United (2025-03-02) 
[12/09/25 17:58:26] [INFORMACIÓN] Se ha insertado el partido: 29-Manchester United 3 - 0 Sunderland AFC (2025-03-02) 
[12/09/25 17:58:26] [INFORMACIÓN] Se ha insertado el partido: 29-Burnley FC 0 - 1 Everton FC (2025-03-02) 
[12/09/25 17:58:26] [INFORMACIÓN] Se ha insertado el partido: 29-Nottingham Forest 0 - 1 Wolverhampton Wanderers (2025-03-02) 
[12/09/25 17:58:26] [INFORMACIÓN] Se ha insertado el partido: 29-AFC Bournemouth 0 - 1 Fulham FC (2025-03-02) 
[12/09/25 17:58:26] [INFORMACIÓN] Se ha insertado el partido: 29-Crystal Palace 1 - 1 Brentford FC (2025-03-02) 
[12/09/25 17:58:26] [INFORMACIÓN] Se ha insertado el partido: 30-Leeds United FC 1 - 1 Brentford FC (2025-03-09) 
[12/09/25 17:58:26] [INFORMACIÓN] Se ha insertado el partido: 30-Fulham FC 1 - 1 Crystal Palace (2025-03-09) 
[12/09/25 17:58:26] [INFORMACIÓN] Se ha insertado el partido: 30-Wolverhampton Wanderers 1 - 0 AFC Bournemouth (2025-03-09) 
[12/09/25 17:58:26] [INFORMACIÓN] Se ha insertado el partido: 30-Everton FC 1 - 1 Nottingham Forest (2025-03-09) 
[12/09/25 17:58:26] [INFORMACIÓN] Se ha insertado el partido: 30-Sunderland AFC 0 - 1 Burnley FC (2025-03-09) 
[12/09/25 17:58:26] [INFORMACIÓN] Se ha insertado el partido: 30-West Ham United 0 - 2 Manchester United (2025-03-09) 
[12/09/25 17:58:26] [INFORMACIÓN] Se ha insertado el partido: 30-Brighton & Hove Albion 0 - 3 Manchester City (2025-03-09) 
[12/09/25 17:58:26] [INFORMACIÓN] Se ha insertado el partido: 30-Aston Villa 0 - 2 Liverpool FC (2025-03-09) 
[12/09/25 17:58:26] [INFORMACIÓN] Se ha insertado el partido: 30-Newcastle United 0 - 2 Chelsea FC (2025-03-09) 
[12/09/25 17:58:26] [INFORMACIÓN] Se ha insertado el partido: 30-Tottenham Hotspur 1 - 2 Arsenal FC (2025-03-09) 
[12/09/25 17:58:26] [INFORMACIÓN] Se ha insertado el partido: 31-Arsenal FC 2 - 0 Leeds United FC (2025-03-16) 
[12/09/25 17:58:26] [INFORMACIÓN] Se ha insertado el partido: 31-Chelsea FC 1 - 1 Tottenham Hotspur (2025-03-16) 
[12/09/25 17:58:26] [INFORMACIÓN] Se ha insertado el partido: 31-Liverpool FC 2 - 0 Newcastle United (2025-03-16) 
[12/09/25 17:58:26] [INFORMACIÓN] Se ha insertado el partido: 31-Manchester City 3 - 0 Aston Villa (2025-03-16) 
[12/09/25 17:58:26] [INFORMACIÓN] Se ha insertado el partido: 31-Manchester United 2 - 0 Brighton & Hove Albion (2025-03-16) 
[12/09/25 17:58:26] [INFORMACIÓN] Se ha insertado el partido: 31-Burnley FC 0 - 1 West Ham United (2025-03-16) 
[12/09/25 17:58:26] [INFORMACIÓN] Se ha insertado el partido: 31-Nottingham Forest 1 - 0 Sunderland AFC (2025-03-16) 
[12/09/25 17:58:26] [INFORMACIÓN] Se ha insertado el partido: 31-AFC Bournemouth 0 - 1 Everton FC (2025-03-16) 
[12/09/25 17:58:26] [INFORMACIÓN] Se ha insertado el partido: 31-Crystal Palace 1 - 1 Wolverhampton Wanderers (2025-03-16) 
[12/09/25 17:58:26] [INFORMACIÓN] Se ha insertado el partido: 31-Brentford FC 1 - 1 Fulham FC (2025-03-16) 
[12/09/25 17:58:26] [INFORMACIÓN] Se ha insertado el partido: 32-Leeds United FC 1 - 1 Fulham FC (2025-03-23) 
[12/09/25 17:58:26] [INFORMACIÓN] Se ha insertado el partido: 32-Wolverhampton Wanderers 1 - 1 Brentford FC (2025-03-23) 
[12/09/25 17:58:26] [INFORMACIÓN] Se ha insertado el partido: 32-Everton FC 1 - 1 Crystal Palace (2025-03-23) 
[12/09/25 17:58:26] [INFORMACIÓN] Se ha insertado el partido: 32-Sunderland AFC 0 - 1 AFC Bournemouth (2025-03-23) 
[12/09/25 17:58:26] [INFORMACIÓN] Se ha insertado el partido: 32-West Ham United 1 - 0 Nottingham Forest (2025-03-23) 
[12/09/25 17:58:26] [INFORMACIÓN] Se ha insertado el partido: 32-Brighton & Hove Albion 2 - 0 Burnley FC (2025-03-23) 
[12/09/25 17:58:26] [INFORMACIÓN] Se ha insertado el partido: 32-Aston Villa 1 - 2 Manchester United (2025-03-23) 
[12/09/25 17:58:26] [INFORMACIÓN] Se ha insertado el partido: 32-Newcastle United 0 - 3 Manchester City (2025-03-23) 
[12/09/25 17:58:26] [INFORMACIÓN] Se ha insertado el partido: 32-Tottenham Hotspur 1 - 2 Liverpool FC (2025-03-23) 
[12/09/25 17:58:26] [INFORMACIÓN] Se ha insertado el partido: 32-Arsenal FC 1 - 1 Chelsea FC (2025-03-23) 
[12/09/25 17:58:26] [INFORMACIÓN] Se ha insertado el partido: 33-Chelsea FC 2 - 0 Leeds United FC (2025-03-30) 
[12/09/25 17:58:26] [INFORMACIÓN] Se ha insertado el partido: 33-Liverpool FC 2 - 1 Arsenal FC (2025-03-30) 
[12/09/25 17:58:26] [INFORMACIÓN] Se ha insertado el partido: 33-Manchester City 3 - 1 Tottenham Hotspur (2025-03-30) 
[12/09/25 17:58:26] [INFORMACIÓN] Se ha insertado el partido: 33-Manchester United 2 - 1 Newcastle United (2025-03-30) 
[12/09/25 17:58:26] [INFORMACIÓN] Se ha insertado el partido: 33-Burnley FC 0 - 2 Aston Villa (2025-03-30) 
[12/09/25 17:58:26] [INFORMACIÓN] Se ha insertado el partido: 33-Nottingham Forest 0 - 1 Brighton & Hove Albion (2025-03-30) 
[12/09/25 17:58:26] [INFORMACIÓN] Se ha insertado el partido: 33-AFC Bournemouth 0 - 1 West Ham United (2025-03-30) 
[12/09/25 17:58:26] [INFORMACIÓN] Se ha insertado el partido: 33-Crystal Palace 1 - 0 Sunderland AFC (2025-03-30) 
[12/09/25 17:58:26] [INFORMACIÓN] Se ha insertado el partido: 33-Brentford FC 1 - 1 Everton FC (2025-03-30) 
[12/09/25 17:58:27] [INFORMACIÓN] Se ha insertado el partido: 33-Fulham FC 0 - 0 Wolverhampton Wanderers (2025-03-30) 
[12/09/25 17:58:27] [INFORMACIÓN] Se ha insertado el partido: 34-Leeds United FC 1 - 1 Wolverhampton Wanderers (2025-04-06) 
[12/09/25 17:58:27] [INFORMACIÓN] Se ha insertado el partido: 34-Everton FC 1 - 1 Fulham FC (2025-04-06) 
[12/09/25 17:58:27] [INFORMACIÓN] Se ha insertado el partido: 34-Sunderland AFC 0 - 1 Brentford FC (2025-04-06) 
[12/09/25 17:58:27] [INFORMACIÓN] Se ha insertado el partido: 34-West Ham United 1 - 1 Crystal Palace (2025-04-06) 
[12/09/25 17:58:27] [INFORMACIÓN] Se ha insertado el partido: 34-Brighton & Hove Albion 2 - 0 AFC Bournemouth (2025-04-06) 
[12/09/25 17:58:27] [INFORMACIÓN] Se ha insertado el partido: 34-Aston Villa 2 - 0 Nottingham Forest (2025-04-06) 
[12/09/25 17:58:27] [INFORMACIÓN] Se ha insertado el partido: 34-Newcastle United 2 - 0 Burnley FC (2025-04-06) 
[12/09/25 17:58:27] [INFORMACIÓN] Se ha insertado el partido: 34-Tottenham Hotspur 1 - 2 Manchester United (2025-04-06) 
[12/09/25 17:58:27] [INFORMACIÓN] Se ha insertado el partido: 34-Arsenal FC 1 - 3 Manchester City (2025-04-06) 
[12/09/25 17:58:27] [INFORMACIÓN] Se ha insertado el partido: 34-Chelsea FC 1 - 2 Liverpool FC (2025-04-06) 
[12/09/25 17:58:27] [INFORMACIÓN] Se ha insertado el partido: 35-Liverpool FC 3 - 0 Leeds United FC (2025-04-13) 
[12/09/25 17:58:27] [INFORMACIÓN] Se ha insertado el partido: 35-Manchester City 3 - 0 Chelsea FC (2025-04-13) 
[12/09/25 17:58:27] [INFORMACIÓN] Se ha insertado el partido: 35-Manchester United 2 - 1 Arsenal FC (2025-04-13) 
[12/09/25 17:58:27] [INFORMACIÓN] Se ha insertado el partido: 35-Burnley FC 0 - 2 Tottenham Hotspur (2025-04-13) 
[12/09/25 17:58:27] [INFORMACIÓN] Se ha insertado el partido: 35-Nottingham Forest 0 - 2 Newcastle United (2025-04-13) 
[12/09/25 17:58:27] [INFORMACIÓN] Se ha insertado el partido: 35-AFC Bournemouth 0 - 2 Aston Villa (2025-04-13) 
[12/09/25 17:58:27] [INFORMACIÓN] Se ha insertado el partido: 35-Crystal Palace 0 - 1 Brighton & Hove Albion (2025-04-13) 
[12/09/25 17:58:27] [INFORMACIÓN] Se ha insertado el partido: 35-Brentford FC 1 - 1 West Ham United (2025-04-13) 
[12/09/25 17:58:27] [INFORMACIÓN] Se ha insertado el partido: 35-Fulham FC 1 - 0 Sunderland AFC (2025-04-13) 
[12/09/25 17:58:27] [INFORMACIÓN] Se ha insertado el partido: 35-Wolverhampton Wanderers 0 - 1 Everton FC (2025-04-13) 
[12/09/25 17:58:27] [INFORMACIÓN] Se ha insertado el partido: 36-Leeds United FC 1 - 1 Everton FC (2025-04-20) 
[12/09/25 17:58:27] [INFORMACIÓN] Se ha insertado el partido: 36-Sunderland AFC 0 - 1 Wolverhampton Wanderers (2025-04-20) 
[12/09/25 17:58:27] [INFORMACIÓN] Se ha insertado el partido: 36-West Ham United 1 - 0 Fulham FC (2025-04-20) 
[12/09/25 17:58:27] [INFORMACIÓN] Se ha insertado el partido: 36-Brighton & Hove Albion 2 - 1 Brentford FC (2025-04-20) 
[12/09/25 17:58:27] [INFORMACIÓN] Se ha insertado el partido: 36-Aston Villa 2 - 0 Crystal Palace (2025-04-20) 
[12/09/25 17:58:27] [INFORMACIÓN] Se ha insertado el partido: 36-Newcastle United 2 - 0 AFC Bournemouth (2025-04-20) 
[12/09/25 17:58:27] [INFORMACIÓN] Se ha insertado el partido: 36-Tottenham Hotspur 2 - 0 Nottingham Forest (2025-04-20) 
[12/09/25 17:58:27] [INFORMACIÓN] Se ha insertado el partido: 36-Arsenal FC 3 - 0 Burnley FC (2025-04-20) 
[12/09/25 17:58:27] [INFORMACIÓN] Se ha insertado el partido: 36-Chelsea FC 1 - 2 Manchester United (2025-04-20) 
[12/09/25 17:58:27] [INFORMACIÓN] Se ha insertado el partido: 36-Liverpool FC 2 - 2 Manchester City (2025-04-20) 
[12/09/25 17:58:27] [INFORMACIÓN] Se ha insertado el partido: 37-Manchester City 4 - 0 Leeds United FC (2025-04-27) 
[12/09/25 17:58:27] [INFORMACIÓN] Se ha insertado el partido: 37-Manchester United 2 - 2 Liverpool FC (2025-04-27) 
[12/09/25 17:58:27] [INFORMACIÓN] Se ha insertado el partido: 37-Burnley FC 0 - 2 Chelsea FC (2025-04-27) 
[12/09/25 17:58:27] [INFORMACIÓN] Se ha insertado el partido: 37-Nottingham Forest 0 - 3 Arsenal FC (2025-04-27) 
[12/09/25 17:58:27] [INFORMACIÓN] Se ha insertado el partido: 37-AFC Bournemouth 0 - 2 Tottenham Hotspur (2025-04-27) 
[12/09/25 17:58:27] [INFORMACIÓN] Se ha insertado el partido: 37-Crystal Palace 0 - 2 Newcastle United (2025-04-27) 
[12/09/25 17:58:27] [INFORMACIÓN] Se ha insertado el partido: 37-Brentford FC 0 - 2 Aston Villa (2025-04-27) 
[12/09/25 17:58:27] [INFORMACIÓN] Se ha insertado el partido: 37-Fulham FC 0 - 1 Brighton & Hove Albion (2025-04-27) 
[12/09/25 17:58:27] [INFORMACIÓN] Se ha insertado el partido: 37-Wolverhampton Wanderers 0 - 1 West Ham United (2025-04-27) 
[12/09/25 17:58:27] [INFORMACIÓN] Se ha insertado el partido: 37-Everton FC 1 - 0 Sunderland AFC (2025-04-27) 
[12/09/25 17:58:27] [INFORMACIÓN] Se ha insertado el partido: 38-Leeds United FC 2 - 0 Sunderland AFC (2025-05-04) 
[12/09/25 17:58:27] [INFORMACIÓN] Se ha insertado el partido: 38-West Ham United 1 - 1 Everton FC (2025-05-04) 
[12/09/25 17:58:27] [INFORMACIÓN] Se ha insertado el partido: 38-Brighton & Hove Albion 2 - 0 Wolverhampton Wanderers (2025-05-04) 
[12/09/25 17:58:27] [INFORMACIÓN] Se ha insertado el partido: 38-Aston Villa 2 - 0 Fulham FC (2025-05-04) 
[12/09/25 17:58:27] [INFORMACIÓN] Se ha insertado el partido: 38-Newcastle United 2 - 0 Brentford FC (2025-05-04) 
[12/09/25 17:58:27] [INFORMACIÓN] Se ha insertado el partido: 38-Tottenham Hotspur 2 - 0 Crystal Palace (2025-05-04) 
[12/09/25 17:58:27] [INFORMACIÓN] Se ha insertado el partido: 38-Arsenal FC 2 - 0 AFC Bournemouth (2025-05-04) 
[12/09/25 17:58:27] [INFORMACIÓN] Se ha insertado el partido: 38-Chelsea FC 2 - 0 Nottingham Forest (2025-05-04) 
[12/09/25 17:58:27] [INFORMACIÓN] Se ha insertado el partido: 38-Liverpool FC 3 - 0 Burnley FC (2025-05-04) 
[12/09/25 17:58:27] [INFORMACIÓN] Se ha insertado el partido: 38-Manchester City 3 - 1 Manchester United (2025-05-04) 
[12/09/25 17:58:27] [INFORMACIÓN] Se ha insertado el partido: 1-Bayern Munich 4 - 0 Hamburgo SV (2024-08-18) 
[12/09/25 17:58:27] [INFORMACIÓN] Se ha insertado el partido: 1-Borussia Dortmund 3 - 0 1. FC Heidenheim (2024-08-18) 
[12/09/25 17:58:27] [INFORMACIÓN] Se ha insertado el partido: 1-RB Leipzig 2 - 0 FC St. Pauli (2024-08-18) 
[12/09/25 17:58:27] [INFORMACIÓN] Se ha insertado el partido: 1-Bayer Leverkusen 3 - 1 FC Koln (2024-08-18) 
[12/09/25 17:58:27] [INFORMACIÓN] Se ha insertado el partido: 1-Borussia Mönchengladbach 2 - 1 Werder Bremen (2024-08-18) 
[12/09/25 17:58:27] [INFORMACIÓN] Se ha insertado el partido: 1-Eintracht Frankfurt 2 - 1 FC Augsburg (2024-08-18) 
[12/09/25 17:58:27] [INFORMACIÓN] Se ha insertado el partido: 1-VfL Wolfsburg 1 - 1 FSV Mainz 05 (2024-08-18) 
[12/09/25 17:58:27] [INFORMACIÓN] Se ha insertado el partido: 1-Union Berlin 1 - 1 TSG Hoffenheim (2024-08-18) 
[12/09/25 17:58:27] [INFORMACIÓN] Se ha insertado el partido: 1-SC Freiburg 1 - 2 VfB Stuttgart (2024-08-18) 
[12/09/25 17:58:27] [INFORMACIÓN] Se ha insertado el partido: 2-Hamburgo SV 1 - 2 SC Freiburg (2024-08-25) 
[12/09/25 17:58:27] [INFORMACIÓN] Se ha insertado el partido: 2-VfB Stuttgart 2 - 0 Union Berlin (2024-08-25) 
[12/09/25 17:58:27] [INFORMACIÓN] Se ha insertado el partido: 2-TSG Hoffenheim 2 - 2 VfL Wolfsburg (2024-08-25) 
[12/09/25 17:58:27] [INFORMACIÓN] Se ha insertado el partido: 2-FSV Mainz 05 1 - 2 Eintracht Frankfurt (2024-08-25) 
[12/09/25 17:58:27] [INFORMACIÓN] Se ha insertado el partido: 2-FC Augsburg 1 - 1 Borussia Mönchengladbach (2024-08-25) 
[12/09/25 17:58:27] [INFORMACIÓN] Se ha insertado el partido: 2-Werder Bremen 0 - 3 Bayer Leverkusen (2024-08-25) 
[12/09/25 17:58:27] [INFORMACIÓN] Se ha insertado el partido: 2-FC Koln 0 - 2 RB Leipzig (2024-08-25) 
[12/09/25 17:58:27] [INFORMACIÓN] Se ha insertado el partido: 2-FC St. Pauli 1 - 3 Borussia Dortmund (2024-08-25) 
[12/09/25 17:58:27] [INFORMACIÓN] Se ha insertado el partido: 2-1. FC Heidenheim 0 - 4 Bayern Munich (2024-08-25) 
[12/09/25 17:58:27] [INFORMACIÓN] Se ha insertado el partido: 3-1. FC Heidenheim 1 - 1 Hamburgo SV (2024-09-01) 
[12/09/25 17:58:27] [INFORMACIÓN] Se ha insertado el partido: 3-Bayern Munich 4 - 0 FC St. Pauli (2024-09-01) 
[12/09/25 17:58:27] [INFORMACIÓN] Se ha insertado el partido: 3-Borussia Dortmund 3 - 1 FC Koln (2024-09-01) 
[12/09/25 17:58:27] [INFORMACIÓN] Se ha insertado el partido: 3-RB Leipzig 3 - 1 Werder Bremen (2024-09-01) 
[12/09/25 17:58:27] [INFORMACIÓN] Se ha insertado el partido: 3-Bayer Leverkusen 3 - 0 FC Augsburg (2024-09-01) 
[12/09/25 17:58:27] [INFORMACIÓN] Se ha insertado el partido: 3-Borussia Mönchengladbach 2 - 1 FSV Mainz 05 (2024-09-01) 
[12/09/25 17:58:27] [INFORMACIÓN] Se ha insertado el partido: 3-Eintracht Frankfurt 2 - 1 TSG Hoffenheim (2024-09-01) 
[12/09/25 17:58:27] [INFORMACIÓN] Se ha insertado el partido: 3-VfL Wolfsburg 1 - 2 VfB Stuttgart (2024-09-01) 
[12/09/25 17:58:27] [INFORMACIÓN] Se ha insertado el partido: 3-Union Berlin 1 - 1 SC Freiburg (2024-09-01) 
[12/09/25 17:58:27] [INFORMACIÓN] Se ha insertado el partido: 4-Hamburgo SV 1 - 1 Union Berlin (2024-09-08) 
[12/09/25 17:58:27] [INFORMACIÓN] Se ha insertado el partido: 4-SC Freiburg 1 - 1 VfL Wolfsburg (2024-09-08) 
[12/09/25 17:58:27] [INFORMACIÓN] Se ha insertado el partido: 4-VfB Stuttgart 2 - 1 Eintracht Frankfurt (2024-09-08) 
[12/09/25 17:58:27] [INFORMACIÓN] Se ha insertado el partido: 4-TSG Hoffenheim 2 - 1 Borussia Mönchengladbach (2024-09-08) 
[12/09/25 17:58:27] [INFORMACIÓN] Se ha insertado el partido: 4-FSV Mainz 05 0 - 3 Bayer Leverkusen (2024-09-08) 
[12/09/25 17:58:27] [INFORMACIÓN] Se ha insertado el partido: 4-FC Augsburg 0 - 2 RB Leipzig (2024-09-08) 
[12/09/25 17:58:27] [INFORMACIÓN] Se ha insertado el partido: 4-Werder Bremen 1 - 3 Borussia Dortmund (2024-09-08) 
[12/09/25 17:58:27] [INFORMACIÓN] Se ha insertado el partido: 4-FC Koln 0 - 4 Bayern Munich (2024-09-08) 
[12/09/25 17:58:27] [INFORMACIÓN] Se ha insertado el partido: 4-FC St. Pauli 1 - 1 1. FC Heidenheim (2024-09-08) 
[12/09/25 17:58:27] [INFORMACIÓN] Se ha insertado el partido: 5-FC St. Pauli 1 - 1 Hamburgo SV (2024-09-15) 
[12/09/25 17:58:27] [INFORMACIÓN] Se ha insertado el partido: 5-1. FC Heidenheim 1 - 1 FC Koln (2024-09-15) 
[12/09/25 17:58:27] [INFORMACIÓN] Se ha insertado el partido: 5-Bayern Munich 4 - 0 Werder Bremen (2024-09-15) 
[12/09/25 17:58:27] [INFORMACIÓN] Se ha insertado el partido: 5-Borussia Dortmund 3 - 1 FC Augsburg (2024-09-15) 
[12/09/25 17:58:27] [INFORMACIÓN] Se ha insertado el partido: 5-RB Leipzig 3 - 0 FSV Mainz 05 (2024-09-15) 
[12/09/25 17:58:27] [INFORMACIÓN] Se ha insertado el partido: 5-Bayer Leverkusen 3 - 1 TSG Hoffenheim (2024-09-15) 
[12/09/25 17:58:27] [INFORMACIÓN] Se ha insertado el partido: 5-Borussia Mönchengladbach 1 - 2 VfB Stuttgart (2024-09-15) 
[12/09/25 17:58:27] [INFORMACIÓN] Se ha insertado el partido: 5-Eintracht Frankfurt 1 - 1 SC Freiburg (2024-09-15) 
[12/09/25 17:58:27] [INFORMACIÓN] Se ha insertado el partido: 5-VfL Wolfsburg 1 - 1 Union Berlin (2024-09-15) 
[12/09/25 17:58:27] [INFORMACIÓN] Se ha insertado el partido: 6-Hamburgo SV 1 - 1 VfL Wolfsburg (2024-09-22) 
[12/09/25 17:58:27] [INFORMACIÓN] Se ha insertado el partido: 6-Union Berlin 1 - 1 Eintracht Frankfurt (2024-09-22) 
[12/09/25 17:58:27] [INFORMACIÓN] Se ha insertado el partido: 6-SC Freiburg 2 - 1 Borussia Mönchengladbach (2024-09-22) 
[12/09/25 17:58:27] [INFORMACIÓN] Se ha insertado el partido: 6-VfB Stuttgart 2 - 2 Bayer Leverkusen (2024-09-22) 
[12/09/25 17:58:27] [INFORMACIÓN] Se ha insertado el partido: 6-TSG Hoffenheim 1 - 2 RB Leipzig (2024-09-22) 
[12/09/25 17:58:27] [INFORMACIÓN] Se ha insertado el partido: 6-FSV Mainz 05 0 - 2 Borussia Dortmund (2024-09-22) 
[12/09/25 17:58:27] [INFORMACIÓN] Se ha insertado el partido: 6-FC Augsburg 0 - 4 Bayern Munich (2024-09-22) 
[12/09/25 17:58:27] [INFORMACIÓN] Se ha insertado el partido: 6-Werder Bremen 2 - 1 1. FC Heidenheim (2024-09-22) 
[12/09/25 17:58:27] [INFORMACIÓN] Se ha insertado el partido: 6-FC Koln 2 - 1 FC St. Pauli (2024-09-22) 
[12/09/25 17:58:27] [INFORMACIÓN] Se ha insertado el partido: 7-FC Koln 2 - 1 Hamburgo SV (2024-09-29) 
[12/09/25 17:58:27] [INFORMACIÓN] Se ha insertado el partido: 7-FC St. Pauli 1 - 1 Werder Bremen (2024-09-29) 
[12/09/25 17:58:27] [INFORMACIÓN] Se ha insertado el partido: 7-1. FC Heidenheim 1 - 1 FC Augsburg (2024-09-29) 
[12/09/25 17:58:27] [INFORMACIÓN] Se ha insertado el partido: 7-Bayern Munich 4 - 0 FSV Mainz 05 (2024-09-29) 
[12/09/25 17:58:27] [INFORMACIÓN] Se ha insertado el partido: 7-Borussia Dortmund 3 - 1 TSG Hoffenheim (2024-09-29) 
[12/09/25 17:58:27] [INFORMACIÓN] Se ha insertado el partido: 7-RB Leipzig 2 - 1 VfB Stuttgart (2024-09-29) 
[12/09/25 17:58:27] [INFORMACIÓN] Se ha insertado el partido: 7-Bayer Leverkusen 3 - 0 SC Freiburg (2024-09-29) 
[12/09/25 17:58:27] [INFORMACIÓN] Se ha insertado el partido: 7-Borussia Mönchengladbach 1 - 1 Union Berlin (2024-09-29) 
[12/09/25 17:58:27] [INFORMACIÓN] Se ha insertado el partido: 7-Eintracht Frankfurt 2 - 1 VfL Wolfsburg (2024-09-29) 
[12/09/25 17:58:27] [INFORMACIÓN] Se ha insertado el partido: 8-Hamburgo SV 1 - 2 Eintracht Frankfurt (2024-10-06) 
[12/09/25 17:58:27] [INFORMACIÓN] Se ha insertado el partido: 8-VfL Wolfsburg 1 - 1 Borussia Mönchengladbach (2024-10-06) 
[12/09/25 17:58:27] [INFORMACIÓN] Se ha insertado el partido: 8-Union Berlin 0 - 2 Bayer Leverkusen (2024-10-06) 
[12/09/25 17:58:27] [INFORMACIÓN] Se ha insertado el partido: 8-SC Freiburg 1 - 2 RB Leipzig (2024-10-06) 
[12/09/25 17:58:27] [INFORMACIÓN] Se ha insertado el partido: 8-VfB Stuttgart 2 - 2 Borussia Dortmund (2024-10-06) 
[12/09/25 17:58:27] [INFORMACIÓN] Se ha insertado el partido: 8-TSG Hoffenheim 0 - 3 Bayern Munich (2024-10-06) 
[12/09/25 17:58:28] [INFORMACIÓN] Se ha insertado el partido: 8-FSV Mainz 05 1 - 0 1. FC Heidenheim (2024-10-06) 
[12/09/25 17:58:28] [INFORMACIÓN] Se ha insertado el partido: 8-FC Augsburg 1 - 1 FC St. Pauli (2024-10-06) 
[12/09/25 17:58:28] [INFORMACIÓN] Se ha insertado el partido: 8-Werder Bremen 1 - 1 FC Koln (2024-10-06) 
[12/09/25 17:58:28] [INFORMACIÓN] Se ha insertado el partido: 9-Werder Bremen 2 - 1 Hamburgo SV (2024-10-13) 
[12/09/25 17:58:28] [INFORMACIÓN] Se ha insertado el partido: 9-FC Koln 2 - 1 FC Augsburg (2024-10-13) 
[12/09/25 17:58:28] [INFORMACIÓN] Se ha insertado el partido: 9-FC St. Pauli 1 - 1 FSV Mainz 05 (2024-10-13) 
[12/09/25 17:58:28] [INFORMACIÓN] Se ha insertado el partido: 9-1. FC Heidenheim 1 - 2 TSG Hoffenheim (2024-10-13) 
[12/09/25 17:58:28] [INFORMACIÓN] Se ha insertado el partido: 9-Bayern Munich 4 - 1 VfB Stuttgart (2024-10-13) 
[12/09/25 17:58:28] [INFORMACIÓN] Se ha insertado el partido: 9-Borussia Dortmund 3 - 1 SC Freiburg (2024-10-13) 
[12/09/25 17:58:28] [INFORMACIÓN] Se ha insertado el partido: 9-RB Leipzig 2 - 0 Union Berlin (2024-10-13) 
[12/09/25 17:58:28] [INFORMACIÓN] Se ha insertado el partido: 9-Bayer Leverkusen 3 - 0 VfL Wolfsburg (2024-10-13) 
[12/09/25 17:58:28] [INFORMACIÓN] Se ha insertado el partido: 9-Borussia Mönchengladbach 2 - 2 Eintracht Frankfurt (2024-10-13) 
[12/09/25 17:58:28] [INFORMACIÓN] Se ha insertado el partido: 10-Hamburgo SV 1 - 2 Borussia Mönchengladbach (2024-10-20) 
[12/09/25 17:58:28] [INFORMACIÓN] Se ha insertado el partido: 10-Eintracht Frankfurt 1 - 2 Bayer Leverkusen (2024-10-20) 
[12/09/25 17:58:28] [INFORMACIÓN] Se ha insertado el partido: 10-VfL Wolfsburg 0 - 2 RB Leipzig (2024-10-20) 
[12/09/25 17:58:28] [INFORMACIÓN] Se ha insertado el partido: 10-Union Berlin 1 - 2 Borussia Dortmund (2024-10-20) 
[12/09/25 17:58:28] [INFORMACIÓN] Se ha insertado el partido: 10-SC Freiburg 0 - 3 Bayern Munich (2024-10-20) 
[12/09/25 17:58:28] [INFORMACIÓN] Se ha insertado el partido: 10-VfB Stuttgart 2 - 0 1. FC Heidenheim (2024-10-20) 
[12/09/25 17:58:28] [INFORMACIÓN] Se ha insertado el partido: 10-TSG Hoffenheim 2 - 1 FC St. Pauli (2024-10-20) 
[12/09/25 17:58:28] [INFORMACIÓN] Se ha insertado el partido: 10-FSV Mainz 05 1 - 1 FC Koln (2024-10-20) 
[12/09/25 17:58:28] [INFORMACIÓN] Se ha insertado el partido: 10-FC Augsburg 1 - 1 Werder Bremen (2024-10-20) 
[12/09/25 17:58:28] [INFORMACIÓN] Se ha insertado el partido: 11-FC Augsburg 2 - 1 Hamburgo SV (2024-10-27) 
[12/09/25 17:58:28] [INFORMACIÓN] Se ha insertado el partido: 11-Werder Bremen 1 - 1 FSV Mainz 05 (2024-10-27) 
[12/09/25 17:58:28] [INFORMACIÓN] Se ha insertado el partido: 11-FC Koln 2 - 2 TSG Hoffenheim (2024-10-27) 
[12/09/25 17:58:28] [INFORMACIÓN] Se ha insertado el partido: 11-FC St. Pauli 0 - 2 VfB Stuttgart (2024-10-27) 
[12/09/25 17:58:28] [INFORMACIÓN] Se ha insertado el partido: 11-1. FC Heidenheim 0 - 1 SC Freiburg (2024-10-27) 
[12/09/25 17:58:28] [INFORMACIÓN] Se ha insertado el partido: 11-Bayern Munich 4 - 0 Union Berlin (2024-10-27) 
[12/09/25 17:58:28] [INFORMACIÓN] Se ha insertado el partido: 11-Borussia Dortmund 3 - 1 VfL Wolfsburg (2024-10-27) 
[12/09/25 17:58:28] [INFORMACIÓN] Se ha insertado el partido: 11-RB Leipzig 3 - 1 Eintracht Frankfurt (2024-10-27) 
[12/09/25 17:58:28] [INFORMACIÓN] Se ha insertado el partido: 11-Bayer Leverkusen 3 - 1 Borussia Mönchengladbach (2024-10-27) 
[12/09/25 17:58:28] [INFORMACIÓN] Se ha insertado el partido: 12-Hamburgo SV 0 - 3 Bayer Leverkusen (2024-11-03) 
[12/09/25 17:58:28] [INFORMACIÓN] Se ha insertado el partido: 12-Borussia Mönchengladbach 1 - 2 RB Leipzig (2024-11-03) 
[12/09/25 17:58:28] [INFORMACIÓN] Se ha insertado el partido: 12-Eintracht Frankfurt 1 - 2 Borussia Dortmund (2024-11-03) 
[12/09/25 17:58:28] [INFORMACIÓN] Se ha insertado el partido: 12-VfL Wolfsburg 0 - 3 Bayern Munich (2024-11-03) 
[12/09/25 17:58:28] [INFORMACIÓN] Se ha insertado el partido: 12-Union Berlin 1 - 0 1. FC Heidenheim (2024-11-03) 
[12/09/25 17:58:28] [INFORMACIÓN] Se ha insertado el partido: 12-SC Freiburg 2 - 0 FC St. Pauli (2024-11-03) 
[12/09/25 17:58:28] [INFORMACIÓN] Se ha insertado el partido: 12-VfB Stuttgart 2 - 1 FC Koln (2024-11-03) 
[12/09/25 17:58:28] [INFORMACIÓN] Se ha insertado el partido: 12-TSG Hoffenheim 2 - 1 Werder Bremen (2024-11-03) 
[12/09/25 17:58:28] [INFORMACIÓN] Se ha insertado el partido: 12-FSV Mainz 05 1 - 1 FC Augsburg (2024-11-03) 
[12/09/25 17:58:28] [INFORMACIÓN] Se ha insertado el partido: 13-FSV Mainz 05 1 - 1 Hamburgo SV (2024-11-10) 
[12/09/25 17:58:28] [INFORMACIÓN] Se ha insertado el partido: 13-FC Augsburg 1 - 2 TSG Hoffenheim (2024-11-10) 
[12/09/25 17:58:28] [INFORMACIÓN] Se ha insertado el partido: 13-Werder Bremen 1 - 2 VfB Stuttgart (2024-11-10) 
[12/09/25 17:58:28] [INFORMACIÓN] Se ha insertado el partido: 13-FC Koln 1 - 1 SC Freiburg (2024-11-10) 
[12/09/25 17:58:28] [INFORMACIÓN] Se ha insertado el partido: 13-FC St. Pauli 1 - 1 Union Berlin (2024-11-10) 
[12/09/25 17:58:28] [INFORMACIÓN] Se ha insertado el partido: 13-1. FC Heidenheim 0 - 1 VfL Wolfsburg (2024-11-10) 
[12/09/25 17:58:28] [INFORMACIÓN] Se ha insertado el partido: 13-Bayern Munich 4 - 1 Eintracht Frankfurt (2024-11-10) 
[12/09/25 17:58:28] [INFORMACIÓN] Se ha insertado el partido: 13-Borussia Dortmund 3 - 1 Borussia Mönchengladbach (2024-11-10) 
[12/09/25 17:58:28] [INFORMACIÓN] Se ha insertado el partido: 13-RB Leipzig 2 - 2 Bayer Leverkusen (2024-11-10) 
[12/09/25 17:58:28] [INFORMACIÓN] Se ha insertado el partido: 14-Hamburgo SV 0 - 3 RB Leipzig (2024-11-17) 
[12/09/25 17:58:28] [INFORMACIÓN] Se ha insertado el partido: 14-Bayer Leverkusen 2 - 2 Borussia Dortmund (2024-11-17) 
[12/09/25 17:58:28] [INFORMACIÓN] Se ha insertado el partido: 14-Borussia Mönchengladbach 1 - 3 Bayern Munich (2024-11-17) 
[12/09/25 17:58:28] [INFORMACIÓN] Se ha insertado el partido: 14-Eintracht Frankfurt 2 - 0 1. FC Heidenheim (2024-11-17) 
[12/09/25 17:58:28] [INFORMACIÓN] Se ha insertado el partido: 14-VfL Wolfsburg 1 - 0 FC St. Pauli (2024-11-17) 
[12/09/25 17:58:28] [INFORMACIÓN] Se ha insertado el partido: 14-Union Berlin 1 - 1 FC Koln (2024-11-17) 
[12/09/25 17:58:28] [INFORMACIÓN] Se ha insertado el partido: 14-SC Freiburg 2 - 1 Werder Bremen (2024-11-17) 
[12/09/25 17:58:28] [INFORMACIÓN] Se ha insertado el partido: 14-VfB Stuttgart 2 - 0 FC Augsburg (2024-11-17) 
[12/09/25 17:58:28] [INFORMACIÓN] Se ha insertado el partido: 14-TSG Hoffenheim 2 - 1 FSV Mainz 05 (2024-11-17) 
[12/09/25 17:58:28] [INFORMACIÓN] Se ha insertado el partido: 15-TSG Hoffenheim 2 - 1 Hamburgo SV (2024-11-24) 
[12/09/25 17:58:28] [INFORMACIÓN] Se ha insertado el partido: 15-FSV Mainz 05 1 - 2 VfB Stuttgart (2024-11-24) 
[12/09/25 17:58:28] [INFORMACIÓN] Se ha insertado el partido: 15-FC Augsburg 1 - 1 SC Freiburg (2024-11-24) 
[12/09/25 17:58:28] [INFORMACIÓN] Se ha insertado el partido: 15-Werder Bremen 1 - 1 Union Berlin (2024-11-24) 
[12/09/25 17:58:28] [INFORMACIÓN] Se ha insertado el partido: 15-FC Koln 1 - 1 VfL Wolfsburg (2024-11-24) 
[12/09/25 17:58:28] [INFORMACIÓN] Se ha insertado el partido: 15-FC St. Pauli 0 - 2 Eintracht Frankfurt (2024-11-24) 
[12/09/25 17:58:28] [INFORMACIÓN] Se ha insertado el partido: 15-1. FC Heidenheim 0 - 1 Borussia Mönchengladbach (2024-11-24) 
[12/09/25 17:58:28] [INFORMACIÓN] Se ha insertado el partido: 15-Bayern Munich 3 - 1 Bayer Leverkusen (2024-11-24) 
[12/09/25 17:58:28] [INFORMACIÓN] Se ha insertado el partido: 15-Borussia Dortmund 2 - 2 RB Leipzig (2024-11-24) 
[12/09/25 17:58:28] [INFORMACIÓN] Se ha insertado el partido: 16-Hamburgo SV 1 - 3 Borussia Dortmund (2024-12-01) 
[12/09/25 17:58:28] [INFORMACIÓN] Se ha insertado el partido: 16-RB Leipzig 1 - 2 Bayern Munich (2024-12-01) 
[12/09/25 17:58:28] [INFORMACIÓN] Se ha insertado el partido: 16-Bayer Leverkusen 3 - 0 1. FC Heidenheim (2024-12-01) 
[12/09/25 17:58:28] [INFORMACIÓN] Se ha insertado el partido: 16-Borussia Mönchengladbach 2 - 0 FC St. Pauli (2024-12-01) 
[12/09/25 17:58:28] [INFORMACIÓN] Se ha insertado el partido: 16-Eintracht Frankfurt 2 - 1 FC Koln (2024-12-01) 
[12/09/25 17:58:28] [INFORMACIÓN] Se ha insertado el partido: 16-VfL Wolfsburg 1 - 1 Werder Bremen (2024-12-01) 
[12/09/25 17:58:28] [INFORMACIÓN] Se ha insertado el partido: 16-Union Berlin 1 - 0 FC Augsburg (2024-12-01) 
[12/09/25 17:58:28] [INFORMACIÓN] Se ha insertado el partido: 16-SC Freiburg 2 - 0 FSV Mainz 05 (2024-12-01) 
[12/09/25 17:58:28] [INFORMACIÓN] Se ha insertado el partido: 16-VfB Stuttgart 2 - 1 TSG Hoffenheim (2024-12-01) 
[12/09/25 17:58:28] [INFORMACIÓN] Se ha insertado el partido: 17-VfB Stuttgart 2 - 1 Hamburgo SV (2024-12-08) 
[12/09/25 17:58:28] [INFORMACIÓN] Se ha insertado el partido: 17-TSG Hoffenheim 1 - 2 SC Freiburg (2024-12-08) 
[12/09/25 17:58:28] [INFORMACIÓN] Se ha insertado el partido: 17-FSV Mainz 05 1 - 1 Union Berlin (2024-12-08) 
[12/09/25 17:58:28] [INFORMACIÓN] Se ha insertado el partido: 17-FC Augsburg 1 - 1 VfL Wolfsburg (2024-12-08) 
[12/09/25 17:58:28] [INFORMACIÓN] Se ha insertado el partido: 17-Werder Bremen 1 - 2 Eintracht Frankfurt (2024-12-08) 
[12/09/25 17:58:28] [INFORMACIÓN] Se ha insertado el partido: 17-FC Koln 1 - 1 Borussia Mönchengladbach (2024-12-08) 
[12/09/25 17:58:28] [INFORMACIÓN] Se ha insertado el partido: 17-FC St. Pauli 0 - 3 Bayer Leverkusen (2024-12-08) 
[12/09/25 17:58:28] [INFORMACIÓN] Se ha insertado el partido: 17-1. FC Heidenheim 0 - 2 RB Leipzig (2024-12-08) 
[12/09/25 17:58:28] [INFORMACIÓN] Se ha insertado el partido: 17-Bayern Munich 3 - 2 Borussia Dortmund (2024-12-08) 
[12/09/25 17:58:28] [INFORMACIÓN] Se ha insertado el partido: 18-Hamburgo SV 0 - 4 Bayern Munich (2024-12-15) 
[12/09/25 17:58:28] [INFORMACIÓN] Se ha insertado el partido: 18-1. FC Heidenheim 0 - 3 Borussia Dortmund (2024-12-15) 
[12/09/25 17:58:28] [INFORMACIÓN] Se ha insertado el partido: 18-FC St. Pauli 0 - 2 RB Leipzig (2024-12-15) 
[12/09/25 17:58:28] [INFORMACIÓN] Se ha insertado el partido: 18-FC Koln 1 - 3 Bayer Leverkusen (2024-12-15) 
[12/09/25 17:58:28] [INFORMACIÓN] Se ha insertado el partido: 18-Werder Bremen 1 - 1 Borussia Mönchengladbach (2024-12-15) 
[12/09/25 17:58:28] [INFORMACIÓN] Se ha insertado el partido: 18-FC Augsburg 1 - 2 Eintracht Frankfurt (2024-12-15) 
[12/09/25 17:58:28] [INFORMACIÓN] Se ha insertado el partido: 18-FSV Mainz 05 1 - 1 VfL Wolfsburg (2024-12-15) 
[12/09/25 17:58:28] [INFORMACIÓN] Se ha insertado el partido: 18-TSG Hoffenheim 1 - 1 Union Berlin (2024-12-15) 
[12/09/25 17:58:28] [INFORMACIÓN] Se ha insertado el partido: 18-VfB Stuttgart 2 - 1 SC Freiburg (2024-12-15) 
[12/09/25 17:58:28] [INFORMACIÓN] Se ha insertado el partido: 19-SC Freiburg 2 - 1 Hamburgo SV (2024-12-22) 
[12/09/25 17:58:28] [INFORMACIÓN] Se ha insertado el partido: 19-Union Berlin 0 - 2 VfB Stuttgart (2024-12-22) 
[12/09/25 17:58:28] [INFORMACIÓN] Se ha insertado el partido: 19-VfL Wolfsburg 1 - 1 TSG Hoffenheim (2024-12-22) 
[12/09/25 17:58:28] [INFORMACIÓN] Se ha insertado el partido: 19-Eintracht Frankfurt 2 - 1 FSV Mainz 05 (2024-12-22) 
[12/09/25 17:58:28] [INFORMACIÓN] Se ha insertado el partido: 19-Borussia Mönchengladbach 2 - 1 FC Augsburg (2024-12-22) 
[12/09/25 17:58:28] [INFORMACIÓN] Se ha insertado el partido: 19-Bayer Leverkusen 3 - 1 Werder Bremen (2024-12-22) 
[12/09/25 17:58:28] [INFORMACIÓN] Se ha insertado el partido: 19-RB Leipzig 3 - 0 FC Koln (2024-12-22) 
[12/09/25 17:58:28] [INFORMACIÓN] Se ha insertado el partido: 19-Borussia Dortmund 3 - 0 FC St. Pauli (2024-12-22) 
[12/09/25 17:58:28] [INFORMACIÓN] Se ha insertado el partido: 19-Bayern Munich 5 - 0 1. FC Heidenheim (2024-12-22) 
[12/09/25 17:58:28] [INFORMACIÓN] Se ha insertado el partido: 20-Hamburgo SV 1 - 1 1. FC Heidenheim (2024-12-29) 
[12/09/25 17:58:28] [INFORMACIÓN] Se ha insertado el partido: 20-FC St. Pauli 0 - 5 Bayern Munich (2024-12-29) 
[12/09/25 17:58:28] [INFORMACIÓN] Se ha insertado el partido: 20-FC Koln 1 - 3 Borussia Dortmund (2024-12-29) 
[12/09/25 17:58:28] [INFORMACIÓN] Se ha insertado el partido: 20-Werder Bremen 1 - 3 RB Leipzig (2024-12-29) 
[12/09/25 17:58:28] [INFORMACIÓN] Se ha insertado el partido: 20-FC Augsburg 0 - 3 Bayer Leverkusen (2024-12-29) 
[12/09/25 17:58:28] [INFORMACIÓN] Se ha insertado el partido: 20-FSV Mainz 05 1 - 2 Borussia Mönchengladbach (2024-12-29) 
[12/09/25 17:58:28] [INFORMACIÓN] Se ha insertado el partido: 20-TSG Hoffenheim 1 - 2 Eintracht Frankfurt (2024-12-29) 
[12/09/25 17:58:28] [INFORMACIÓN] Se ha insertado el partido: 20-VfB Stuttgart 2 - 1 VfL Wolfsburg (2024-12-29) 
[12/09/25 17:58:28] [INFORMACIÓN] Se ha insertado el partido: 20-SC Freiburg 1 - 1 Union Berlin (2024-12-29) 
[12/09/25 17:58:28] [INFORMACIÓN] Se ha insertado el partido: 21-Union Berlin 1 - 0 Hamburgo SV (2025-01-05) 
[12/09/25 17:58:28] [INFORMACIÓN] Se ha insertado el partido: 21-VfL Wolfsburg 1 - 1 SC Freiburg (2025-01-05) 
[12/09/25 17:58:28] [INFORMACIÓN] Se ha insertado el partido: 21-Eintracht Frankfurt 1 - 2 VfB Stuttgart (2025-01-05) 
[12/09/25 17:58:28] [INFORMACIÓN] Se ha insertado el partido: 21-Borussia Mönchengladbach 2 - 1 TSG Hoffenheim (2025-01-05) 
[12/09/25 17:58:28] [INFORMACIÓN] Se ha insertado el partido: 21-Bayer Leverkusen 4 - 0 FSV Mainz 05 (2025-01-05) 
[12/09/25 17:58:28] [INFORMACIÓN] Se ha insertado el partido: 21-RB Leipzig 3 - 0 FC Augsburg (2025-01-05) 
[12/09/25 17:58:28] [INFORMACIÓN] Se ha insertado el partido: 21-Borussia Dortmund 3 - 0 Werder Bremen (2025-01-05) 
[12/09/25 17:58:28] [INFORMACIÓN] Se ha insertado el partido: 21-Bayern Munich 4 - 0 FC Koln (2025-01-05) 
[12/09/25 17:58:28] [INFORMACIÓN] Se ha insertado el partido: 21-1. FC Heidenheim 1 - 1 FC St. Pauli (2025-01-05) 
[12/09/25 17:58:28] [INFORMACIÓN] Se ha insertado el partido: 22-Hamburgo SV 1 - 1 FC St. Pauli (2025-01-12) 
[12/09/25 17:58:28] [INFORMACIÓN] Se ha insertado el partido: 22-FC Koln 1 - 1 1. FC Heidenheim (2025-01-12) 
[12/09/25 17:58:28] [INFORMACIÓN] Se ha insertado el partido: 22-Werder Bremen 0 - 5 Bayern Munich (2025-01-12) 
[12/09/25 17:58:28] [INFORMACIÓN] Se ha insertado el partido: 22-FC Augsburg 1 - 2 Borussia Dortmund (2025-01-12) 
[12/09/25 17:58:28] [INFORMACIÓN] Se ha insertado el partido: 22-FSV Mainz 05 0 - 2 RB Leipzig (2025-01-12) 
[12/09/25 17:58:28] [INFORMACIÓN] Se ha insertado el partido: 22-TSG Hoffenheim 1 - 3 Bayer Leverkusen (2025-01-12) 
[12/09/25 17:58:28] [INFORMACIÓN] Se ha insertado el partido: 22-VfB Stuttgart 2 - 1 Borussia Mönchengladbach (2025-01-12) 
[12/09/25 17:58:28] [INFORMACIÓN] Se ha insertado el partido: 22-SC Freiburg 1 - 1 Eintracht Frankfurt (2025-01-12) 
[12/09/25 17:58:28] [INFORMACIÓN] Se ha insertado el partido: 22-Union Berlin 1 - 1 VfL Wolfsburg (2025-01-12) 
[12/09/25 17:58:28] [INFORMACIÓN] Se ha insertado el partido: 23-VfL Wolfsburg 1 - 0 Hamburgo SV (2025-01-19) 
[12/09/25 17:58:28] [INFORMACIÓN] Se ha insertado el partido: 23-Eintracht Frankfurt 2 - 1 Union Berlin (2025-01-19) 
[12/09/25 17:58:28] [INFORMACIÓN] Se ha insertado el partido: 23-Borussia Mönchengladbach 1 - 2 SC Freiburg (2025-01-19) 
[12/09/25 17:58:28] [INFORMACIÓN] Se ha insertado el partido: 23-Bayer Leverkusen 2 - 2 VfB Stuttgart (2025-01-19) 
[12/09/25 17:58:28] [INFORMACIÓN] Se ha insertado el partido: 23-RB Leipzig 3 - 0 TSG Hoffenheim (2025-01-19) 
[12/09/25 17:58:28] [INFORMACIÓN] Se ha insertado el partido: 23-Borussia Dortmund 3 - 0 FSV Mainz 05 (2025-01-19) 
[12/09/25 17:58:28] [INFORMACIÓN] Se ha insertado el partido: 23-Bayern Munich 4 - 0 FC Augsburg (2025-01-19) 
[12/09/25 17:58:28] [INFORMACIÓN] Se ha insertado el partido: 23-1. FC Heidenheim 1 - 1 Werder Bremen (2025-01-19) 
[12/09/25 17:58:28] [INFORMACIÓN] Se ha insertado el partido: 23-FC St. Pauli 1 - 1 FC Koln (2025-01-19) 
[12/09/25 17:58:28] [INFORMACIÓN] Se ha insertado el partido: 24-Hamburgo SV 1 - 2 FC Koln (2025-01-26) 
[12/09/25 17:58:28] [INFORMACIÓN] Se ha insertado el partido: 24-Werder Bremen 2 - 1 FC St. Pauli (2025-01-26) 
[12/09/25 17:58:28] [INFORMACIÓN] Se ha insertado el partido: 24-FC Augsburg 2 - 1 1. FC Heidenheim (2025-01-26) 
[12/09/25 17:58:28] [INFORMACIÓN] Se ha insertado el partido: 24-FSV Mainz 05 0 - 5 Bayern Munich (2025-01-26) 
[12/09/25 17:58:28] [INFORMACIÓN] Se ha insertado el partido: 24-TSG Hoffenheim 1 - 2 Borussia Dortmund (2025-01-26) 
[12/09/25 17:58:28] [INFORMACIÓN] Se ha insertado el partido: 24-VfB Stuttgart 1 - 2 RB Leipzig (2025-01-26) 
[12/09/25 17:58:28] [INFORMACIÓN] Se ha insertado el partido: 24-SC Freiburg 0 - 2 Bayer Leverkusen (2025-01-26) 
[12/09/25 17:58:28] [INFORMACIÓN] Se ha insertado el partido: 24-Union Berlin 1 - 0 Borussia Mönchengladbach (2025-01-26) 
[12/09/25 17:58:28] [INFORMACIÓN] Se ha insertado el partido: 24-VfL Wolfsburg 1 - 2 Eintracht Frankfurt (2025-01-26) 
[12/09/25 17:58:28] [INFORMACIÓN] Se ha insertado el partido: 25-Eintracht Frankfurt 2 - 1 Hamburgo SV (2025-02-02) 
[12/09/25 17:58:28] [INFORMACIÓN] Se ha insertado el partido: 25-Borussia Mönchengladbach 2 - 1 VfL Wolfsburg (2025-02-02) 
[12/09/25 17:58:28] [INFORMACIÓN] Se ha insertado el partido: 25-Bayer Leverkusen 3 - 0 Union Berlin (2025-02-02) 
[12/09/25 17:58:28] [INFORMACIÓN] Se ha insertado el partido: 25-RB Leipzig 2 - 0 SC Freiburg (2025-02-02) 
[12/09/25 17:58:28] [INFORMACIÓN] Se ha insertado el partido: 25-Borussia Dortmund 2 - 2 VfB Stuttgart (2025-02-02) 
[12/09/25 17:58:28] [INFORMACIÓN] Se ha insertado el partido: 25-Bayern Munich 4 - 0 TSG Hoffenheim (2025-02-02) 
[12/09/25 17:58:28] [INFORMACIÓN] Se ha insertado el partido: 25-1. FC Heidenheim 0 - 1 FSV Mainz 05 (2025-02-02) 
[12/09/25 17:58:28] [INFORMACIÓN] Se ha insertado el partido: 25-FC St. Pauli 1 - 1 FC Augsburg (2025-02-02) 
[12/09/25 17:58:28] [INFORMACIÓN] Se ha insertado el partido: 25-FC Koln 2 - 1 Werder Bremen (2025-02-02) 
[12/09/25 17:58:28] [INFORMACIÓN] Se ha insertado el partido: 26-Hamburgo SV 1 - 1 Werder Bremen (2025-02-09) 
[12/09/25 17:58:28] [INFORMACIÓN] Se ha insertado el partido: 26-FC Augsburg 1 - 1 FC Koln (2025-02-09) 
[12/09/25 17:58:28] [INFORMACIÓN] Se ha insertado el partido: 26-FSV Mainz 05 1 - 1 FC St. Pauli (2025-02-09) 
[12/09/25 17:58:28] [INFORMACIÓN] Se ha insertado el partido: 26-TSG Hoffenheim 2 - 1 1. FC Heidenheim (2025-02-09) 
[12/09/25 17:58:28] [INFORMACIÓN] Se ha insertado el partido: 26-VfB Stuttgart 1 - 3 Bayern Munich (2025-02-09) 
[12/09/25 17:58:28] [INFORMACIÓN] Se ha insertado el partido: 26-SC Freiburg 1 - 2 Borussia Dortmund (2025-02-09) 
[12/09/25 17:58:28] [INFORMACIÓN] Se ha insertado el partido: 26-Union Berlin 0 - 2 RB Leipzig (2025-02-09) 
[12/09/25 17:58:28] [INFORMACIÓN] Se ha insertado el partido: 26-VfL Wolfsburg 0 - 3 Bayer Leverkusen (2025-02-09) 
[12/09/25 17:58:28] [INFORMACIÓN] Se ha insertado el partido: 26-Eintracht Frankfurt 2 - 1 Borussia Mönchengladbach (2025-02-09) 
[12/09/25 17:58:29] [INFORMACIÓN] Se ha insertado el partido: 27-Borussia Mönchengladbach 2 - 1 Hamburgo SV (2025-02-16) 
[12/09/25 17:58:29] [INFORMACIÓN] Se ha insertado el partido: 27-Bayer Leverkusen 2 - 1 Eintracht Frankfurt (2025-02-16) 
[12/09/25 17:58:29] [INFORMACIÓN] Se ha insertado el partido: 27-RB Leipzig 3 - 0 VfL Wolfsburg (2025-02-16) 
[12/09/25 17:58:29] [INFORMACIÓN] Se ha insertado el partido: 27-Borussia Dortmund 3 - 0 Union Berlin (2025-02-16) 
[12/09/25 17:58:29] [INFORMACIÓN] Se ha insertado el partido: 27-Bayern Munich 4 - 0 SC Freiburg (2025-02-16) 
[12/09/25 17:58:29] [INFORMACIÓN] Se ha insertado el partido: 27-1. FC Heidenheim 0 - 2 VfB Stuttgart (2025-02-16) 
[12/09/25 17:58:29] [INFORMACIÓN] Se ha insertado el partido: 27-FC St. Pauli 1 - 2 TSG Hoffenheim (2025-02-16) 
[12/09/25 17:58:29] [INFORMACIÓN] Se ha insertado el partido: 27-FC Koln 1 - 1 FSV Mainz 05 (2025-02-16) 
[12/09/25 17:58:29] [INFORMACIÓN] Se ha insertado el partido: 27-Werder Bremen 1 - 1 FC Augsburg (2025-02-16) 
[12/09/25 17:58:29] [INFORMACIÓN] Se ha insertado el partido: 28-Hamburgo SV 1 - 1 FC Augsburg (2025-02-23) 
[12/09/25 17:58:29] [INFORMACIÓN] Se ha insertado el partido: 28-FSV Mainz 05 1 - 1 Werder Bremen (2025-02-23) 
[12/09/25 17:58:29] [INFORMACIÓN] Se ha insertado el partido: 28-TSG Hoffenheim 2 - 1 FC Koln (2025-02-23) 
[12/09/25 17:58:29] [INFORMACIÓN] Se ha insertado el partido: 28-VfB Stuttgart 2 - 0 FC St. Pauli (2025-02-23) 
[12/09/25 17:58:29] [INFORMACIÓN] Se ha insertado el partido: 28-SC Freiburg 2 - 0 1. FC Heidenheim (2025-02-23) 
[12/09/25 17:58:29] [INFORMACIÓN] Se ha insertado el partido: 28-Union Berlin 0 - 4 Bayern Munich (2025-02-23) 
[12/09/25 17:58:29] [INFORMACIÓN] Se ha insertado el partido: 28-VfL Wolfsburg 1 - 2 Borussia Dortmund (2025-02-23) 
[12/09/25 17:58:29] [INFORMACIÓN] Se ha insertado el partido: 28-Eintracht Frankfurt 1 - 2 RB Leipzig (2025-02-23) 
[12/09/25 17:58:29] [INFORMACIÓN] Se ha insertado el partido: 28-Borussia Mönchengladbach 1 - 3 Bayer Leverkusen (2025-02-23) 
[12/09/25 17:58:29] [INFORMACIÓN] Se ha insertado el partido: 29-Bayer Leverkusen 3 - 0 Hamburgo SV (2025-03-02) 
[12/09/25 17:58:29] [INFORMACIÓN] Se ha insertado el partido: 29-RB Leipzig 2 - 1 Borussia Mönchengladbach (2025-03-02) 
[12/09/25 17:58:29] [INFORMACIÓN] Se ha insertado el partido: 29-Borussia Dortmund 2 - 1 Eintracht Frankfurt (2025-03-02) 
[12/09/25 17:58:29] [INFORMACIÓN] Se ha insertado el partido: 29-Bayern Munich 4 - 0 VfL Wolfsburg (2025-03-02) 
[12/09/25 17:58:29] [INFORMACIÓN] Se ha insertado el partido: 29-1. FC Heidenheim 0 - 1 Union Berlin (2025-03-02) 
[12/09/25 17:58:29] [INFORMACIÓN] Se ha insertado el partido: 29-FC St. Pauli 0 - 2 SC Freiburg (2025-03-02) 
[12/09/25 17:58:29] [INFORMACIÓN] Se ha insertado el partido: 29-FC Koln 1 - 2 VfB Stuttgart (2025-03-02) 
[12/09/25 17:58:29] [INFORMACIÓN] Se ha insertado el partido: 29-Werder Bremen 1 - 2 TSG Hoffenheim (2025-03-02) 
[12/09/25 17:58:29] [INFORMACIÓN] Se ha insertado el partido: 29-FC Augsburg 1 - 1 FSV Mainz 05 (2025-03-02) 
[12/09/25 17:58:29] [INFORMACIÓN] Se ha insertado el partido: 30-Hamburgo SV 1 - 1 FSV Mainz 05 (2025-03-03) 
[12/09/25 17:58:29] [INFORMACIÓN] Se ha insertado el partido: 30-TSG Hoffenheim 2 - 1 FC Augsburg (2025-03-03) 
[12/09/25 17:58:29] [INFORMACIÓN] Se ha insertado el partido: 30-VfB Stuttgart 2 - 1 Werder Bremen (2025-03-03) 
[12/09/25 17:58:29] [INFORMACIÓN] Se ha insertado el partido: 30-SC Freiburg 2 - 1 FC Koln (2025-03-03) 
[12/09/25 17:58:29] [INFORMACIÓN] Se ha insertado el partido: 30-Union Berlin 1 - 0 FC St. Pauli (2025-03-03) 
[12/09/25 17:58:29] [INFORMACIÓN] Se ha insertado el partido: 30-VfL Wolfsburg 1 - 0 1. FC Heidenheim (2025-03-03) 
[12/09/25 17:58:29] [INFORMACIÓN] Se ha insertado el partido: 30-Eintracht Frankfurt 1 - 3 Bayern Munich (2025-03-03) 
[12/09/25 17:58:29] [INFORMACIÓN] Se ha insertado el partido: 30-Borussia Mönchengladbach 1 - 3 Borussia Dortmund (2025-03-03) 
[12/09/25 17:58:29] [INFORMACIÓN] Se ha insertado el partido: 30-Bayer Leverkusen 2 - 2 RB Leipzig (2025-03-03) 
[12/09/25 17:58:29] [INFORMACIÓN] Se ha insertado el partido: 31-RB Leipzig 3 - 0 Hamburgo SV (2025-03-16) 
[12/09/25 17:58:29] [INFORMACIÓN] Se ha insertado el partido: 31-Borussia Dortmund 2 - 2 Bayer Leverkusen (2025-03-16) 
[12/09/25 17:58:29] [INFORMACIÓN] Se ha insertado el partido: 31-Bayern Munich 3 - 1 Borussia Mönchengladbach (2025-03-16) 
[12/09/25 17:58:29] [INFORMACIÓN] Se ha insertado el partido: 31-1. FC Heidenheim 0 - 2 Eintracht Frankfurt (2025-03-16) 
[12/09/25 17:58:29] [INFORMACIÓN] Se ha insertado el partido: 31-FC St. Pauli 1 - 1 VfL Wolfsburg (2025-03-16) 
[12/09/25 17:58:29] [INFORMACIÓN] Se ha insertado el partido: 31-FC Koln 1 - 1 Union Berlin (2025-03-16) 
[12/09/25 17:58:29] [INFORMACIÓN] Se ha insertado el partido: 31-Werder Bremen 1 - 1 SC Freiburg (2025-03-16) 
[12/09/25 17:58:29] [INFORMACIÓN] Se ha insertado el partido: 31-FC Augsburg 1 - 2 VfB Stuttgart (2025-03-16) 
[12/09/25 17:58:29] [INFORMACIÓN] Se ha insertado el partido: 31-FSV Mainz 05 1 - 2 TSG Hoffenheim (2025-03-16) 
[12/09/25 17:58:29] [INFORMACIÓN] Se ha insertado el partido: 32-Hamburgo SV 1 - 2 TSG Hoffenheim (2025-03-23) 
[12/09/25 17:58:29] [INFORMACIÓN] Se ha insertado el partido: 32-VfB Stuttgart 2 - 0 FSV Mainz 05 (2025-03-23) 
[12/09/25 17:58:29] [INFORMACIÓN] Se ha insertado el partido: 32-SC Freiburg 2 - 1 FC Augsburg (2025-03-23) 
[12/09/25 17:58:29] [INFORMACIÓN] Se ha insertado el partido: 32-Union Berlin 1 - 1 Werder Bremen (2025-03-23) 
[12/09/25 17:58:29] [INFORMACIÓN] Se ha insertado el partido: 32-VfL Wolfsburg 1 - 1 FC Koln (2025-03-23) 
[12/09/25 17:58:29] [INFORMACIÓN] Se ha insertado el partido: 32-Eintracht Frankfurt 2 - 0 FC St. Pauli (2025-03-23) 
[12/09/25 17:58:29] [INFORMACIÓN] Se ha insertado el partido: 32-Borussia Mönchengladbach 2 - 0 1. FC Heidenheim (2025-03-23) 
[12/09/25 17:58:29] [INFORMACIÓN] Se ha insertado el partido: 32-Bayer Leverkusen 1 - 2 Bayern Munich (2025-03-23) 
[12/09/25 17:58:29] [INFORMACIÓN] Se ha insertado el partido: 32-RB Leipzig 2 - 2 Borussia Dortmund (2025-03-23) 
[12/09/25 17:58:29] [INFORMACIÓN] Se ha insertado el partido: 33-Borussia Dortmund 3 - 0 Hamburgo SV (2025-03-30) 
[12/09/25 17:58:29] [INFORMACIÓN] Se ha insertado el partido: 33-Bayern Munich 2 - 1 RB Leipzig (2025-03-30) 
[12/09/25 17:58:29] [INFORMACIÓN] Se ha insertado el partido: 33-1. FC Heidenheim 0 - 3 Bayer Leverkusen (2025-03-30) 
[12/09/25 17:58:29] [INFORMACIÓN] Se ha insertado el partido: 33-FC St. Pauli 0 - 2 Borussia Mönchengladbach (2025-03-30) 
[12/09/25 17:58:29] [INFORMACIÓN] Se ha insertado el partido: 33-FC Koln 1 - 2 Eintracht Frankfurt (2025-03-30) 
[12/09/25 17:58:29] [INFORMACIÓN] Se ha insertado el partido: 33-Werder Bremen 1 - 1 VfL Wolfsburg (2025-03-30) 
[12/09/25 17:58:29] [INFORMACIÓN] Se ha insertado el partido: 33-FC Augsburg 1 - 1 Union Berlin (2025-03-30) 
[12/09/25 17:58:29] [INFORMACIÓN] Se ha insertado el partido: 33-FSV Mainz 05 0 - 1 SC Freiburg (2025-03-30) 
[12/09/25 17:58:29] [INFORMACIÓN] Se ha insertado el partido: 33-TSG Hoffenheim 1 - 2 VfB Stuttgart (2025-03-30) 
[12/09/25 17:58:29] [INFORMACIÓN] Se ha insertado el partido: 34-Hamburgo SV 1 - 2 VfB Stuttgart (2025-04-06) 
[12/09/25 17:58:29] [INFORMACIÓN] Se ha insertado el partido: 34-SC Freiburg 2 - 1 TSG Hoffenheim (2025-04-06) 
[12/09/25 17:58:29] [INFORMACIÓN] Se ha insertado el partido: 34-Union Berlin 1 - 0 FSV Mainz 05 (2025-04-06) 
[12/09/25 17:58:29] [INFORMACIÓN] Se ha insertado el partido: 34-VfL Wolfsburg 1 - 1 FC Augsburg (2025-04-06) 
[12/09/25 17:58:29] [INFORMACIÓN] Se ha insertado el partido: 34-Eintracht Frankfurt 2 - 1 Werder Bremen (2025-04-06) 
[12/09/25 17:58:29] [INFORMACIÓN] Se ha insertado el partido: 34-Borussia Mönchengladbach 2 - 1 FC Koln (2025-04-06) 
[12/09/25 17:58:29] [INFORMACIÓN] Se ha insertado el partido: 34-Bayer Leverkusen 3 - 0 FC St. Pauli (2025-04-06) 
[12/09/25 17:58:29] [INFORMACIÓN] Se ha insertado el partido: 34-RB Leipzig 2 - 0 1. FC Heidenheim (2025-04-06) 
[12/09/25 17:58:29] [INFORMACIÓN] Se ha insertado el partido: 34-Borussia Dortmund 2 - 2 Bayern Munich (2025-04-06) 
[12/09/25 17:58:29] [INFORMACIÓN] 1066 partidos insertados en la BBDD 
[12/09/25 17:58:29] [INFORMACIÓN] Se han recuperado 3 comics 
[12/09/25 17:58:29] [INFORMACIÓN] Se han recuperado 58 equipos. 
[12/09/25 17:58:29] [INFORMACIÓN] Se han recuperado 1066 personajes. 
>>>>>>> master/master
